2026-07-15 23:16:24,018 | INFO | booking-producer | Southwest Kafka producer started
2026-07-15 23:16:24,021 | INFO | booking-producer | Booking event submitted | count=1 | event_id=a2e2fd4b-4541-4f9c-a204-9e19a008e4a2 | booking_id=24cc6645-0318-41ac-809a-c427b5718b98
2026-07-15 23:16:26,024 | INFO | booking-producer | Booking event submitted | count=2 | event_id=7b8c1dff-4693-4a11-9637-1af24c844dab | booking_id=c9214b4a-009a-4c23-a35a-6897ffa3df34
2026-07-15 23:16:28,025 | INFO | booking-producer | Booking event submitted | count=3 | event_id=d33cd21d-8ddc-4592-81c4-6fef95800583 | booking_id=74a812f8-2946-4cb7-9036-ebb3cb40cfb9
2026-07-15 23:16:30,030 | INFO | booking-producer | Booking event submitted | count=4 | event_id=eb8680f3-705a-43db-9ff0-d13825d89419 | booking_id=b7ab2558-e1c9-492f-b237-79b43ae24bb4
2026-07-15 23:16:32,031 | INFO | booking-producer | Booking event submitted | count=5 | event_id=d37c7638-cc27-47de-b317-7ff35ffdfa30 | booking_id=1ba73f32-69ce-419e-a1f3-07cc9c559ebd
2026-07-15 23:16:34,032 | INFO | booking-producer | Booking event submitted | count=6 | event_id=262df690-bd9e-47e0-8dbc-3474a49923a3 | booking_id=8e89815f-a13b-4942-ab15-501d58170c4b
2026-07-15 23:16:36,034 | INFO | booking-producer | Booking event submitted | count=7 | event_id=78a9a626-adeb-4233-b6ab-0c8ea8bcd04c | booking_id=bbc37d5d-8e42-4386-bfb8-e36c86cc5e3b
2026-07-15 23:16:38,036 | INFO | booking-producer | Booking event submitted | count=8 | event_id=c04f5cd6-d605-4a81-94f8-e6cf08173ad5 | booking_id=32e29975-d0f6-40c9-85f8-91ff8119caf1
2026-07-15 23:16:40,037 | INFO | booking-producer | Booking event submitted | count=9 | event_id=25deb8e1-a55f-4c07-9e4e-e3685ba281b3 | booking_id=9c5a6ed8-ff50-4ddf-b8a0-f97908013231
2026-07-15 23:16:42,041 | INFO | booking-producer | Booking event submitted | count=10 | event_id=2f3d2adc-d93b-4579-890c-72ef2d2adc31 | booking_id=905a1122-9f60-4f30-92b7-f67cbba87e28
2026-07-15 23:16:44,042 | INFO | booking-producer | Booking event submitted | count=11 | event_id=95e866fe-4ba1-4ae0-aa45-a2e4612e0170 | booking_id=9b9d1391-a514-4aac-881c-11fa8f1f76ff
2026-07-15 23:16:44,950 | INFO | booking-producer | Producer shutdown requested
2026-07-15 23:18:09,604 | INFO | booking-producer | Southwest Kafka producer started
2026-07-15 23:18:09,605 | INFO | booking-producer | Booking event submitted | count=1 | event_id=a6be4b04-e663-415f-bdde-0ba0cdcb5045 | booking_id=858a7e26-cd2e-4f8f-9a6f-9675a7ebba9b
2026-07-15 23:18:11,606 | INFO | kafka-producer | Kafka delivery successful | topic=southwest-booking-events | partition=0 | offset=1039
2026-07-15 23:18:11,606 | INFO | booking-producer | Booking event submitted | count=2 | event_id=689729e4-a356-4133-b9e7-2efb2f57db8e | booking_id=ace13728-a244-4a7c-a247-f9e80fb762b3
2026-07-15 23:18:13,608 | INFO | kafka-producer | Kafka delivery successful | topic=southwest-booking-events | partition=0 | offset=1040
2026-07-15 23:18:13,609 | INFO | booking-producer | Booking event submitted | count=3 | event_id=adea8321-9af2-472b-a268-a5a794a3c581 | booking_id=6f06dbc9-bf9e-417b-b2ae-eaddb34b184d
2026-07-15 23:18:15,611 | INFO | kafka-producer | Kafka delivery successful | topic=southwest-booking-events | partition=3 | offset=954
2026-07-15 23:18:15,611 | INFO | booking-producer | Booking event submitted | count=4 | event_id=a4a54a30-c9a2-4447-ab13-66873319f8f5 | booking_id=26d307fc-037c-45a3-bd8d-4f5bd1e62b31
2026-07-15 23:18:17,613 | INFO | kafka-producer | Kafka delivery successful | topic=southwest-booking-events | partition=0 | offset=1042
2026-07-15 23:18:17,614 | INFO | booking-producer | Booking event submitted | count=5 | event_id=5fbf93c7-68e4-435f-99c7-9b4b7a335e31 | booking_id=78dbae0c-091a-4117-8444-e885599b44e0
2026-07-15 23:18:19,615 | INFO | kafka-producer | Kafka delivery successful | topic=southwest-booking-events | partition=2 | offset=991
2026-07-15 23:18:19,615 | INFO | booking-producer | Booking event submitted | count=6 | event_id=f08bae4c-5607-42a1-bc55-c904025d3f57 | booking_id=b92b494b-9c35-45c5-9519-cdf9fbc317cb
2026-07-15 23:18:21,616 | INFO | kafka-producer | Kafka delivery successful | topic=southwest-booking-events | partition=3 | offset=956
2026-07-15 23:18:21,617 | INFO | booking-producer | Booking event submitted | count=7 | event_id=f5b5ccb4-d306-4942-8a56-5d7dc62a7090 | booking_id=7b22b6c9-996d-4b76-b6fb-6c96dacf83a5
2026-07-15 23:18:23,620 | INFO | kafka-producer | Kafka delivery successful | topic=southwest-booking-events | partition=1 | offset=939
2026-07-15 23:18:23,620 | INFO | booking-producer | Booking event submitted | count=8 | event_id=7389d6d0-06df-4a19-bfaf-6e4447614715 | booking_id=8c54d596-88ac-43e0-946e-4fa79b8024ce
2026-07-15 23:18:25,621 | INFO | kafka-producer | Kafka delivery successful | topic=southwest-booking-events | partition=0 | offset=1046
2026-07-15 23:18:25,621 | INFO | booking-producer | Booking event submitted | count=9 | event_id=6ff2fd36-0eb5-4554-b4c4-06a7d2b0b0fa | booking_id=c4fa0b0a-ff56-4afc-830c-edc6ce68025a
2026-07-15 23:18:27,624 | INFO | kafka-producer | Kafka delivery successful | topic=southwest-booking-events | partition=2 | offset=992
2026-07-15 23:18:27,625 | INFO | booking-producer | Booking event submitted | count=10 | event_id=075bba19-8cb2-4af0-bf90-dbdf649ea4cd | booking_id=09b406a9-e88e-4bc1-b84f-77df45e27f6e
2026-07-15 23:18:29,627 | INFO | kafka-producer | Kafka delivery successful | topic=southwest-booking-events | partition=2 | offset=993
2026-07-15 23:18:29,628 | INFO | booking-producer | Booking event submitted | count=11 | event_id=43acfd88-301a-48a2-9369-bb8841ac2a11 | booking_id=4a371c93-f796-40e7-912a-a5e46a30c8e8
2026-07-15 23:18:31,631 | INFO | kafka-producer | Kafka delivery successful | topic=southwest-booking-events | partition=0 | offset=1047
2026-07-15 23:18:31,631 | INFO | booking-producer | Booking event submitted | count=12 | event_id=d484619e-305c-4e7d-8360-e37fa7cd85b4 | booking_id=beaa89d9-c5a8-47c9-ad4e-829ff12c55bf
2026-07-15 23:18:33,632 | INFO | kafka-producer | Kafka delivery successful | topic=southwest-booking-events | partition=3 | offset=958
2026-07-15 23:18:33,632 | INFO | booking-producer | Booking event submitted | count=13 | event_id=5d4ea82d-d2ba-4da9-bf8a-85fb5e2b41cb | booking_id=c4f426c8-422d-4c95-837b-74f1fe762c26
2026-07-15 23:18:35,634 | INFO | kafka-producer | Kafka delivery successful | topic=southwest-booking-events | partition=1 | offset=941
2026-07-15 23:18:35,634 | INFO | booking-producer | Booking event submitted | count=14 | event_id=661a685c-662d-42c8-bba1-9f37dc643fce | booking_id=bb717f04-5c1b-48d6-a59b-d72ae13c36da
2026-07-15 23:18:37,635 | INFO | kafka-producer | Kafka delivery successful | topic=southwest-booking-events | partition=1 | offset=942
2026-07-15 23:18:37,635 | INFO | booking-producer | Booking event submitted | count=15 | event_id=6c8f49eb-b12f-431d-b826-a52df1b73f36 | booking_id=18c9b98b-87f2-4f29-ba10-070c11137edd
2026-07-15 23:18:39,636 | INFO | kafka-producer | Kafka delivery successful | topic=southwest-booking-events | partition=3 | offset=959
2026-07-15 23:18:39,636 | INFO | booking-producer | Booking event submitted | count=16 | event_id=641a8690-a522-47c6-b5f5-4175c4c5045d | booking_id=0b6938cf-7f27-47b0-84cf-1627ce56d2d7
2026-07-15 23:18:41,636 | INFO | kafka-producer | Kafka delivery successful | topic=southwest-booking-events | partition=1 | offset=944
2026-07-15 23:18:41,637 | INFO | booking-producer | Booking event submitted | count=17 | event_id=f20f0613-c47e-4690-af15-5572c4a3632d | booking_id=3cc8d473-ef0a-4f43-8695-e7a3ddd0ad9f
2026-07-15 23:18:43,638 | INFO | kafka-producer | Kafka delivery successful | topic=southwest-booking-events | partition=3 | offset=960
2026-07-15 23:18:43,638 | INFO | booking-producer | Booking event submitted | count=18 | event_id=110afbfa-bf96-40e5-97c7-8cfa578dfbef | booking_id=1c010803-94e7-4979-a9d7-80e3cf67be5f
2026-07-15 23:18:45,639 | INFO | kafka-producer | Kafka delivery successful | topic=southwest-booking-events | partition=3 | offset=962
2026-07-15 23:18:45,639 | INFO | booking-producer | Booking event submitted | count=19 | event_id=78283e20-dd03-419f-ad4f-c08f322dd20b | booking_id=b871b130-e0d0-420b-9f7b-cb3e8b7bcbc2
2026-07-15 23:18:47,640 | INFO | kafka-producer | Kafka delivery successful | topic=southwest-booking-events | partition=2 | offset=997
2026-07-15 23:18:47,641 | INFO | booking-producer | Booking event submitted | count=20 | event_id=588717aa-35be-4297-b629-5ca9bfa055cf | booking_id=deb4f67e-fa82-4d6e-9610-cecceb2fa88f
2026-07-15 23:18:47,798 | INFO | booking-producer | Producer shutdown requested
2026-07-15 23:18:47,799 | INFO | kafka-producer | Kafka delivery successful | topic=southwest-booking-events | partition=1 | offset=945
2026-07-15 23:18:47,800 | INFO | booking-producer | All queued Kafka messages were delivered
2026-07-15 23:18:47,800 | INFO | booking-producer | Kafka producer stopped
2026-07-15 23:32:43,614 | INFO | booking-consumer | Southwest booking consumer started | topic=southwest-booking-events | batch_size=10
2026-07-15 23:32:46,762 | INFO | booking-consumer | Event collected | batch=1/10 | partition=0 | offset=1156 | event_id=951cf31b-43b4-4783-83e6-339ee3dd8b8d
2026-07-15 23:32:46,763 | INFO | booking-consumer | Event collected | batch=2/10 | partition=0 | offset=1157 | event_id=50685abd-c1f5-42bc-8dde-352a2696021f
2026-07-15 23:32:46,763 | INFO | booking-consumer | Event collected | batch=3/10 | partition=0 | offset=1158 | event_id=db823254-e250-48b1-bd8b-1282601dcd2c
2026-07-15 23:32:46,764 | INFO | booking-consumer | Event collected | batch=4/10 | partition=0 | offset=1159 | event_id=4e1ac118-4236-4015-a837-fb895d6b65dd
2026-07-15 23:32:46,764 | INFO | booking-consumer | Event collected | batch=5/10 | partition=0 | offset=1160 | event_id=68bf1e44-15c9-4c11-869e-9972c449a073
2026-07-15 23:32:46,764 | INFO | booking-consumer | Event collected | batch=6/10 | partition=0 | offset=1161 | event_id=5fbfa4f2-8f16-4d38-9969-08d2b12e98bd
2026-07-15 23:32:46,764 | INFO | booking-consumer | Event collected | batch=7/10 | partition=0 | offset=1162 | event_id=8d780557-2a1a-4228-a23a-30ac2ab65bc7
2026-07-15 23:32:46,765 | INFO | booking-consumer | Event collected | batch=8/10 | partition=0 | offset=1163 | event_id=a0e91c9a-1767-4d48-a3ac-adb22ce52a6e
2026-07-15 23:32:46,765 | INFO | booking-consumer | Event collected | batch=9/10 | partition=0 | offset=1164 | event_id=7db475d9-17cd-432e-a033-e4d216e589df
2026-07-15 23:32:46,766 | INFO | booking-consumer | Event collected | batch=10/10 | partition=0 | offset=1165 | event_id=52a03586-1ec8-4986-b3ed-ebbb21cadf9b
2026-07-15 23:32:46,770 | INFO | booking-consumer | Batch written and offsets committed | records=10 | offsets={0: 1166}
2026-07-15 23:32:46,771 | INFO | booking-consumer | Event collected | batch=1/10 | partition=1 | offset=1044 | event_id=a311ec17-d3bd-4501-aa23-baf8f2aa455d
2026-07-15 23:32:46,771 | INFO | booking-consumer | Event collected | batch=2/10 | partition=1 | offset=1045 | event_id=bcc9ef2c-6460-4166-aafb-a254742ac26b
2026-07-15 23:32:46,771 | INFO | booking-consumer | Event collected | batch=3/10 | partition=1 | offset=1046 | event_id=db26a796-d8f7-4eb9-a2d6-03c0de001863
2026-07-15 23:32:46,771 | INFO | booking-consumer | Event collected | batch=4/10 | partition=1 | offset=1047 | event_id=bcbb58e2-15ae-4e80-a20d-dd3697059701
2026-07-15 23:32:46,772 | INFO | booking-consumer | Event collected | batch=5/10 | partition=1 | offset=1048 | event_id=321e5547-0353-4a54-8809-fcad8de48ca5
2026-07-15 23:32:46,772 | INFO | booking-consumer | Event collected | batch=6/10 | partition=2 | offset=1094 | event_id=4ef1332c-014b-4230-9dcb-6615f8bdcca4
2026-07-15 23:32:46,772 | INFO | booking-consumer | Event collected | batch=7/10 | partition=2 | offset=1095 | event_id=11bb562b-eea6-42e3-99c4-9836ab0a60b7
2026-07-15 23:32:46,772 | INFO | booking-consumer | Event collected | batch=8/10 | partition=2 | offset=1096 | event_id=fbeab16b-9fe9-45ba-943f-99d0bb650a1a
2026-07-15 23:32:46,772 | INFO | booking-consumer | Event collected | batch=9/10 | partition=2 | offset=1097 | event_id=968558ef-4504-40b5-916b-fcc04fff1277
2026-07-15 23:32:46,773 | INFO | booking-consumer | Event collected | batch=10/10 | partition=2 | offset=1098 | event_id=24a89142-3e50-46b1-9414-702a05c34a90
2026-07-15 23:32:46,776 | INFO | booking-consumer | Batch written and offsets committed | records=10 | offsets={1: 1049, 2: 1099}
2026-07-15 23:32:46,776 | INFO | booking-consumer | Event collected | batch=1/10 | partition=2 | offset=1099 | event_id=09361dd0-3d4d-4f4d-920c-bc35669dce07
2026-07-15 23:32:46,776 | INFO | booking-consumer | Event collected | batch=2/10 | partition=2 | offset=1100 | event_id=9f035868-55e1-4da0-a28a-4dfd6631cf0b
2026-07-15 23:32:46,776 | INFO | booking-consumer | Event collected | batch=3/10 | partition=2 | offset=1101 | event_id=98aa48f5-75c0-4908-be0b-1ae1ab41bd85
2026-07-15 23:32:46,777 | INFO | booking-consumer | Event collected | batch=4/10 | partition=2 | offset=1102 | event_id=c3e74592-4ae5-4695-abfe-6aaf01176f51
2026-07-15 23:32:46,777 | INFO | booking-consumer | Event collected | batch=5/10 | partition=2 | offset=1103 | event_id=af1155be-0b58-4ba4-bdcc-cc89dd821387
2026-07-15 23:32:46,777 | INFO | booking-consumer | Event collected | batch=6/10 | partition=2 | offset=1104 | event_id=e23c1846-7c63-4bcc-b7f2-50c388b51975
2026-07-15 23:32:46,778 | INFO | booking-consumer | Event collected | batch=7/10 | partition=2 | offset=1105 | event_id=5d28266a-6828-4e0e-8a4a-0d7b7a7b8465
2026-07-15 23:32:46,778 | INFO | booking-consumer | Event collected | batch=8/10 | partition=3 | offset=1015 | event_id=8594d2e6-b4b4-4a21-99d4-8ee70f05ef35
2026-07-15 23:32:46,778 | INFO | booking-consumer | Event collected | batch=9/10 | partition=3 | offset=1016 | event_id=26291c6e-a9a3-48bd-a21f-8024b2a3a49b
2026-07-15 23:32:46,778 | INFO | booking-consumer | Event collected | batch=10/10 | partition=3 | offset=1017 | event_id=9281cfd8-2c23-4016-b524-b29c7e3c1ff9
2026-07-15 23:32:46,781 | INFO | booking-consumer | Batch written and offsets committed | records=10 | offsets={2: 1106, 3: 1018}
2026-07-15 23:32:46,782 | INFO | booking-consumer | Event collected | batch=1/10 | partition=3 | offset=1018 | event_id=0b4c94aa-16fb-4f96-8fd1-4f803527a1a8
2026-07-15 23:32:46,782 | INFO | booking-consumer | Event collected | batch=2/10 | partition=3 | offset=1019 | event_id=2dc55f43-5931-4a02-b1eb-dcdbab8efcdc
2026-07-15 23:32:46,782 | INFO | booking-consumer | Event collected | batch=3/10 | partition=3 | offset=1020 | event_id=bc4cd78c-881b-4325-bc01-249c8ad19f74
2026-07-15 23:32:46,782 | INFO | booking-consumer | Event collected | batch=4/10 | partition=3 | offset=1021 | event_id=15f0bd25-a91b-4dad-9961-c7c5cdb4787b
2026-07-15 23:32:46,782 | INFO | booking-consumer | Event collected | batch=5/10 | partition=3 | offset=1022 | event_id=59e0e049-bba8-4e90-9c76-5d9f49d5cffb
2026-07-15 23:32:46,782 | INFO | booking-consumer | Event collected | batch=6/10 | partition=3 | offset=1023 | event_id=f9ffacb0-5273-46b4-a842-ffcfa8ea337e
2026-07-15 23:32:46,783 | INFO | booking-consumer | Event collected | batch=7/10 | partition=3 | offset=1024 | event_id=c2d1cc2b-9ac1-40b7-afd5-2ca0c449ea75
2026-07-15 23:32:46,783 | INFO | booking-consumer | Event collected | batch=8/10 | partition=3 | offset=1025 | event_id=4415f354-2bb4-40e1-99f8-1d008796f3a6
2026-07-15 23:32:46,783 | INFO | booking-consumer | Event collected | batch=9/10 | partition=3 | offset=1026 | event_id=63dd221b-5882-42c3-93b1-cd118be14ce0
2026-07-15 23:32:46,783 | INFO | booking-consumer | Event collected | batch=10/10 | partition=3 | offset=1027 | event_id=c6004b37-f45c-4521-abf3-af2d060730e8
2026-07-15 23:32:46,786 | INFO | booking-consumer | Batch written and offsets committed | records=10 | offsets={3: 1028}
2026-07-15 23:32:46,786 | INFO | booking-consumer | Event collected | batch=1/10 | partition=3 | offset=1028 | event_id=86332228-5fbe-4ec4-9029-88e9b0e85382
2026-07-15 23:32:46,786 | INFO | booking-consumer | Event collected | batch=2/10 | partition=3 | offset=1029 | event_id=209ab254-0dcc-48e6-8359-7a8210d1de62
2026-07-15 23:32:46,786 | INFO | booking-consumer | Event collected | batch=3/10 | partition=3 | offset=1030 | event_id=22e6f43e-e73a-4763-81e2-ff793e586410
2026-07-15 23:32:46,786 | INFO | booking-consumer | Event collected | batch=4/10 | partition=3 | offset=1031 | event_id=76152079-772e-40dd-9480-a1df6103919f
2026-07-15 23:32:46,787 | INFO | booking-consumer | Event collected | batch=5/10 | partition=3 | offset=1032 | event_id=43d62c3c-079f-4ee5-adcc-fa9a5ef6e858
2026-07-15 23:32:46,787 | INFO | booking-consumer | Event collected | batch=6/10 | partition=3 | offset=1033 | event_id=f3b5fe94-37bd-4827-bae5-b0e4001280ff
2026-07-15 23:32:46,787 | INFO | booking-consumer | Event collected | batch=7/10 | partition=3 | offset=1034 | event_id=14fd2357-abd2-4799-934b-71fa9b726ff5
2026-07-15 23:32:46,787 | INFO | booking-consumer | Event collected | batch=8/10 | partition=3 | offset=1035 | event_id=cce4dabd-0207-45eb-9705-727cf2fd9c4e
2026-07-15 23:32:46,787 | INFO | booking-consumer | Event collected | batch=9/10 | partition=3 | offset=1036 | event_id=7956fa77-024d-4dc6-89b8-19bbd1fc3057
2026-07-15 23:32:46,787 | INFO | booking-consumer | Event collected | batch=10/10 | partition=3 | offset=1037 | event_id=3b614468-ba2a-432c-9a02-f443a4adc75b
2026-07-15 23:32:46,791 | INFO | booking-consumer | Batch written and offsets committed | records=10 | offsets={3: 1038}
2026-07-15 23:32:46,791 | INFO | booking-consumer | Event collected | batch=1/10 | partition=3 | offset=1038 | event_id=1ae09372-4500-45fa-ba80-b7ffd7a404c8
2026-07-15 23:32:46,792 | INFO | booking-consumer | Event collected | batch=2/10 | partition=3 | offset=1039 | event_id=9e723cbe-f3be-4167-bc2a-6bceebe5e8b0
2026-07-15 23:32:46,793 | INFO | booking-consumer | Event collected | batch=3/10 | partition=3 | offset=1040 | event_id=4ff7ff7b-adb8-4dda-a46c-40b0aef6d659
2026-07-15 23:32:46,793 | INFO | booking-consumer | Event collected | batch=4/10 | partition=3 | offset=1041 | event_id=7ac7ece5-9230-4824-a9b3-3e0eb7071589
2026-07-15 23:32:46,793 | INFO | booking-consumer | Event collected | batch=5/10 | partition=3 | offset=1042 | event_id=d2f7a9c5-64c0-4d2d-b29c-5b4067e8c28f
2026-07-15 23:32:46,793 | INFO | booking-consumer | Event collected | batch=6/10 | partition=3 | offset=1043 | event_id=4f519dab-98e3-45f7-933b-5c0d536dc93d
2026-07-15 23:32:46,794 | INFO | booking-consumer | Event collected | batch=7/10 | partition=3 | offset=1044 | event_id=4570ecb6-1fdd-4326-9102-ca80ae7d5aee
2026-07-15 23:32:46,794 | INFO | booking-consumer | Event collected | batch=8/10 | partition=3 | offset=1045 | event_id=96b3182c-7918-4ec7-9077-3d82170cf017
2026-07-15 23:32:46,794 | INFO | booking-consumer | Event collected | batch=9/10 | partition=3 | offset=1046 | event_id=9df0e84b-ffb8-454f-b386-338b55b350cf
2026-07-15 23:32:46,794 | INFO | booking-consumer | Event collected | batch=10/10 | partition=3 | offset=1047 | event_id=de3d4e62-d72e-4399-b3f6-23480d2db32e
2026-07-15 23:32:46,799 | INFO | booking-consumer | Batch written and offsets committed | records=10 | offsets={3: 1048}
2026-07-15 23:32:46,799 | INFO | booking-consumer | Event collected | batch=1/10 | partition=3 | offset=1048 | event_id=31dc58fd-792d-4502-912e-290c72ff150e
2026-07-15 23:32:46,799 | INFO | booking-consumer | Event collected | batch=2/10 | partition=3 | offset=1049 | event_id=9dbe2012-5857-483a-8216-b6c27ea6aa6e
2026-07-15 23:32:46,799 | INFO | booking-consumer | Event collected | batch=3/10 | partition=3 | offset=1050 | event_id=1645ab83-35dc-4c19-987b-ee1df27e4545
2026-07-15 23:32:46,799 | INFO | booking-consumer | Event collected | batch=4/10 | partition=3 | offset=1051 | event_id=a1b1685d-73d0-4657-85f9-235fa5707baa
2026-07-15 23:32:46,800 | INFO | booking-consumer | Event collected | batch=5/10 | partition=3 | offset=1052 | event_id=c9fcb70b-590d-4cd1-a48c-ee942b7e034c
2026-07-15 23:32:46,800 | INFO | booking-consumer | Event collected | batch=6/10 | partition=3 | offset=1053 | event_id=0f1d0e18-224f-421f-92bb-72fe7d2cd878
2026-07-15 23:32:46,800 | INFO | booking-consumer | Event collected | batch=7/10 | partition=3 | offset=1054 | event_id=ff5f26b2-40bd-4cf7-8884-37b0bb9b60b9
2026-07-15 23:32:46,801 | INFO | booking-consumer | Event collected | batch=8/10 | partition=3 | offset=1055 | event_id=5993a874-5615-48eb-b404-b4ab3efedb9f
2026-07-15 23:32:46,801 | INFO | booking-consumer | Event collected | batch=9/10 | partition=3 | offset=1056 | event_id=90c0bb04-8f18-43e2-8c48-bef930ff046b
2026-07-15 23:32:46,801 | INFO | booking-consumer | Event collected | batch=10/10 | partition=3 | offset=1057 | event_id=bc407d65-4dce-44d1-b405-f090b617e354
2026-07-15 23:32:46,804 | INFO | booking-consumer | Batch written and offsets committed | records=10 | offsets={3: 1058}
2026-07-15 23:32:47,784 | INFO | booking-consumer | Event collected | batch=1/10 | partition=2 | offset=1106 | event_id=c9e9540b-20c4-4c65-b8ef-a12d70633a06
2026-07-15 23:32:49,777 | INFO | booking-consumer | Event collected | batch=2/10 | partition=0 | offset=1166 | event_id=9c4e93a2-6d0c-4493-980e-f278bec09ee3
2026-07-15 23:32:51,769 | INFO | booking-consumer | Event collected | batch=3/10 | partition=3 | offset=1058 | event_id=69e3107d-7031-4fed-a83e-740d95831342
2026-07-15 23:32:53,779 | INFO | booking-consumer | Event collected | batch=4/10 | partition=1 | offset=1049 | event_id=d4d0986a-f18e-4d8f-aaa1-caa316581fc3
2026-07-15 23:32:55,786 | INFO | booking-consumer | Event collected | batch=5/10 | partition=1 | offset=1050 | event_id=3797252e-9ab4-47bb-8ebe-1c2447996d81
2026-07-15 23:32:57,780 | INFO | booking-consumer | Event collected | batch=6/10 | partition=1 | offset=1051 | event_id=c8c5d1c7-6d7b-4079-82a8-f02be7fe2a27
2026-07-15 23:32:59,780 | INFO | booking-consumer | Event collected | batch=7/10 | partition=0 | offset=1167 | event_id=4cd2d4b8-b67b-4da6-b653-48866ecccbba
2026-07-15 23:33:01,787 | INFO | booking-consumer | Event collected | batch=8/10 | partition=1 | offset=1052 | event_id=253f3ef2-afc3-4882-85e1-647da4394e85
2026-07-15 23:33:03,781 | INFO | booking-consumer | Event collected | batch=9/10 | partition=0 | offset=1168 | event_id=1aaa764f-3fce-40c1-8bcc-517712b1019b
2026-07-15 23:33:05,792 | INFO | booking-consumer | Event collected | batch=10/10 | partition=3 | offset=1059 | event_id=13c3507c-468a-4809-9cd1-0fbb7554fe03
2026-07-15 23:33:05,803 | INFO | booking-consumer | Batch written and offsets committed | records=10 | offsets={2: 1107, 0: 1169, 3: 1060, 1: 1053}
2026-07-15 23:33:07,784 | INFO | booking-consumer | Event collected | batch=1/10 | partition=2 | offset=1107 | event_id=89203e19-6f89-4dcd-971e-501e28614abf
2026-07-15 23:33:09,784 | INFO | booking-consumer | Event collected | batch=2/10 | partition=2 | offset=1108 | event_id=9c3261ae-9456-4eb3-902f-8b7be699e669
2026-07-15 23:33:11,796 | INFO | booking-consumer | Event collected | batch=3/10 | partition=1 | offset=1053 | event_id=42dd0659-2edc-4150-a2fa-475b152a6f87
2026-07-15 23:33:13,801 | INFO | booking-consumer | Event collected | batch=4/10 | partition=0 | offset=1169 | event_id=72e5d5b1-96d5-47e1-b642-77ace9265930
2026-07-15 23:33:15,796 | INFO | booking-consumer | Event collected | batch=5/10 | partition=3 | offset=1060 | event_id=bfd50670-0b00-4d45-b21c-562e5bed1f73
2026-07-15 23:33:17,806 | INFO | booking-consumer | Event collected | batch=6/10 | partition=1 | offset=1054 | event_id=71c97a0d-69a1-44bf-9dc3-101bfa55983f
2026-07-15 23:33:19,804 | INFO | booking-consumer | Event collected | batch=7/10 | partition=0 | offset=1170 | event_id=3e2da809-f5de-4e65-8492-080638a55779
2026-07-15 23:33:21,810 | INFO | booking-consumer | Event collected | batch=8/10 | partition=1 | offset=1055 | event_id=442c1dfb-5e10-47e5-8e7e-d1263d9b8411
2026-07-15 23:33:23,812 | INFO | booking-consumer | Event collected | batch=9/10 | partition=0 | offset=1171 | event_id=fd24724e-c1c4-43e0-8325-8da2bb2bfaf9
2026-07-15 23:33:25,805 | INFO | booking-consumer | Event collected | batch=10/10 | partition=2 | offset=1109 | event_id=d5f695b0-80de-4a93-8269-dedca0b89ead
2026-07-15 23:33:25,812 | INFO | booking-consumer | Batch written and offsets committed | records=10 | offsets={2: 1110, 1: 1056, 0: 1172, 3: 1061}
2026-07-15 23:33:27,809 | INFO | booking-consumer | Event collected | batch=1/10 | partition=2 | offset=1110 | event_id=dcbeff07-3702-40e2-bd9e-a848ac65c518
2026-07-15 23:33:29,825 | INFO | booking-consumer | Event collected | batch=2/10 | partition=0 | offset=1172 | event_id=547b42e8-41c6-448c-8276-3590ae59e984
2026-07-15 23:33:31,828 | INFO | booking-consumer | Event collected | batch=3/10 | partition=1 | offset=1056 | event_id=16ffadea-269f-442d-9482-ddccdcd7f811
2026-07-15 23:33:33,819 | INFO | booking-consumer | Event collected | batch=4/10 | partition=2 | offset=1111 | event_id=898c25d5-7872-416f-b783-72037ff07fb8
2026-07-15 23:33:35,822 | INFO | booking-consumer | Event collected | batch=5/10 | partition=3 | offset=1061 | event_id=92c1ff7f-bd7f-4f2d-b555-f28c81d2bfdc
2026-07-15 23:33:37,825 | INFO | booking-consumer | Event collected | batch=6/10 | partition=3 | offset=1062 | event_id=7daa7b46-30aa-4aef-8d33-9e61743de1af
2026-07-15 23:33:39,820 | INFO | booking-consumer | Event collected | batch=7/10 | partition=2 | offset=1112 | event_id=22a70483-9704-48aa-91b2-defbb5d077ca
2026-07-15 23:33:41,825 | INFO | booking-consumer | Event collected | batch=8/10 | partition=3 | offset=1063 | event_id=2c848f21-472c-46fa-8526-4d7930b1cd8c
2026-07-15 23:33:43,831 | INFO | booking-consumer | Event collected | batch=9/10 | partition=2 | offset=1113 | event_id=3885f401-8e32-474c-856f-df07f6b9da41
2026-07-15 23:33:45,830 | INFO | booking-consumer | Event collected | batch=10/10 | partition=0 | offset=1173 | event_id=f90f2724-ad23-47d8-8a34-1f50a397bbbb
2026-07-15 23:33:45,836 | INFO | booking-consumer | Batch written and offsets committed | records=10 | offsets={2: 1114, 0: 1174, 1: 1057, 3: 1064}
2026-07-15 23:33:47,833 | INFO | booking-consumer | Event collected | batch=1/10 | partition=1 | offset=1057 | event_id=224acf92-60a6-410e-a1c5-228fdc2b136d
2026-07-15 23:33:49,833 | INFO | booking-consumer | Event collected | batch=2/10 | partition=0 | offset=1174 | event_id=f3228946-e628-4fb7-bd07-c4ace652cfb8
2026-07-15 23:33:51,834 | INFO | booking-consumer | Event collected | batch=3/10 | partition=3 | offset=1064 | event_id=0abfe598-398c-4666-901b-93677f97c19c
2026-07-15 23:33:52,850 | INFO | booking-consumer | Consumer shutdown requested
2026-07-15 23:33:52,862 | INFO | booking-consumer | Final partial batch written and committed | records=3 | offsets={1: 1058, 0: 1175, 3: 1065}
2026-07-15 23:33:52,882 | INFO | booking-consumer | Kafka consumer stopped safely
2026-07-17 17:01:54,153 | INFO | booking-producer | Southwest Kafka producer started
2026-07-17 17:01:54,157 | INFO | booking-producer | Booking event submitted | count=1 | event_id=afa7c9e1-ee03-4504-8a72-8fe800ebd3e5 | booking_id=3ca24e59-54fc-42d6-b5b0-bfacd3fda703
2026-07-17 17:01:56,160 | INFO | booking-producer | Booking event submitted | count=2 | event_id=704ac440-878e-4db5-950d-4002ac4526f5 | booking_id=db173cb3-fb46-4d11-a07c-3c64d9746d08
2026-07-17 17:01:58,161 | INFO | booking-producer | Booking event submitted | count=3 | event_id=df6d73a0-1a8d-4240-9d80-e93ad7e2c452 | booking_id=4d14a443-653d-4785-9d8e-0bda109b5283
2026-07-17 17:02:00,163 | INFO | booking-producer | Booking event submitted | count=4 | event_id=9e669397-82de-46b2-b541-afc07ba30a44 | booking_id=c35c1ed2-2e01-4126-92b4-32d2c7d79955
2026-07-17 17:02:02,164 | INFO | booking-producer | Booking event submitted | count=5 | event_id=0e8e0ec8-72c4-416d-b640-adae67664438 | booking_id=51d7c07c-31da-47a8-8f76-2f3e8acd7a0e
2026-07-17 17:02:04,166 | INFO | booking-producer | Booking event submitted | count=6 | event_id=47be7ff0-246a-4212-9b0c-6f3197c65328 | booking_id=dea16e80-f65d-48f0-bb4d-a267461a7967
2026-07-17 17:02:06,168 | INFO | booking-producer | Booking event submitted | count=7 | event_id=10b1337d-b5af-4934-a4f2-df504cbd71eb | booking_id=493aef1d-b2cd-46c8-baba-857c6c0c3235
2026-07-17 17:02:08,170 | INFO | booking-producer | Booking event submitted | count=8 | event_id=a7128169-4021-4879-b024-c9597f9ff211 | booking_id=e3c37dcc-de5b-48f2-a9d0-1bed64943317
2026-07-17 17:02:10,174 | INFO | kafka-producer | Kafka delivery successful | topic=southwest-booking-events | partition=1 | offset=2129
2026-07-17 17:02:10,176 | INFO | kafka-producer | Kafka delivery successful | topic=southwest-booking-events | partition=1 | offset=2130
2026-07-17 17:02:10,178 | INFO | kafka-producer | Kafka delivery successful | topic=southwest-booking-events | partition=1 | offset=2131
2026-07-17 17:02:10,179 | INFO | kafka-producer | Kafka delivery successful | topic=southwest-booking-events | partition=2 | offset=2142
2026-07-17 17:02:10,179 | INFO | kafka-producer | Kafka delivery successful | topic=southwest-booking-events | partition=2 | offset=2143
2026-07-17 17:02:10,181 | INFO | kafka-producer | Kafka delivery successful | topic=southwest-booking-events | partition=3 | offset=2141
2026-07-17 17:02:10,182 | INFO | kafka-producer | Kafka delivery successful | topic=southwest-booking-events | partition=3 | offset=2142
2026-07-17 17:02:10,183 | INFO | kafka-producer | Kafka delivery successful | topic=southwest-booking-events | partition=0 | offset=2278
2026-07-17 17:02:10,184 | INFO | booking-producer | Booking event submitted | count=9 | event_id=963df770-54ca-44aa-8491-6ddf82740aa0 | booking_id=57bb1d41-122d-4cd3-943e-0166dc800ca5
2026-07-17 17:02:12,186 | INFO | kafka-producer | Kafka delivery successful | topic=southwest-booking-events | partition=2 | offset=2144
2026-07-17 17:02:12,188 | INFO | booking-producer | Booking event submitted | count=10 | event_id=71649ae4-fc0b-42cc-b80e-84c0b644a8a1 | booking_id=79d9988f-92e9-4e7d-8802-935ceef63282
2026-07-17 17:02:14,189 | INFO | kafka-producer | Kafka delivery successful | topic=southwest-booking-events | partition=3 | offset=2143
2026-07-17 17:02:14,191 | INFO | booking-producer | Booking event submitted | count=11 | event_id=dd90a564-33a2-47f3-9782-fe346edc425f | booking_id=4c702ff8-062c-4323-a2d5-83f401cb7db5
2026-07-17 17:02:16,193 | INFO | kafka-producer | Kafka delivery successful | topic=southwest-booking-events | partition=2 | offset=2145
2026-07-17 17:02:16,194 | INFO | booking-producer | Booking event submitted | count=12 | event_id=b4b57baa-58fe-4216-8554-0ec619e66adb | booking_id=d646d036-9221-46d3-9248-b618aeea3832
2026-07-17 17:02:18,196 | INFO | kafka-producer | Kafka delivery successful | topic=southwest-booking-events | partition=3 | offset=2144
2026-07-17 17:02:18,197 | INFO | booking-producer | Booking event submitted | count=13 | event_id=0df80151-f112-44e0-a245-cc00c74038cf | booking_id=4c11ceb5-b665-496c-b219-48d4a516f9a3
2026-07-17 17:02:20,199 | INFO | kafka-producer | Kafka delivery successful | topic=southwest-booking-events | partition=1 | offset=2132
2026-07-17 17:02:20,201 | INFO | booking-producer | Booking event submitted | count=14 | event_id=c0af6275-92f0-46d0-abec-aa0ca6ed022f | booking_id=e57a3eb3-1979-4768-a50d-632561a0c8a2
2026-07-17 17:02:21,758 | INFO | booking-producer | Producer shutdown requested
2026-07-17 17:02:21,758 | INFO | kafka-producer | Kafka delivery successful | topic=southwest-booking-events | partition=3 | offset=2145
2026-07-17 17:02:21,759 | INFO | booking-producer | All queued Kafka messages were delivered
2026-07-17 17:02:21,759 | INFO | booking-producer | Kafka producer stopped
2026-07-17 17:02:44,677 | INFO | booking-consumer | Southwest booking consumer started | topic=southwest-booking-events | batch_size=10
2026-07-17 17:02:48,054 | INFO | booking-consumer | Event collected | batch=1/10 | partition=0 | offset=1175 | event_id=774cdc5d-1c04-49ca-8583-e81a56941320
2026-07-17 17:02:48,055 | INFO | booking-consumer | Event collected | batch=2/10 | partition=0 | offset=1176 | event_id=5a32d2d6-212b-4c89-96f1-1f0a4a2f49d8
2026-07-17 17:02:48,056 | INFO | booking-consumer | Event collected | batch=3/10 | partition=0 | offset=1177 | event_id=047604ed-f41d-4c8d-889c-000e52d116ac
2026-07-17 17:02:48,057 | INFO | booking-consumer | Event collected | batch=4/10 | partition=0 | offset=1178 | event_id=ca464e0a-5d73-4265-8d9d-a97a154f5331
2026-07-17 17:02:48,058 | INFO | booking-consumer | Event collected | batch=5/10 | partition=0 | offset=1179 | event_id=b61c03d3-6e62-4de5-8de2-308eff721fe8
2026-07-17 17:02:48,058 | INFO | booking-consumer | Event collected | batch=6/10 | partition=0 | offset=1180 | event_id=72e48eff-0c76-47a9-a71b-be09379ef7e5
2026-07-17 17:02:48,060 | INFO | booking-consumer | Event collected | batch=7/10 | partition=0 | offset=1181 | event_id=e79109b5-a733-409f-9c83-36f84e0aa982
2026-07-17 17:02:48,060 | INFO | booking-consumer | Event collected | batch=8/10 | partition=0 | offset=1182 | event_id=c9b49880-fa77-4540-ab82-f5688dd27c73
2026-07-17 17:02:48,061 | INFO | booking-consumer | Event collected | batch=9/10 | partition=0 | offset=1183 | event_id=f6a032e0-6a73-43d5-b38d-583759a65e4d
2026-07-17 17:02:48,061 | INFO | booking-consumer | Event collected | batch=10/10 | partition=0 | offset=1184 | event_id=dee758bb-e5f1-4840-8290-0b140ddca45c
2026-07-17 17:02:48,099 | INFO | booking-consumer | Batch written and offsets committed | records=10 | offsets={0: 1185}
2026-07-17 17:02:48,100 | INFO | booking-consumer | Event collected | batch=1/10 | partition=0 | offset=1185 | event_id=b9f7fc1d-1d86-4820-99b2-bd861849b207
2026-07-17 17:02:48,101 | INFO | booking-consumer | Event collected | batch=2/10 | partition=0 | offset=1186 | event_id=985e99b8-636f-40db-a2df-91e33dade88e
2026-07-17 17:02:48,102 | INFO | booking-consumer | Event collected | batch=3/10 | partition=0 | offset=1187 | event_id=f8a51fef-7071-4467-ba27-634e0da015f2
2026-07-17 17:02:48,102 | INFO | booking-consumer | Event collected | batch=4/10 | partition=0 | offset=1188 | event_id=a00f5cb1-a5d9-4462-a040-1a933a1c2189
2026-07-17 17:02:48,103 | INFO | booking-consumer | Event collected | batch=5/10 | partition=0 | offset=1189 | event_id=aed33ec4-1548-4ab8-9b77-79c6b8945966
2026-07-17 17:02:48,103 | INFO | booking-consumer | Event collected | batch=6/10 | partition=0 | offset=1190 | event_id=05a9a81b-66a2-46e6-b5ec-bc528c22b5ae
2026-07-17 17:02:48,104 | INFO | booking-consumer | Event collected | batch=7/10 | partition=0 | offset=1191 | event_id=d9de6ef4-54ca-49a4-b352-c38d9a479da1
2026-07-17 17:02:48,104 | INFO | booking-consumer | Event collected | batch=8/10 | partition=0 | offset=1192 | event_id=28724c61-a0e9-4b9b-bd59-9b2a946c3be4
2026-07-17 17:02:48,105 | INFO | booking-consumer | Event collected | batch=9/10 | partition=0 | offset=1193 | event_id=1a747d2b-ba56-4fd7-a958-645bd94082c0
2026-07-17 17:02:48,107 | INFO | booking-consumer | Event collected | batch=10/10 | partition=0 | offset=1194 | event_id=d5566b10-0262-40e2-bed6-cf01a44c0e02
2026-07-17 17:02:48,118 | INFO | booking-consumer | Batch written and offsets committed | records=10 | offsets={0: 1195}
2026-07-17 17:02:48,120 | INFO | booking-consumer | Event collected | batch=1/10 | partition=0 | offset=1195 | event_id=b1dabee9-c7c5-49bc-bcfc-fc58f87acf49
2026-07-17 17:02:48,120 | INFO | booking-consumer | Event collected | batch=2/10 | partition=0 | offset=1196 | event_id=d0c12de5-be19-47f6-b26e-5e21cf8ef927
2026-07-17 17:02:48,120 | INFO | booking-consumer | Event collected | batch=3/10 | partition=0 | offset=1197 | event_id=239699c9-7bb0-4c98-9bc9-6d207d21f95f
2026-07-17 17:02:48,121 | INFO | booking-consumer | Event collected | batch=4/10 | partition=0 | offset=1198 | event_id=b3ad07f8-7c4e-4ee9-b92a-c92564bd2399
2026-07-17 17:02:48,121 | INFO | booking-consumer | Event collected | batch=5/10 | partition=0 | offset=1199 | event_id=5160f7dc-0ef5-4bb7-9a6c-27cfb3faf6b6
2026-07-17 17:02:48,124 | INFO | booking-consumer | Event collected | batch=6/10 | partition=0 | offset=1200 | event_id=8ea93771-1755-4d08-8de0-07279f3a91d6
2026-07-17 17:02:48,125 | INFO | booking-consumer | Event collected | batch=7/10 | partition=0 | offset=1201 | event_id=36f114a8-96ce-4bef-ab4b-3d51ed44fdd7
2026-07-17 17:02:48,127 | INFO | booking-consumer | Event collected | batch=8/10 | partition=0 | offset=1202 | event_id=15538538-2181-4741-9d11-9f9e00313daa
2026-07-17 17:02:48,128 | INFO | booking-consumer | Event collected | batch=9/10 | partition=0 | offset=1203 | event_id=8c137d81-5488-4736-8598-c4c36c0e85ac
2026-07-17 17:02:48,129 | INFO | booking-consumer | Event collected | batch=10/10 | partition=0 | offset=1204 | event_id=9873a9a2-0feb-4bd1-8048-50b1c2144011
2026-07-17 17:02:48,139 | INFO | booking-consumer | Batch written and offsets committed | records=10 | offsets={0: 1205}
2026-07-17 17:02:48,143 | INFO | booking-consumer | Event collected | batch=1/10 | partition=0 | offset=1205 | event_id=bc91532f-f44e-4d0d-81f6-2224bb347ac2
2026-07-17 17:02:48,144 | INFO | booking-consumer | Event collected | batch=2/10 | partition=0 | offset=1206 | event_id=c34b0220-8361-4b97-b265-54ddbaf11fd8
2026-07-17 17:02:48,144 | INFO | booking-consumer | Event collected | batch=3/10 | partition=0 | offset=1207 | event_id=05888940-7674-4002-813e-b595d73a994b
2026-07-17 17:02:48,146 | INFO | booking-consumer | Event collected | batch=4/10 | partition=0 | offset=1208 | event_id=8b181286-fcf5-4f47-94f2-76c52097b795
2026-07-17 17:02:48,146 | INFO | booking-consumer | Event collected | batch=5/10 | partition=0 | offset=1209 | event_id=80b26acd-f11a-473f-814c-b29c24ef5d4c
2026-07-17 17:02:48,147 | INFO | booking-consumer | Event collected | batch=6/10 | partition=0 | offset=1210 | event_id=d54f07f2-77d2-42f9-9060-a6d293833bbf
2026-07-17 17:02:48,148 | INFO | booking-consumer | Event collected | batch=7/10 | partition=0 | offset=1211 | event_id=dea69a8c-d082-4183-a99d-f9a0d3dfc426
2026-07-17 17:02:48,149 | INFO | booking-consumer | Event collected | batch=8/10 | partition=0 | offset=1212 | event_id=285fedd0-b7cf-46cc-b3e5-abfa64e74adb
2026-07-17 17:02:48,149 | INFO | booking-consumer | Event collected | batch=9/10 | partition=0 | offset=1213 | event_id=818cc061-8b11-4d12-bc46-893cf06acdaf
2026-07-17 17:02:48,149 | INFO | booking-consumer | Event collected | batch=10/10 | partition=0 | offset=1214 | event_id=c8eb696b-5908-43c4-bcf5-d28169bafe4c
2026-07-17 17:02:48,159 | INFO | booking-consumer | Batch written and offsets committed | records=10 | offsets={0: 1215}
2026-07-17 17:02:48,160 | INFO | booking-consumer | Event collected | batch=1/10 | partition=0 | offset=1215 | event_id=bcb89a3c-bb3e-4f1a-bc10-00c91a987e7c
2026-07-17 17:02:48,161 | INFO | booking-consumer | Event collected | batch=2/10 | partition=0 | offset=1216 | event_id=4a24efe2-9633-4121-8364-17fe3461bed5
2026-07-17 17:02:48,161 | INFO | booking-consumer | Event collected | batch=3/10 | partition=0 | offset=1217 | event_id=6f198060-c06a-436d-8ddb-954f4c54f45e
2026-07-17 17:02:48,162 | INFO | booking-consumer | Event collected | batch=4/10 | partition=0 | offset=1218 | event_id=c967d75c-2a2f-4420-80d3-0498249eddf9
2026-07-17 17:02:48,163 | INFO | booking-consumer | Event collected | batch=5/10 | partition=0 | offset=1219 | event_id=fc911e31-cb45-428d-b0df-3c56bc4146b6
2026-07-17 17:02:48,163 | INFO | booking-consumer | Event collected | batch=6/10 | partition=0 | offset=1220 | event_id=f874553e-fd4f-461d-9ad2-b0ef1cab8974
2026-07-17 17:02:48,164 | INFO | booking-consumer | Event collected | batch=7/10 | partition=0 | offset=1221 | event_id=2e3f7cbf-bd5b-44c4-aa5f-a3db649ded96
2026-07-17 17:02:48,164 | INFO | booking-consumer | Event collected | batch=8/10 | partition=0 | offset=1222 | event_id=8fe2b23d-d96a-45d6-8f4e-5475a6f57714
2026-07-17 17:02:48,166 | INFO | booking-consumer | Event collected | batch=9/10 | partition=0 | offset=1223 | event_id=676aa150-261c-45c0-a3bb-1e46d1ef94a4
2026-07-17 17:02:48,167 | INFO | booking-consumer | Event collected | batch=10/10 | partition=0 | offset=1224 | event_id=c41f8c50-c55e-401d-92d0-59f984769a5e
2026-07-17 17:02:48,178 | INFO | booking-consumer | Batch written and offsets committed | records=10 | offsets={0: 1225}
2026-07-17 17:02:48,179 | INFO | booking-consumer | Event collected | batch=1/10 | partition=0 | offset=1225 | event_id=67832840-25d9-4c0c-ad2d-6648652fa72c
2026-07-17 17:02:48,180 | INFO | booking-consumer | Event collected | batch=2/10 | partition=0 | offset=1226 | event_id=3e3e52ef-05d3-48ce-b29e-a8ac08beba68
2026-07-17 17:02:48,181 | INFO | booking-consumer | Event collected | batch=3/10 | partition=0 | offset=1227 | event_id=3dc4edff-3972-4d0e-a5c5-89399299fa65
2026-07-17 17:02:48,181 | INFO | booking-consumer | Event collected | batch=4/10 | partition=0 | offset=1228 | event_id=d1da3b88-104c-4192-9c6a-a1e8a2c9ce63
2026-07-17 17:02:48,183 | INFO | booking-consumer | Event collected | batch=5/10 | partition=0 | offset=1229 | event_id=1ed7aacf-928f-4809-9301-33c1b20f1600
2026-07-17 17:02:48,184 | INFO | booking-consumer | Event collected | batch=6/10 | partition=0 | offset=1230 | event_id=772c33e2-06e5-4bfe-b0d6-591fc1607edd
2026-07-17 17:02:48,185 | INFO | booking-consumer | Event collected | batch=7/10 | partition=0 | offset=1231 | event_id=df757e94-0d1e-4ad6-b3b1-63f7c59dc0c7
2026-07-17 17:02:48,186 | INFO | booking-consumer | Event collected | batch=8/10 | partition=0 | offset=1232 | event_id=6f532cc6-97f4-4032-912f-67466a6d1e9d
2026-07-17 17:02:48,187 | INFO | booking-consumer | Event collected | batch=9/10 | partition=0 | offset=1233 | event_id=04d8f4b0-c351-478f-a12e-a5c3a68d5579
2026-07-17 17:02:48,187 | INFO | booking-consumer | Event collected | batch=10/10 | partition=0 | offset=1234 | event_id=e94f6d02-f23f-4cbd-bf9c-598d35d5ee56
2026-07-17 17:02:48,198 | INFO | booking-consumer | Batch written and offsets committed | records=10 | offsets={0: 1235}
2026-07-17 17:02:48,199 | INFO | booking-consumer | Event collected | batch=1/10 | partition=0 | offset=1235 | event_id=861ccebf-9b89-4457-b670-fa042d035823
2026-07-17 17:02:48,200 | INFO | booking-consumer | Event collected | batch=2/10 | partition=0 | offset=1236 | event_id=7f0af6c2-ac9b-4b54-91f5-567b35f74e16
2026-07-17 17:02:48,201 | INFO | booking-consumer | Event collected | batch=3/10 | partition=0 | offset=1237 | event_id=f852b55e-aded-4151-a076-210439d58d18
2026-07-17 17:02:48,202 | INFO | booking-consumer | Event collected | batch=4/10 | partition=0 | offset=1238 | event_id=830a7934-7293-4f5d-88d2-5893c41df0a7
2026-07-17 17:02:48,202 | INFO | booking-consumer | Event collected | batch=5/10 | partition=0 | offset=1239 | event_id=cb9715ea-ba72-4119-ae63-1bd395939d67
2026-07-17 17:02:48,203 | INFO | booking-consumer | Event collected | batch=6/10 | partition=0 | offset=1240 | event_id=8cd1f6be-96a6-4360-bb05-2f5226a90d95
2026-07-17 17:02:48,204 | INFO | booking-consumer | Event collected | batch=7/10 | partition=0 | offset=1241 | event_id=4a7b0161-25dc-49d2-bf12-1554f0f23771
2026-07-17 17:02:48,204 | INFO | booking-consumer | Event collected | batch=8/10 | partition=0 | offset=1242 | event_id=2fa4a8ae-f213-43eb-8cf5-09768e77182e
2026-07-17 17:02:48,205 | INFO | booking-consumer | Event collected | batch=9/10 | partition=0 | offset=1243 | event_id=da154b8d-5cec-42e8-8ba1-de2ad799a5cc
2026-07-17 17:02:48,206 | INFO | booking-consumer | Event collected | batch=10/10 | partition=0 | offset=1244 | event_id=29fa212c-ba59-48a8-be4b-3d6e13815a90
2026-07-17 17:02:48,217 | INFO | booking-consumer | Batch written and offsets committed | records=10 | offsets={0: 1245}
2026-07-17 17:02:48,219 | INFO | booking-consumer | Event collected | batch=1/10 | partition=0 | offset=1245 | event_id=c2b11a63-a5bf-441c-8540-cd4831878430
2026-07-17 17:02:48,219 | INFO | booking-consumer | Event collected | batch=2/10 | partition=0 | offset=1246 | event_id=0a682fe0-7e13-44a5-b170-df8bb632d38a
2026-07-17 17:02:48,220 | INFO | booking-consumer | Event collected | batch=3/10 | partition=0 | offset=1247 | event_id=c063eb41-d76d-4385-8dea-d89a7c19149b
2026-07-17 17:02:48,221 | INFO | booking-consumer | Event collected | batch=4/10 | partition=0 | offset=1248 | event_id=f7c2937b-0dd9-48b9-a9b6-f753349977c4
2026-07-17 17:02:48,221 | INFO | booking-consumer | Event collected | batch=5/10 | partition=0 | offset=1249 | event_id=b8899b4c-fc25-4136-9008-c87832641aab
2026-07-17 17:02:48,222 | INFO | booking-consumer | Event collected | batch=6/10 | partition=0 | offset=1250 | event_id=3ca5ffcc-1d61-40ae-aa97-43d573aa3e3e
2026-07-17 17:02:48,223 | INFO | booking-consumer | Event collected | batch=7/10 | partition=0 | offset=1251 | event_id=8711c689-b20e-449a-a569-208048d5874a
2026-07-17 17:02:48,224 | INFO | booking-consumer | Event collected | batch=8/10 | partition=0 | offset=1252 | event_id=0e507954-af39-4e52-b881-ebca3d9ed0a2
2026-07-17 17:02:48,226 | INFO | booking-consumer | Event collected | batch=9/10 | partition=0 | offset=1253 | event_id=3c7d4122-9a84-4506-8b15-d5f47ef1d36d
2026-07-17 17:02:48,227 | INFO | booking-consumer | Event collected | batch=10/10 | partition=0 | offset=1254 | event_id=64e5d527-7242-4aff-b40c-95345d93f7ba
2026-07-17 17:02:48,237 | INFO | booking-consumer | Batch written and offsets committed | records=10 | offsets={0: 1255}
2026-07-17 17:02:48,238 | INFO | booking-consumer | Event collected | batch=1/10 | partition=0 | offset=1255 | event_id=385d8f62-896b-476d-b61f-e4a7977e9122
2026-07-17 17:02:48,239 | INFO | booking-consumer | Event collected | batch=2/10 | partition=0 | offset=1256 | event_id=7a3a50d6-9b58-4cb8-b9f0-7208718144f9
2026-07-17 17:02:48,240 | INFO | booking-consumer | Event collected | batch=3/10 | partition=0 | offset=1257 | event_id=45a67c33-a746-4ea7-a563-4c80b17abc00
2026-07-17 17:02:48,242 | INFO | booking-consumer | Event collected | batch=4/10 | partition=0 | offset=1258 | event_id=7302029d-df44-485e-a2b9-918beb497cc9
2026-07-17 17:02:48,242 | INFO | booking-consumer | Event collected | batch=5/10 | partition=0 | offset=1259 | event_id=187f8cf7-c454-4019-88c7-bb22b78a9341
2026-07-17 17:02:48,243 | INFO | booking-consumer | Event collected | batch=6/10 | partition=0 | offset=1260 | event_id=d647dfac-e7fa-4dd7-9f82-ba49af27bde0
2026-07-17 17:02:48,243 | INFO | booking-consumer | Event collected | batch=7/10 | partition=0 | offset=1261 | event_id=d21f02ea-5eea-4165-af00-cb32749397ee
2026-07-17 17:02:48,245 | INFO | booking-consumer | Event collected | batch=8/10 | partition=0 | offset=1262 | event_id=504e6d80-2331-42b6-827e-0a5798896ecc
2026-07-17 17:02:48,245 | INFO | booking-consumer | Event collected | batch=9/10 | partition=0 | offset=1263 | event_id=7447b190-d34a-41e6-ad75-bd1f1e57fd83
2026-07-17 17:02:48,246 | INFO | booking-consumer | Event collected | batch=10/10 | partition=0 | offset=1264 | event_id=65c1de09-c93f-4879-9b57-d1e6257efc86
2026-07-17 17:02:48,255 | INFO | booking-consumer | Batch written and offsets committed | records=10 | offsets={0: 1265}
2026-07-17 17:02:48,256 | INFO | booking-consumer | Event collected | batch=1/10 | partition=0 | offset=1265 | event_id=bab5b7a7-a476-4b50-b81a-66b44211993d
2026-07-17 17:02:48,257 | INFO | booking-consumer | Event collected | batch=2/10 | partition=0 | offset=1266 | event_id=9a9043a6-3b74-43cc-9a8e-038567e84fb7
2026-07-17 17:02:48,259 | INFO | booking-consumer | Event collected | batch=3/10 | partition=0 | offset=1267 | event_id=91f5cacf-b052-43ba-b0de-3d25f121da28
2026-07-17 17:02:48,260 | INFO | booking-consumer | Event collected | batch=4/10 | partition=0 | offset=1268 | event_id=b5644cc8-9a83-44ab-be2b-32e625c4a1a1
2026-07-17 17:02:48,261 | INFO | booking-consumer | Event collected | batch=5/10 | partition=0 | offset=1269 | event_id=a43767bc-7dd3-4d3c-9bb6-caf5fcc23e75
2026-07-17 17:02:48,261 | INFO | booking-consumer | Event collected | batch=6/10 | partition=0 | offset=1270 | event_id=9456330e-1d6d-468b-b734-2dd936048c41
2026-07-17 17:02:48,261 | INFO | booking-consumer | Event collected | batch=7/10 | partition=0 | offset=1271 | event_id=70e92478-7c46-4cbb-a3d6-144ea35ac576
2026-07-17 17:02:48,262 | INFO | booking-consumer | Event collected | batch=8/10 | partition=0 | offset=1272 | event_id=f9d08c1b-669e-47d2-8918-003791d02c85
2026-07-17 17:02:48,263 | INFO | booking-consumer | Event collected | batch=9/10 | partition=0 | offset=1273 | event_id=4a0de194-9572-466c-b04a-fe23df39e49e
2026-07-17 17:02:48,263 | INFO | booking-consumer | Event collected | batch=10/10 | partition=0 | offset=1274 | event_id=ca4578ab-aceb-443d-912b-ef3b0570eb72
2026-07-17 17:02:48,270 | INFO | booking-consumer | Batch written and offsets committed | records=10 | offsets={0: 1275}
2026-07-17 17:02:48,271 | INFO | booking-consumer | Event collected | batch=1/10 | partition=0 | offset=1275 | event_id=d89bd2c3-1c07-4428-936b-8827da8d3b39
2026-07-17 17:02:48,272 | INFO | booking-consumer | Event collected | batch=2/10 | partition=0 | offset=1276 | event_id=86e1aee4-aa09-4767-ae7b-9439a0ef44cc
2026-07-17 17:02:48,273 | INFO | booking-consumer | Event collected | batch=3/10 | partition=0 | offset=1277 | event_id=06830e8d-e891-4eba-a019-fd1592d26a42
2026-07-17 17:02:48,274 | INFO | booking-consumer | Event collected | batch=4/10 | partition=0 | offset=1278 | event_id=a535786d-ba90-4387-baae-a08ef3fe0225
2026-07-17 17:02:48,275 | INFO | booking-consumer | Event collected | batch=5/10 | partition=0 | offset=1279 | event_id=e04e7308-6d5b-4540-aecb-1e67b7386b22
2026-07-17 17:02:48,275 | INFO | booking-consumer | Event collected | batch=6/10 | partition=0 | offset=1280 | event_id=7dabe627-6967-46c9-8e58-8345825d93a9
2026-07-17 17:02:48,276 | INFO | booking-consumer | Event collected | batch=7/10 | partition=0 | offset=1281 | event_id=44e853a2-5f6f-4d6d-9579-abda918955d8
2026-07-17 17:02:48,276 | INFO | booking-consumer | Event collected | batch=8/10 | partition=0 | offset=1282 | event_id=17842954-6a9f-4232-92d9-382f0c44735c
2026-07-17 17:02:48,277 | INFO | booking-consumer | Event collected | batch=9/10 | partition=0 | offset=1283 | event_id=7a2a9f5f-4dc1-4653-a699-899a6ada1d72
2026-07-17 17:02:48,277 | INFO | booking-consumer | Event collected | batch=10/10 | partition=0 | offset=1284 | event_id=cf196545-6188-4f26-899f-3054148ace24
2026-07-17 17:02:48,284 | INFO | booking-consumer | Batch written and offsets committed | records=10 | offsets={0: 1285}
2026-07-17 17:02:48,285 | INFO | booking-consumer | Event collected | batch=1/10 | partition=0 | offset=1285 | event_id=1c6cfe89-5b39-4263-abea-b4c56fb76509
2026-07-17 17:02:48,286 | INFO | booking-consumer | Event collected | batch=2/10 | partition=0 | offset=1286 | event_id=5a64e4d3-6db0-4b09-8acb-b0bdb4ca9ea5
2026-07-17 17:02:48,286 | INFO | booking-consumer | Event collected | batch=3/10 | partition=0 | offset=1287 | event_id=dad62f12-4b00-406f-b8a6-609051a60fca
2026-07-17 17:02:48,287 | INFO | booking-consumer | Event collected | batch=4/10 | partition=0 | offset=1288 | event_id=581ccbe0-816d-4b94-b65e-be77e829acc1
2026-07-17 17:02:48,287 | INFO | booking-consumer | Event collected | batch=5/10 | partition=0 | offset=1289 | event_id=7518ed21-70ae-491f-894d-4f3bcdeadf58
2026-07-17 17:02:48,288 | INFO | booking-consumer | Event collected | batch=6/10 | partition=0 | offset=1290 | event_id=d4e4474e-535b-4414-8078-3bd064146a00
2026-07-17 17:02:48,288 | INFO | booking-consumer | Event collected | batch=7/10 | partition=0 | offset=1291 | event_id=ac2290d2-55fa-4575-9e61-4214e66199ed
2026-07-17 17:02:48,289 | INFO | booking-consumer | Event collected | batch=8/10 | partition=0 | offset=1292 | event_id=04e22ae8-69b4-4151-810b-977ac763a128
2026-07-17 17:02:48,290 | INFO | booking-consumer | Event collected | batch=9/10 | partition=0 | offset=1293 | event_id=1d1cff50-7bf1-49a6-8487-54c43fa2b5b0
2026-07-17 17:02:48,290 | INFO | booking-consumer | Event collected | batch=10/10 | partition=0 | offset=1294 | event_id=f20d6d62-f298-43a9-9437-4d6931757be3
2026-07-17 17:02:48,299 | INFO | booking-consumer | Batch written and offsets committed | records=10 | offsets={0: 1295}
2026-07-17 17:02:48,300 | INFO | booking-consumer | Event collected | batch=1/10 | partition=0 | offset=1295 | event_id=1c393b53-ceea-4da4-9522-7655b4eaf47e
2026-07-17 17:02:48,301 | INFO | booking-consumer | Event collected | batch=2/10 | partition=0 | offset=1296 | event_id=26c29fef-b7ab-4eeb-a537-b5fcfcb12557
2026-07-17 17:02:48,301 | INFO | booking-consumer | Event collected | batch=3/10 | partition=0 | offset=1297 | event_id=82387221-bda4-4f4b-ab62-43f729d38c26
2026-07-17 17:02:48,302 | INFO | booking-consumer | Event collected | batch=4/10 | partition=0 | offset=1298 | event_id=d73b6c12-dd22-4c52-a1c3-1c3482ecf8cd
2026-07-17 17:02:48,302 | INFO | booking-consumer | Event collected | batch=5/10 | partition=0 | offset=1299 | event_id=0af3f332-2f0b-4ae4-97a5-3e29ee3a87f9
2026-07-17 17:02:48,302 | INFO | booking-consumer | Event collected | batch=6/10 | partition=0 | offset=1300 | event_id=d1961791-5867-410b-9e20-508119f1d6ff
2026-07-17 17:02:48,303 | INFO | booking-consumer | Event collected | batch=7/10 | partition=0 | offset=1301 | event_id=7edb51d5-8055-4a1b-9b5a-002d19375d54
2026-07-17 17:02:48,303 | INFO | booking-consumer | Event collected | batch=8/10 | partition=0 | offset=1302 | event_id=1c7a4b27-80fc-473c-8197-6d72065c8e1a
2026-07-17 17:02:48,304 | INFO | booking-consumer | Event collected | batch=9/10 | partition=0 | offset=1303 | event_id=9fb810b6-25f4-4f81-8a68-b0c81360bde4
2026-07-17 17:02:48,304 | INFO | booking-consumer | Event collected | batch=10/10 | partition=0 | offset=1304 | event_id=a5578678-3c77-47ec-bbdb-4c641601d580
2026-07-17 17:02:48,313 | INFO | booking-consumer | Batch written and offsets committed | records=10 | offsets={0: 1305}
2026-07-17 17:02:48,313 | INFO | booking-consumer | Event collected | batch=1/10 | partition=0 | offset=1305 | event_id=b21b6b8c-f36a-45df-ac0c-6fe4b9b1ae5a
2026-07-17 17:02:48,314 | INFO | booking-consumer | Event collected | batch=2/10 | partition=0 | offset=1306 | event_id=58dc3bda-a1ea-4396-8047-0d5f91a90aa6
2026-07-17 17:02:48,314 | INFO | booking-consumer | Event collected | batch=3/10 | partition=0 | offset=1307 | event_id=8426b4c0-a7b5-4b05-81e8-c1d082b4db70
2026-07-17 17:02:48,314 | INFO | booking-consumer | Event collected | batch=4/10 | partition=0 | offset=1308 | event_id=1075b17c-b84b-4b22-851e-cb971f5c2c65
2026-07-17 17:02:48,315 | INFO | booking-consumer | Event collected | batch=5/10 | partition=0 | offset=1309 | event_id=9cc4398b-8716-4711-b91f-5d86099d7935
2026-07-17 17:02:48,316 | INFO | booking-consumer | Event collected | batch=6/10 | partition=0 | offset=1310 | event_id=560dad87-4b73-411c-b9a5-40dbdf428a96
2026-07-17 17:02:48,316 | INFO | booking-consumer | Event collected | batch=7/10 | partition=0 | offset=1311 | event_id=9cdd9af8-297d-4f07-a511-c9942b794a39
2026-07-17 17:02:48,316 | INFO | booking-consumer | Event collected | batch=8/10 | partition=0 | offset=1312 | event_id=85a83f4d-ad49-4fc2-8cee-f54e9150dc72
2026-07-17 17:02:48,317 | INFO | booking-consumer | Event collected | batch=9/10 | partition=0 | offset=1313 | event_id=63de97ce-dceb-4828-a473-e52d44457d9a
2026-07-17 17:02:48,317 | INFO | booking-consumer | Event collected | batch=10/10 | partition=0 | offset=1314 | event_id=1d2e274f-ccd8-48bb-9134-4d994e41f49e
2026-07-17 17:02:48,325 | INFO | booking-consumer | Batch written and offsets committed | records=10 | offsets={0: 1315}
2026-07-17 17:02:48,325 | INFO | booking-consumer | Event collected | batch=1/10 | partition=0 | offset=1315 | event_id=1738805f-cb66-4ed0-b816-0e784254871a
2026-07-17 17:02:48,326 | INFO | booking-consumer | Event collected | batch=2/10 | partition=0 | offset=1316 | event_id=89a8fa98-da5e-4bc5-b3b4-665a8310736c
2026-07-17 17:02:48,328 | INFO | booking-consumer | Event collected | batch=3/10 | partition=0 | offset=1317 | event_id=d968c0f9-1ed7-406d-b365-5594a6cf9b56
2026-07-17 17:02:48,328 | INFO | booking-consumer | Event collected | batch=4/10 | partition=0 | offset=1318 | event_id=cb595211-fe06-42df-a790-3bd5316cf050
2026-07-17 17:02:48,329 | INFO | booking-consumer | Event collected | batch=5/10 | partition=0 | offset=1319 | event_id=9f73c30c-fafb-4736-a5b2-72098638072e
2026-07-17 17:02:48,329 | INFO | booking-consumer | Event collected | batch=6/10 | partition=0 | offset=1320 | event_id=6e821a64-ca77-4a5f-b8d6-82728d5aec90
2026-07-17 17:02:48,330 | INFO | booking-consumer | Event collected | batch=7/10 | partition=0 | offset=1321 | event_id=99b2f826-7122-4b4d-8e24-fb0d90e93ad1
2026-07-17 17:02:48,331 | INFO | booking-consumer | Event collected | batch=8/10 | partition=0 | offset=1322 | event_id=7bda9ddf-0624-4864-a018-fc8f24bfba6d
2026-07-17 17:02:48,331 | INFO | booking-consumer | Event collected | batch=9/10 | partition=0 | offset=1323 | event_id=5176aa53-cfb3-434b-a517-2b79c35c8c23
2026-07-17 17:02:48,332 | INFO | booking-consumer | Event collected | batch=10/10 | partition=0 | offset=1324 | event_id=5eb7ba7a-3f51-46ad-9db1-a2be1245a185
2026-07-17 17:02:48,344 | INFO | booking-consumer | Batch written and offsets committed | records=10 | offsets={0: 1325}
2026-07-17 17:02:48,345 | INFO | booking-consumer | Event collected | batch=1/10 | partition=0 | offset=1325 | event_id=fffcfc01-7e89-4eab-a4ed-0bab09ef64b3
2026-07-17 17:02:48,345 | INFO | booking-consumer | Event collected | batch=2/10 | partition=0 | offset=1326 | event_id=6083fb10-1799-4ddd-8aa6-a17c5d370f4b
2026-07-17 17:02:48,346 | INFO | booking-consumer | Event collected | batch=3/10 | partition=0 | offset=1327 | event_id=4f9d24f7-582e-4a41-bc21-02bbf3aae2c8
2026-07-17 17:02:48,346 | INFO | booking-consumer | Event collected | batch=4/10 | partition=0 | offset=1328 | event_id=bd35c6fa-e76c-46de-af90-a7964cb92b77
2026-07-17 17:02:48,346 | INFO | booking-consumer | Event collected | batch=5/10 | partition=0 | offset=1329 | event_id=261f5024-9d32-458d-9b48-3e7814bf18d7
2026-07-17 17:02:48,347 | INFO | booking-consumer | Event collected | batch=6/10 | partition=0 | offset=1330 | event_id=7cda6741-b268-486d-bdfb-f41b0d1ff3ea
2026-07-17 17:02:48,348 | INFO | booking-consumer | Event collected | batch=7/10 | partition=0 | offset=1331 | event_id=aae28405-ba67-409c-82d2-af3674f06435
2026-07-17 17:02:48,348 | INFO | booking-consumer | Event collected | batch=8/10 | partition=0 | offset=1332 | event_id=1dbb3e26-9f6a-4321-964f-395e98c07e51
2026-07-17 17:02:48,349 | INFO | booking-consumer | Event collected | batch=9/10 | partition=0 | offset=1333 | event_id=74ee5257-8bc1-4e46-a238-0b4422f8e09f
2026-07-17 17:02:48,349 | INFO | booking-consumer | Event collected | batch=10/10 | partition=0 | offset=1334 | event_id=5a31b8b9-9982-44a8-afe7-9a6f18c946aa
2026-07-17 17:02:48,358 | INFO | booking-consumer | Batch written and offsets committed | records=10 | offsets={0: 1335}
2026-07-17 17:02:48,359 | INFO | booking-consumer | Event collected | batch=1/10 | partition=0 | offset=1335 | event_id=6eeee784-6fff-4392-bab7-74e62777c4cd
2026-07-17 17:02:48,359 | INFO | booking-consumer | Event collected | batch=2/10 | partition=0 | offset=1336 | event_id=cce7f827-62bf-4539-86e3-20f5434d1ebc
2026-07-17 17:02:48,361 | INFO | booking-consumer | Event collected | batch=3/10 | partition=0 | offset=1337 | event_id=1170c7ef-c131-4d5c-8b31-9b6d50d673b5
2026-07-17 17:02:48,361 | INFO | booking-consumer | Event collected | batch=4/10 | partition=0 | offset=1338 | event_id=31536530-3888-4747-85fd-d7b612ee6c4d
2026-07-17 17:02:48,362 | INFO | booking-consumer | Event collected | batch=5/10 | partition=0 | offset=1339 | event_id=4d46e950-bfe3-4d47-a9da-afb0d8abe5a5
2026-07-17 17:02:48,362 | INFO | booking-consumer | Event collected | batch=6/10 | partition=0 | offset=1340 | event_id=b2cd7dd0-97a5-41e6-8894-14feb2d839d3
2026-07-17 17:02:48,363 | INFO | booking-consumer | Event collected | batch=7/10 | partition=0 | offset=1341 | event_id=0fb3d18c-63d3-4a79-8d50-e444c81b1c2b
2026-07-17 17:02:48,363 | INFO | booking-consumer | Event collected | batch=8/10 | partition=0 | offset=1342 | event_id=e66ea0c1-b304-4643-8628-3778e7fbb1e4
2026-07-17 17:02:48,364 | INFO | booking-consumer | Event collected | batch=9/10 | partition=0 | offset=1343 | event_id=f2c9b33e-78d6-44f2-86eb-9101edb9846e
2026-07-17 17:02:48,365 | INFO | booking-consumer | Event collected | batch=10/10 | partition=0 | offset=1344 | event_id=95ae433e-668d-485e-b0b6-86e36b251ca4
2026-07-17 17:02:48,374 | INFO | booking-consumer | Batch written and offsets committed | records=10 | offsets={0: 1345}
2026-07-17 17:02:48,375 | INFO | booking-consumer | Event collected | batch=1/10 | partition=0 | offset=1345 | event_id=572e9a74-fb87-4221-92ef-9d2e8a0c1492
2026-07-17 17:02:48,376 | INFO | booking-consumer | Event collected | batch=2/10 | partition=0 | offset=1346 | event_id=5d7c43b3-f7ad-4c3d-83b6-463c7f536b54
2026-07-17 17:02:48,378 | INFO | booking-consumer | Event collected | batch=3/10 | partition=0 | offset=1347 | event_id=5b338322-69c3-41bf-b71c-eed810a21242
2026-07-17 17:02:48,378 | INFO | booking-consumer | Event collected | batch=4/10 | partition=0 | offset=1348 | event_id=d1cc067f-3c75-42a1-a2cc-4ccbb6238af0
2026-07-17 17:02:48,379 | INFO | booking-consumer | Event collected | batch=5/10 | partition=0 | offset=1349 | event_id=9ae3c140-5781-47d7-bed7-05959a91f287
2026-07-17 17:02:48,379 | INFO | booking-consumer | Event collected | batch=6/10 | partition=0 | offset=1350 | event_id=6981c349-7435-4726-bf8c-3323fc8b988f
2026-07-17 17:02:48,380 | INFO | booking-consumer | Event collected | batch=7/10 | partition=0 | offset=1351 | event_id=31e51801-a7ba-4d77-8cf8-a3d1a67d2b3b
2026-07-17 17:02:48,380 | INFO | booking-consumer | Event collected | batch=8/10 | partition=0 | offset=1352 | event_id=c448f86e-12f6-4eb1-8487-64c7c4b9b81d
2026-07-17 17:02:48,381 | INFO | booking-consumer | Event collected | batch=9/10 | partition=0 | offset=1353 | event_id=3aac949b-fb12-4d19-8b60-68fbca612390
2026-07-17 17:02:48,381 | INFO | booking-consumer | Event collected | batch=10/10 | partition=0 | offset=1354 | event_id=7acdebcd-b46b-43b1-a43b-8e98bc9a8b35
2026-07-17 17:02:48,391 | INFO | booking-consumer | Batch written and offsets committed | records=10 | offsets={0: 1355}
2026-07-17 17:02:48,392 | INFO | booking-consumer | Event collected | batch=1/10 | partition=0 | offset=1355 | event_id=a00de9b8-0513-406d-95b4-b7adc25cefd4
2026-07-17 17:02:48,392 | INFO | booking-consumer | Event collected | batch=2/10 | partition=0 | offset=1356 | event_id=ec7a1aa0-b7ce-45cf-8ec2-7f6c4322c444
2026-07-17 17:02:48,393 | INFO | booking-consumer | Event collected | batch=3/10 | partition=0 | offset=1357 | event_id=d02e9512-90f2-49ac-be99-bbfd9cd7e732
2026-07-17 17:02:48,394 | INFO | booking-consumer | Event collected | batch=4/10 | partition=0 | offset=1358 | event_id=e96c4fa8-b24d-4111-8742-539339a9d5d6
2026-07-17 17:02:48,394 | INFO | booking-consumer | Event collected | batch=5/10 | partition=0 | offset=1359 | event_id=0a9ccefb-8a63-4117-968b-c9c6da6d0519
2026-07-17 17:02:48,395 | INFO | booking-consumer | Event collected | batch=6/10 | partition=0 | offset=1360 | event_id=6ccb0c87-3e1f-4072-814e-c132dd22452a
2026-07-17 17:02:48,395 | INFO | booking-consumer | Event collected | batch=7/10 | partition=0 | offset=1361 | event_id=90f9b371-4188-47a8-ab66-da7576e6f142
2026-07-17 17:02:48,396 | INFO | booking-consumer | Event collected | batch=8/10 | partition=0 | offset=1362 | event_id=201f4e07-7bf9-4a5c-bdc8-14c7e871ddfc
2026-07-17 17:02:48,396 | INFO | booking-consumer | Event collected | batch=9/10 | partition=0 | offset=1363 | event_id=9e65de5b-2998-4dc1-afdd-77e54e39c2f4
2026-07-17 17:02:48,396 | INFO | booking-consumer | Event collected | batch=10/10 | partition=0 | offset=1364 | event_id=7ade5cb5-31cd-4162-ba5f-9f6ab0c6651a
2026-07-17 17:02:48,407 | INFO | booking-consumer | Batch written and offsets committed | records=10 | offsets={0: 1365}
2026-07-17 17:02:48,408 | INFO | booking-consumer | Event collected | batch=1/10 | partition=0 | offset=1365 | event_id=b77f09f8-b02b-4659-80e4-49f016429e0f
2026-07-17 17:02:48,409 | INFO | booking-consumer | Event collected | batch=2/10 | partition=0 | offset=1366 | event_id=af2fc607-3bc1-4b15-a09a-de33288da6ac
2026-07-17 17:02:48,409 | INFO | booking-consumer | Event collected | batch=3/10 | partition=0 | offset=1367 | event_id=3132758f-a8fe-4662-a614-4de364d7eb61
2026-07-17 17:02:48,410 | INFO | booking-consumer | Event collected | batch=4/10 | partition=0 | offset=1368 | event_id=415671fe-2765-4152-ac0f-5d1f2ad28216
2026-07-17 17:02:48,411 | INFO | booking-consumer | Event collected | batch=5/10 | partition=0 | offset=1369 | event_id=45a070c6-e33b-480f-8642-73844c0f9a88
2026-07-17 17:02:48,411 | INFO | booking-consumer | Event collected | batch=6/10 | partition=0 | offset=1370 | event_id=c71ae3e6-6d37-45bb-9264-dea8af8f0a8e
2026-07-17 17:02:48,412 | INFO | booking-consumer | Event collected | batch=7/10 | partition=0 | offset=1371 | event_id=f0d23adf-f34d-4e53-9916-5914428e1aab
2026-07-17 17:02:48,413 | INFO | booking-consumer | Event collected | batch=8/10 | partition=0 | offset=1372 | event_id=67c0a011-c1a6-48e0-84fc-adc0723606d0
2026-07-17 17:02:48,413 | INFO | booking-consumer | Event collected | batch=9/10 | partition=0 | offset=1373 | event_id=123ce2e3-a76f-4799-ad02-86de765fceca
2026-07-17 17:02:48,414 | INFO | booking-consumer | Event collected | batch=10/10 | partition=0 | offset=1374 | event_id=a52b30b9-82c3-4f80-b586-8c11077c5121
2026-07-17 17:02:48,425 | INFO | booking-consumer | Batch written and offsets committed | records=10 | offsets={0: 1375}
2026-07-17 17:02:48,426 | INFO | booking-consumer | Event collected | batch=1/10 | partition=0 | offset=1375 | event_id=d9a56a5e-eea1-4b54-9fd9-540166659280
2026-07-17 17:02:48,426 | INFO | booking-consumer | Event collected | batch=2/10 | partition=0 | offset=1376 | event_id=3dec7731-29f0-479f-8fec-c6fbd524554a
2026-07-17 17:02:48,427 | INFO | booking-consumer | Event collected | batch=3/10 | partition=0 | offset=1377 | event_id=e51f88fe-415c-4816-a4ed-6ee16e409952
2026-07-17 17:02:48,427 | INFO | booking-consumer | Event collected | batch=4/10 | partition=0 | offset=1378 | event_id=8bec983c-70b1-4902-81ed-59d9c6043d38
2026-07-17 17:02:48,428 | INFO | booking-consumer | Event collected | batch=5/10 | partition=0 | offset=1379 | event_id=452b09e8-219e-4739-9d8d-fa577cc15112
2026-07-17 17:02:48,428 | INFO | booking-consumer | Event collected | batch=6/10 | partition=0 | offset=1380 | event_id=5cbfca29-808f-4ccb-af5e-b5c566675f1e
2026-07-17 17:02:48,429 | INFO | booking-consumer | Event collected | batch=7/10 | partition=0 | offset=1381 | event_id=58ea6dbc-785d-4682-af76-6482d6c3ddc7
2026-07-17 17:02:48,429 | INFO | booking-consumer | Event collected | batch=8/10 | partition=0 | offset=1382 | event_id=ce82a5ca-74af-43ef-9ac2-36051d577ac3
2026-07-17 17:02:48,430 | INFO | booking-consumer | Event collected | batch=9/10 | partition=0 | offset=1383 | event_id=b49e0da0-391d-4aaa-8b91-d37cfa4f0f51
2026-07-17 17:02:48,430 | INFO | booking-consumer | Event collected | batch=10/10 | partition=0 | offset=1384 | event_id=a8c3bf1f-b24a-476e-ad63-7c011e2b2ccc
2026-07-17 17:02:48,437 | INFO | booking-consumer | Batch written and offsets committed | records=10 | offsets={0: 1385}
2026-07-17 17:02:48,438 | INFO | booking-consumer | Event collected | batch=1/10 | partition=0 | offset=1385 | event_id=69780235-5c62-431d-ba04-2769ade361e0
2026-07-17 17:02:48,439 | INFO | booking-consumer | Event collected | batch=2/10 | partition=0 | offset=1386 | event_id=95307fa4-2945-4485-9fbc-7b3ea7e00f59
2026-07-17 17:02:48,441 | INFO | booking-consumer | Event collected | batch=3/10 | partition=0 | offset=1387 | event_id=3783dd16-099b-43f7-a922-cb49cc028b39
2026-07-17 17:02:48,441 | INFO | booking-consumer | Event collected | batch=4/10 | partition=0 | offset=1388 | event_id=a6700567-78b8-4ba0-a3a4-abfdd01fcfe6
2026-07-17 17:02:48,442 | INFO | booking-consumer | Event collected | batch=5/10 | partition=0 | offset=1389 | event_id=593a6535-1711-479d-8e2a-cbb9d001b2a8
2026-07-17 17:02:48,442 | INFO | booking-consumer | Event collected | batch=6/10 | partition=0 | offset=1390 | event_id=32c2c0c0-6277-4821-8c4f-ba9394c61b87
2026-07-17 17:02:48,444 | INFO | booking-consumer | Event collected | batch=7/10 | partition=0 | offset=1391 | event_id=70aa4ce6-e2b0-419f-9956-6885efcd3656
2026-07-17 17:02:48,445 | INFO | booking-consumer | Event collected | batch=8/10 | partition=0 | offset=1392 | event_id=e4b0dc8b-fead-4305-a465-5cd6e9407c99
2026-07-17 17:02:48,445 | INFO | booking-consumer | Event collected | batch=9/10 | partition=0 | offset=1393 | event_id=7e6423c5-e793-4e99-8e5e-d80dd888db5f
2026-07-17 17:02:48,446 | INFO | booking-consumer | Event collected | batch=10/10 | partition=0 | offset=1394 | event_id=912a78ea-4da6-4b8a-a793-48aeb5bfb473
2026-07-17 17:02:48,452 | INFO | booking-consumer | Batch written and offsets committed | records=10 | offsets={0: 1395}
2026-07-17 17:02:48,453 | INFO | booking-consumer | Event collected | batch=1/10 | partition=0 | offset=1395 | event_id=dece3178-4201-429a-9545-2ab90271a858
2026-07-17 17:02:48,454 | INFO | booking-consumer | Event collected | batch=2/10 | partition=0 | offset=1396 | event_id=7f7cf408-6dca-4500-b3ab-60dbdbd666b3
2026-07-17 17:02:48,455 | INFO | booking-consumer | Event collected | batch=3/10 | partition=0 | offset=1397 | event_id=b4829834-0957-4061-b3db-a71d5ddf69f7
2026-07-17 17:02:48,455 | INFO | booking-consumer | Event collected | batch=4/10 | partition=0 | offset=1398 | event_id=a05f7136-f3be-4675-8e07-014ad6152ca4
2026-07-17 17:02:48,456 | INFO | booking-consumer | Event collected | batch=5/10 | partition=0 | offset=1399 | event_id=89440fe8-a028-4fe5-8dc4-195df7c33603
2026-07-17 17:02:48,458 | INFO | booking-consumer | Event collected | batch=6/10 | partition=0 | offset=1400 | event_id=08463d02-9639-40b1-9230-251346c932a9
2026-07-17 17:02:48,458 | INFO | booking-consumer | Event collected | batch=7/10 | partition=0 | offset=1401 | event_id=7e262201-1e01-428b-8f61-fc56fe595d9a
2026-07-17 17:02:48,459 | INFO | booking-consumer | Event collected | batch=8/10 | partition=0 | offset=1402 | event_id=99635735-dfa7-4a94-8d4d-7367f7ed56d9
2026-07-17 17:02:48,460 | INFO | booking-consumer | Event collected | batch=9/10 | partition=0 | offset=1403 | event_id=33a4ec2d-fc1c-4751-af10-18f4657974fc
2026-07-17 17:02:48,460 | INFO | booking-consumer | Event collected | batch=10/10 | partition=0 | offset=1404 | event_id=6f2caad0-5cd2-4dd4-ad02-bbcae6ba0877
2026-07-17 17:02:48,483 | INFO | booking-consumer | Batch written and offsets committed | records=10 | offsets={0: 1405}
2026-07-17 17:02:48,552 | INFO | booking-consumer | Event collected | batch=1/10 | partition=0 | offset=1405 | event_id=cd71d286-ca00-486d-8183-7ce1b42b0686
2026-07-17 17:02:48,601 | INFO | booking-consumer | Event collected | batch=2/10 | partition=0 | offset=1406 | event_id=da4fba9a-a0bf-4c0a-9733-9eca5e67fadd
2026-07-17 17:02:48,601 | INFO | booking-consumer | Event collected | batch=3/10 | partition=0 | offset=1407 | event_id=e189ffee-551a-4289-a2ba-0da3b611ae9b
2026-07-17 17:02:48,603 | INFO | booking-consumer | Event collected | batch=4/10 | partition=0 | offset=1408 | event_id=e5724f9e-022e-4641-95d3-2d2b67a9882b
2026-07-17 17:02:48,604 | INFO | booking-consumer | Event collected | batch=5/10 | partition=0 | offset=1409 | event_id=ead24e99-a35a-45ef-be97-415cfcd03ecf
2026-07-17 17:02:48,605 | INFO | booking-consumer | Event collected | batch=6/10 | partition=0 | offset=1410 | event_id=c27657d2-abed-47c5-b6f3-66b93c9870a9
2026-07-17 17:02:48,605 | INFO | booking-consumer | Event collected | batch=7/10 | partition=0 | offset=1411 | event_id=501e1ece-b1e9-4771-9512-c56a77a6621f
2026-07-17 17:02:48,606 | INFO | booking-consumer | Event collected | batch=8/10 | partition=0 | offset=1412 | event_id=a47000d0-b877-4bc6-9394-a0413eed399d
2026-07-17 17:02:48,607 | INFO | booking-consumer | Event collected | batch=9/10 | partition=0 | offset=1413 | event_id=4fac40fb-aa5c-435c-b5ce-08510265b709
2026-07-17 17:02:48,607 | INFO | booking-consumer | Event collected | batch=10/10 | partition=0 | offset=1414 | event_id=f3dc8f67-fa15-4701-9717-a74449233209
2026-07-17 17:02:48,614 | INFO | booking-consumer | Batch written and offsets committed | records=10 | offsets={0: 1415}
2026-07-17 17:02:48,615 | INFO | booking-consumer | Event collected | batch=1/10 | partition=0 | offset=1415 | event_id=2a148593-fd66-4048-b5cc-a5af07c3b9b3
2026-07-17 17:02:48,616 | INFO | booking-consumer | Event collected | batch=2/10 | partition=0 | offset=1416 | event_id=f5a0a233-05fc-4dc2-8055-1e70a404b3d6
2026-07-17 17:02:48,616 | INFO | booking-consumer | Event collected | batch=3/10 | partition=0 | offset=1417 | event_id=0c065b66-47d5-4f49-bffe-f9aac7d1e564
2026-07-17 17:02:48,616 | INFO | booking-consumer | Event collected | batch=4/10 | partition=0 | offset=1418 | event_id=07e9c7ac-0a2b-41b4-a375-9e89ae08b631
2026-07-17 17:02:48,617 | INFO | booking-consumer | Event collected | batch=5/10 | partition=0 | offset=1419 | event_id=e01e2960-2607-4808-92d8-6f35c857f676
2026-07-17 17:02:48,617 | INFO | booking-consumer | Event collected | batch=6/10 | partition=0 | offset=1420 | event_id=7a4e84dd-cde3-48d4-9b10-1c1abf665b73
2026-07-17 17:02:48,618 | INFO | booking-consumer | Event collected | batch=7/10 | partition=0 | offset=1421 | event_id=b7c174f2-a0e8-4a9f-aacb-6d8f01e623ed
2026-07-17 17:02:48,618 | INFO | booking-consumer | Event collected | batch=8/10 | partition=0 | offset=1422 | event_id=fa3feb5b-5d09-4176-9b1c-ef453401fa00
2026-07-17 17:02:48,619 | INFO | booking-consumer | Event collected | batch=9/10 | partition=0 | offset=1423 | event_id=fb739542-b6ce-4bf6-bfb9-40ffda20618d
2026-07-17 17:02:48,619 | INFO | booking-consumer | Event collected | batch=10/10 | partition=0 | offset=1424 | event_id=45b2f3af-e0b6-4d7d-9c9a-8fb00437c0ea
2026-07-17 17:02:48,638 | INFO | booking-consumer | Batch written and offsets committed | records=10 | offsets={0: 1425}
2026-07-17 17:02:48,639 | INFO | booking-consumer | Event collected | batch=1/10 | partition=0 | offset=1425 | event_id=e491c7b5-76ab-4709-bcd6-6fb134024e55
2026-07-17 17:02:48,639 | INFO | booking-consumer | Event collected | batch=2/10 | partition=0 | offset=1426 | event_id=d713a776-eb60-447d-85b4-027ef6b83ad5
2026-07-17 17:02:48,640 | INFO | booking-consumer | Event collected | batch=3/10 | partition=0 | offset=1427 | event_id=be480eb4-c48b-486a-a72b-2e00f69a8842
2026-07-17 17:02:48,641 | INFO | booking-consumer | Event collected | batch=4/10 | partition=0 | offset=1428 | event_id=1ba09bec-9481-4dee-8aea-18a2e09db14c
2026-07-17 17:02:48,642 | INFO | booking-consumer | Event collected | batch=5/10 | partition=0 | offset=1429 | event_id=7b274fc8-8078-42f3-885e-b638dc3702cf
2026-07-17 17:02:48,642 | INFO | booking-consumer | Event collected | batch=6/10 | partition=0 | offset=1430 | event_id=b6b13281-c235-425c-b31f-de3d91acc145
2026-07-17 17:02:48,642 | INFO | booking-consumer | Event collected | batch=7/10 | partition=0 | offset=1431 | event_id=8ecf127e-4f3d-4f0c-ad6a-87bce85b3593
2026-07-17 17:02:48,644 | INFO | booking-consumer | Event collected | batch=8/10 | partition=0 | offset=1432 | event_id=730c3a5a-c042-4baf-acd2-4cb07a049e8b
2026-07-17 17:02:48,644 | INFO | booking-consumer | Event collected | batch=9/10 | partition=0 | offset=1433 | event_id=7aa86371-3ec0-4c56-9cac-b6c8e024b49d
2026-07-17 17:02:48,644 | INFO | booking-consumer | Event collected | batch=10/10 | partition=0 | offset=1434 | event_id=0fafb3ad-8266-460f-aedd-c7be9845e5da
2026-07-17 17:02:48,651 | INFO | booking-consumer | Batch written and offsets committed | records=10 | offsets={0: 1435}
2026-07-17 17:02:48,652 | INFO | booking-consumer | Event collected | batch=1/10 | partition=0 | offset=1435 | event_id=ba863bc0-f04c-4da5-90de-a5c4b1ada798
2026-07-17 17:02:48,653 | INFO | booking-consumer | Event collected | batch=2/10 | partition=0 | offset=1436 | event_id=36ea4f1c-0634-4d3c-ab26-8e1725c86c61
2026-07-17 17:02:48,653 | INFO | booking-consumer | Event collected | batch=3/10 | partition=0 | offset=1437 | event_id=5b6a89d8-7ca6-4a00-9fa5-b38195ca66a0
2026-07-17 17:02:48,654 | INFO | booking-consumer | Event collected | batch=4/10 | partition=0 | offset=1438 | event_id=277069a8-772d-43d6-969f-d37bff491538
2026-07-17 17:02:48,654 | INFO | booking-consumer | Event collected | batch=5/10 | partition=0 | offset=1439 | event_id=0f94001b-c621-4307-9ecf-b55aee3f9825
2026-07-17 17:02:48,654 | INFO | booking-consumer | Event collected | batch=6/10 | partition=0 | offset=1440 | event_id=f431321b-749f-45c6-9455-3346d1dfba75
2026-07-17 17:02:48,655 | INFO | booking-consumer | Event collected | batch=7/10 | partition=0 | offset=1441 | event_id=b8a42593-d8f7-47d0-a27b-b62cf14536f0
2026-07-17 17:02:48,656 | INFO | booking-consumer | Event collected | batch=8/10 | partition=0 | offset=1442 | event_id=d593f094-0446-47d7-9f3d-5ed7945d5cc1
2026-07-17 17:02:48,656 | INFO | booking-consumer | Event collected | batch=9/10 | partition=0 | offset=1443 | event_id=d6e27a30-4d92-436a-9ce0-a7342ee4f7a4
2026-07-17 17:02:48,657 | INFO | booking-consumer | Event collected | batch=10/10 | partition=0 | offset=1444 | event_id=cdf3803e-de0a-4811-bc63-069d6ee4860e
2026-07-17 17:02:48,665 | INFO | booking-consumer | Batch written and offsets committed | records=10 | offsets={0: 1445}
2026-07-17 17:02:48,666 | INFO | booking-consumer | Event collected | batch=1/10 | partition=0 | offset=1445 | event_id=46dff220-c7c7-4711-a2cd-2335e39346ef
2026-07-17 17:02:48,667 | INFO | booking-consumer | Event collected | batch=2/10 | partition=0 | offset=1446 | event_id=a50ace25-d995-4762-b0ec-3386c409173a
2026-07-17 17:02:48,668 | INFO | booking-consumer | Event collected | batch=3/10 | partition=0 | offset=1447 | event_id=ea9d3eb9-a461-4ffa-a2db-2f47bf059f28
2026-07-17 17:02:48,669 | INFO | booking-consumer | Event collected | batch=4/10 | partition=0 | offset=1448 | event_id=50e8a3d9-37d5-43ea-b831-77d387bee2ea
2026-07-17 17:02:48,669 | INFO | booking-consumer | Event collected | batch=5/10 | partition=0 | offset=1449 | event_id=2415f709-57dc-4758-98cf-c4f10e782b42
2026-07-17 17:02:48,669 | INFO | booking-consumer | Event collected | batch=6/10 | partition=0 | offset=1450 | event_id=dc0e2ee1-6de2-4658-be8f-fb5afb2d386c
2026-07-17 17:02:48,670 | INFO | booking-consumer | Event collected | batch=7/10 | partition=0 | offset=1451 | event_id=4759feaf-e4e1-47bd-96aa-2a0af0f850d5
2026-07-17 17:02:48,671 | INFO | booking-consumer | Event collected | batch=8/10 | partition=0 | offset=1452 | event_id=c736959b-5ee0-4228-b666-bcae14082d02
2026-07-17 17:02:48,671 | INFO | booking-consumer | Event collected | batch=9/10 | partition=0 | offset=1453 | event_id=9c4ad7ba-bdae-4429-b141-9be1b0db4537
2026-07-17 17:02:48,671 | INFO | booking-consumer | Event collected | batch=10/10 | partition=0 | offset=1454 | event_id=116f099c-01f2-4a2c-9a94-f7997a0b4a1f
2026-07-17 17:02:48,680 | INFO | booking-consumer | Batch written and offsets committed | records=10 | offsets={0: 1455}
2026-07-17 17:02:48,681 | INFO | booking-consumer | Event collected | batch=1/10 | partition=0 | offset=1455 | event_id=7a9b8b09-f6f1-4700-9fdb-825bef1748c2
2026-07-17 17:02:48,683 | INFO | booking-consumer | Event collected | batch=2/10 | partition=0 | offset=1456 | event_id=3f31f612-c578-483f-bedf-bf81c943daa9
2026-07-17 17:02:48,683 | INFO | booking-consumer | Event collected | batch=3/10 | partition=0 | offset=1457 | event_id=4a8fc1a1-30a0-4289-a774-a7091ab65b2b
2026-07-17 17:02:48,684 | INFO | booking-consumer | Event collected | batch=4/10 | partition=0 | offset=1458 | event_id=5fe8a29d-9b8f-4316-b6b8-93bcd373b674
2026-07-17 17:02:48,685 | INFO | booking-consumer | Event collected | batch=5/10 | partition=0 | offset=1459 | event_id=2201218e-a70c-4504-b211-6ce4190feeec
2026-07-17 17:02:48,685 | INFO | booking-consumer | Event collected | batch=6/10 | partition=0 | offset=1460 | event_id=b1ab1bd2-0b37-4856-88c4-c62111e9bc73
2026-07-17 17:02:48,685 | INFO | booking-consumer | Event collected | batch=7/10 | partition=0 | offset=1461 | event_id=39b938b5-905a-4f0c-8897-e110f854e468
2026-07-17 17:02:48,686 | INFO | booking-consumer | Event collected | batch=8/10 | partition=0 | offset=1462 | event_id=523851ee-f7f3-493c-82f7-e8a2a3275ea1
2026-07-17 17:02:48,686 | INFO | booking-consumer | Event collected | batch=9/10 | partition=0 | offset=1463 | event_id=f78bb49d-2b07-4d3a-856b-f1cb0da52697
2026-07-17 17:02:48,686 | INFO | booking-consumer | Event collected | batch=10/10 | partition=0 | offset=1464 | event_id=c2b0ec62-f03b-4e14-9150-dddbfc0c66a7
2026-07-17 17:02:48,693 | INFO | booking-consumer | Batch written and offsets committed | records=10 | offsets={0: 1465}
2026-07-17 17:02:48,693 | INFO | booking-consumer | Event collected | batch=1/10 | partition=0 | offset=1465 | event_id=dd503751-7d26-47f8-8cf0-596f3a7ef218
2026-07-17 17:02:48,694 | INFO | booking-consumer | Event collected | batch=2/10 | partition=0 | offset=1466 | event_id=3c99c4cd-1061-42c2-bd86-100b3d4d016c
2026-07-17 17:02:48,695 | INFO | booking-consumer | Event collected | batch=3/10 | partition=0 | offset=1467 | event_id=7f927aa6-6340-45a6-be0d-49740deae1ca
2026-07-17 17:02:48,695 | INFO | booking-consumer | Event collected | batch=4/10 | partition=0 | offset=1468 | event_id=34545004-380d-4819-a3f0-25574241aa5b
2026-07-17 17:02:48,695 | INFO | booking-consumer | Event collected | batch=5/10 | partition=0 | offset=1469 | event_id=829b3f79-4edc-4f7a-872d-687d6d2daf95
2026-07-17 17:02:48,696 | INFO | booking-consumer | Event collected | batch=6/10 | partition=0 | offset=1470 | event_id=b4c519a7-44d3-400e-a4aa-6a62e6e25529
2026-07-17 17:02:48,697 | INFO | booking-consumer | Event collected | batch=7/10 | partition=0 | offset=1471 | event_id=1ff9c077-65f1-4657-8d7a-d2251e75a144
2026-07-17 17:02:48,697 | INFO | booking-consumer | Event collected | batch=8/10 | partition=0 | offset=1472 | event_id=8f904d66-5164-4e20-9f47-f7aea32783af
2026-07-17 17:02:48,698 | INFO | booking-consumer | Event collected | batch=9/10 | partition=0 | offset=1473 | event_id=3dcca181-715a-46c2-911c-adba4ff872da
2026-07-17 17:02:48,699 | INFO | booking-consumer | Event collected | batch=10/10 | partition=0 | offset=1474 | event_id=07ebe7a8-134d-4729-82bd-edbb05a24808
2026-07-17 17:02:48,706 | INFO | booking-consumer | Batch written and offsets committed | records=10 | offsets={0: 1475}
2026-07-17 17:02:48,706 | INFO | booking-consumer | Event collected | batch=1/10 | partition=0 | offset=1475 | event_id=7a226fd2-c749-4f12-ae2a-19fb9bb282e8
2026-07-17 17:02:48,707 | INFO | booking-consumer | Event collected | batch=2/10 | partition=0 | offset=1476 | event_id=bc970ff2-9e8c-40f3-9294-ae6c62896cf5
2026-07-17 17:02:48,708 | INFO | booking-consumer | Event collected | batch=3/10 | partition=0 | offset=1477 | event_id=fb8af146-8145-4424-b749-0eb8cb1d09be
2026-07-17 17:02:48,708 | INFO | booking-consumer | Event collected | batch=4/10 | partition=0 | offset=1478 | event_id=9c17d284-2ce0-4c84-8cde-d60780b3c949
2026-07-17 17:02:48,709 | INFO | booking-consumer | Event collected | batch=5/10 | partition=0 | offset=1479 | event_id=19d929b4-0e5d-490f-949d-608b77ae1220
2026-07-17 17:02:48,709 | INFO | booking-consumer | Event collected | batch=6/10 | partition=0 | offset=1480 | event_id=432736d6-3dc7-4df4-954e-28d8fea18074
2026-07-17 17:02:48,710 | INFO | booking-consumer | Event collected | batch=7/10 | partition=0 | offset=1481 | event_id=286d788d-e76d-4456-b483-a81f8bfcd353
2026-07-17 17:02:48,710 | INFO | booking-consumer | Event collected | batch=8/10 | partition=0 | offset=1482 | event_id=f6e79149-3f24-4a60-a845-926f87d32574
2026-07-17 17:02:48,711 | INFO | booking-consumer | Event collected | batch=9/10 | partition=0 | offset=1483 | event_id=d8a7d1ed-44ed-4214-9c97-f172ee3f2dda
2026-07-17 17:02:48,711 | INFO | booking-consumer | Event collected | batch=10/10 | partition=0 | offset=1484 | event_id=10d6cd49-4c9c-4e92-bcb4-a61996a29765
2026-07-17 17:02:48,720 | INFO | booking-consumer | Batch written and offsets committed | records=10 | offsets={0: 1485}
2026-07-17 17:02:48,720 | INFO | booking-consumer | Event collected | batch=1/10 | partition=0 | offset=1485 | event_id=c4ce6ae6-d57e-4aff-8ecf-f0bea24d8f7b
2026-07-17 17:02:48,721 | INFO | booking-consumer | Event collected | batch=2/10 | partition=0 | offset=1486 | event_id=0373359c-833e-4fd1-be67-c5439cf194b8
2026-07-17 17:02:48,722 | INFO | booking-consumer | Event collected | batch=3/10 | partition=0 | offset=1487 | event_id=bf318bad-9d9e-4184-8a4b-9cf4a7cc7f0a
2026-07-17 17:02:48,722 | INFO | booking-consumer | Event collected | batch=4/10 | partition=0 | offset=1488 | event_id=bb7674cf-dadf-483c-ab39-a31166f89eb2
2026-07-17 17:02:48,723 | INFO | booking-consumer | Event collected | batch=5/10 | partition=0 | offset=1489 | event_id=25751882-9d86-4689-baa1-0cc608cfe414
2026-07-17 17:02:48,723 | INFO | booking-consumer | Event collected | batch=6/10 | partition=0 | offset=1490 | event_id=89d746b9-9f0e-4486-9a72-067750844df5
2026-07-17 17:02:48,723 | INFO | booking-consumer | Event collected | batch=7/10 | partition=0 | offset=1491 | event_id=15ec700b-6f20-4b1d-94b9-b58bc381983c
2026-07-17 17:02:48,724 | INFO | booking-consumer | Event collected | batch=8/10 | partition=0 | offset=1492 | event_id=488f9acc-d78f-4746-af05-c45cca942931
2026-07-17 17:02:48,724 | INFO | booking-consumer | Event collected | batch=9/10 | partition=0 | offset=1493 | event_id=2e79aab2-f44d-4283-8352-98121709afe6
2026-07-17 17:02:48,724 | INFO | booking-consumer | Event collected | batch=10/10 | partition=0 | offset=1494 | event_id=ed07f443-5f57-4e90-a301-8052a615008d
2026-07-17 17:02:48,732 | INFO | booking-consumer | Batch written and offsets committed | records=10 | offsets={0: 1495}
2026-07-17 17:02:48,733 | INFO | booking-consumer | Event collected | batch=1/10 | partition=0 | offset=1495 | event_id=5eef69e2-1d8e-4337-b8c9-4cdadbce2fad
2026-07-17 17:02:48,735 | INFO | booking-consumer | Event collected | batch=2/10 | partition=0 | offset=1496 | event_id=2a63c142-34bf-4b49-936f-cb02f5cbe172
2026-07-17 17:02:48,735 | INFO | booking-consumer | Event collected | batch=3/10 | partition=0 | offset=1497 | event_id=12ea5fed-9481-41a3-b408-d05702f51011
2026-07-17 17:02:48,735 | INFO | booking-consumer | Event collected | batch=4/10 | partition=0 | offset=1498 | event_id=3bfa448c-b489-463a-8d3f-b5ce5128a92f
2026-07-17 17:02:48,736 | INFO | booking-consumer | Event collected | batch=5/10 | partition=0 | offset=1499 | event_id=f3dbcc7c-6608-4c32-86c6-33d908091167
2026-07-17 17:02:48,736 | INFO | booking-consumer | Event collected | batch=6/10 | partition=0 | offset=1500 | event_id=f16a3060-fdbd-47b1-b8ff-8f48566c8b6a
2026-07-17 17:02:48,736 | INFO | booking-consumer | Event collected | batch=7/10 | partition=0 | offset=1501 | event_id=c10be850-31bd-4173-97d2-1b263772dbff
2026-07-17 17:02:48,737 | INFO | booking-consumer | Event collected | batch=8/10 | partition=0 | offset=1502 | event_id=f73d4e5c-f493-47d0-9e9a-4806ea5cc535
2026-07-17 17:02:48,738 | INFO | booking-consumer | Event collected | batch=9/10 | partition=0 | offset=1503 | event_id=49bf6863-1463-4d16-83a8-69445e871fdb
2026-07-17 17:02:48,738 | INFO | booking-consumer | Event collected | batch=10/10 | partition=0 | offset=1504 | event_id=40662736-1d21-4893-b71b-3ccb2a8460d6
2026-07-17 17:02:48,746 | INFO | booking-consumer | Batch written and offsets committed | records=10 | offsets={0: 1505}
2026-07-17 17:02:48,747 | INFO | booking-consumer | Event collected | batch=1/10 | partition=0 | offset=1505 | event_id=31c78511-559b-4359-8289-c561a732b07c
2026-07-17 17:02:48,748 | INFO | booking-consumer | Event collected | batch=2/10 | partition=0 | offset=1506 | event_id=7a2ef045-1fbc-4568-aeb0-1bb392beef98
2026-07-17 17:02:48,748 | INFO | booking-consumer | Event collected | batch=3/10 | partition=0 | offset=1507 | event_id=7d518948-686d-4864-a39a-2afbfd92eb87
2026-07-17 17:02:48,749 | INFO | booking-consumer | Event collected | batch=4/10 | partition=0 | offset=1508 | event_id=2bddfe1b-f8e7-49c9-9033-b696a336dc2c
2026-07-17 17:02:48,750 | INFO | booking-consumer | Event collected | batch=5/10 | partition=0 | offset=1509 | event_id=f8e1d4c2-c314-4d13-ad48-35387550ce68
2026-07-17 17:02:48,751 | INFO | booking-consumer | Event collected | batch=6/10 | partition=0 | offset=1510 | event_id=36213611-0795-4e58-be07-4a92af94494e
2026-07-17 17:02:48,751 | INFO | booking-consumer | Event collected | batch=7/10 | partition=0 | offset=1511 | event_id=ef44a532-f914-4f5b-9977-74f72c0716e8
2026-07-17 17:02:48,752 | INFO | booking-consumer | Event collected | batch=8/10 | partition=0 | offset=1512 | event_id=7f1ffcef-0d9a-4293-8d59-981e80fb469c
2026-07-17 17:02:48,752 | INFO | booking-consumer | Event collected | batch=9/10 | partition=0 | offset=1513 | event_id=21acaf62-026e-4e1f-950a-142dad352edf
2026-07-17 17:02:48,752 | INFO | booking-consumer | Event collected | batch=10/10 | partition=0 | offset=1514 | event_id=9a6f9406-8aae-4848-9ced-5c60ed9f591a
2026-07-17 17:02:48,763 | INFO | booking-consumer | Batch written and offsets committed | records=10 | offsets={0: 1515}
2026-07-17 17:02:48,763 | INFO | booking-consumer | Event collected | batch=1/10 | partition=0 | offset=1515 | event_id=86028317-20f2-4332-bdbd-5a9f49cef504
2026-07-17 17:02:48,763 | INFO | booking-consumer | Event collected | batch=2/10 | partition=0 | offset=1516 | event_id=5f25d6c5-3601-4f16-a6b6-50fff9c75781
2026-07-17 17:02:48,764 | INFO | booking-consumer | Event collected | batch=3/10 | partition=0 | offset=1517 | event_id=de8452b8-ba89-4ff5-a860-4774c664b750
2026-07-17 17:02:48,764 | INFO | booking-consumer | Event collected | batch=4/10 | partition=0 | offset=1518 | event_id=1f83b36d-5946-48eb-9a06-d57fc53dc8fe
2026-07-17 17:02:48,765 | INFO | booking-consumer | Event collected | batch=5/10 | partition=0 | offset=1519 | event_id=01c178a3-2f96-4d14-bbf3-70e7d0c7159a
2026-07-17 17:02:48,765 | INFO | booking-consumer | Event collected | batch=6/10 | partition=0 | offset=1520 | event_id=17265280-86d7-4564-893b-8947a4651f05
2026-07-17 17:02:48,765 | INFO | booking-consumer | Event collected | batch=7/10 | partition=0 | offset=1521 | event_id=d7f469c4-e7e4-4381-94e0-c90a9f7bdb46
2026-07-17 17:02:48,766 | INFO | booking-consumer | Event collected | batch=8/10 | partition=0 | offset=1522 | event_id=7359232d-813d-44b7-b0d0-f7659129b1b0
2026-07-17 17:02:48,767 | INFO | booking-consumer | Event collected | batch=9/10 | partition=0 | offset=1523 | event_id=4fd13778-3ef3-452d-88dc-6bf3b6e8dfd7
2026-07-17 17:02:48,767 | INFO | booking-consumer | Event collected | batch=10/10 | partition=0 | offset=1524 | event_id=7f8fffa8-2409-4657-be7a-7ba9d727e8da
2026-07-17 17:02:48,774 | INFO | booking-consumer | Batch written and offsets committed | records=10 | offsets={0: 1525}
2026-07-17 17:02:48,775 | INFO | booking-consumer | Event collected | batch=1/10 | partition=0 | offset=1525 | event_id=3b514613-aa2d-4809-9439-f65aa1517b7e
2026-07-17 17:02:48,776 | INFO | booking-consumer | Event collected | batch=2/10 | partition=0 | offset=1526 | event_id=fbe0f1c9-e752-4b90-b235-434dadd15c55
2026-07-17 17:02:48,776 | INFO | booking-consumer | Event collected | batch=3/10 | partition=0 | offset=1527 | event_id=9938b4c1-474b-4920-9572-147989b12f4b
2026-07-17 17:02:48,776 | INFO | booking-consumer | Event collected | batch=4/10 | partition=0 | offset=1528 | event_id=8e018737-936c-46d1-832f-e777e3b39188
2026-07-17 17:02:48,777 | INFO | booking-consumer | Event collected | batch=5/10 | partition=0 | offset=1529 | event_id=bc4f91a2-3a70-44f2-874c-bc770c3a14c2
2026-07-17 17:02:48,777 | INFO | booking-consumer | Event collected | batch=6/10 | partition=0 | offset=1530 | event_id=a5e71cff-bb7a-4180-ac90-bbe2fd06a7ff
2026-07-17 17:02:48,777 | INFO | booking-consumer | Event collected | batch=7/10 | partition=0 | offset=1531 | event_id=cab58956-5ea7-4047-b9fb-807de1ab65da
2026-07-17 17:02:48,778 | INFO | booking-consumer | Event collected | batch=8/10 | partition=0 | offset=1532 | event_id=6e0e338a-7f92-436c-89ee-4904065a3bb8
2026-07-17 17:02:48,778 | INFO | booking-consumer | Event collected | batch=9/10 | partition=0 | offset=1533 | event_id=42469eaf-3f04-4b11-8c6e-71c67b6eff58
2026-07-17 17:02:48,779 | INFO | booking-consumer | Event collected | batch=10/10 | partition=0 | offset=1534 | event_id=66f11de8-a479-496d-bc15-5f537764642c
2026-07-17 17:02:48,788 | INFO | booking-consumer | Batch written and offsets committed | records=10 | offsets={0: 1535}
2026-07-17 17:02:48,788 | INFO | booking-consumer | Event collected | batch=1/10 | partition=0 | offset=1535 | event_id=56bdca11-8417-4e10-a956-5e8c6e3ed615
2026-07-17 17:02:48,789 | INFO | booking-consumer | Event collected | batch=2/10 | partition=0 | offset=1536 | event_id=3c5e19bc-611d-4cc3-9a01-ac15ffcbb398
2026-07-17 17:02:48,790 | INFO | booking-consumer | Event collected | batch=3/10 | partition=0 | offset=1537 | event_id=c98a0e4e-b12f-4e53-8d5b-115bf18100ef
2026-07-17 17:02:48,790 | INFO | booking-consumer | Event collected | batch=4/10 | partition=0 | offset=1538 | event_id=e89d1057-0145-491d-bb7f-661863b080c6
2026-07-17 17:02:48,791 | INFO | booking-consumer | Event collected | batch=5/10 | partition=0 | offset=1539 | event_id=81cf6283-b1e0-454e-8922-14659211975a
2026-07-17 17:02:48,791 | INFO | booking-consumer | Event collected | batch=6/10 | partition=0 | offset=1540 | event_id=8658d22e-bad7-43ea-9832-974a2feb193a
2026-07-17 17:02:48,792 | INFO | booking-consumer | Event collected | batch=7/10 | partition=0 | offset=1541 | event_id=efda6bd0-d91c-41f9-9f06-d8dd864b4e79
2026-07-17 17:02:48,792 | INFO | booking-consumer | Event collected | batch=8/10 | partition=0 | offset=1542 | event_id=ccd3cf32-267e-4b95-a6c3-6332f7d684f1
2026-07-17 17:02:48,792 | INFO | booking-consumer | Event collected | batch=9/10 | partition=0 | offset=1543 | event_id=83adf570-1e3e-4943-a2b9-05f543f88d1d
2026-07-17 17:02:48,793 | INFO | booking-consumer | Event collected | batch=10/10 | partition=0 | offset=1544 | event_id=4d1f1450-ce64-480a-87a4-ea12b1cc0b73
2026-07-17 17:02:48,801 | INFO | booking-consumer | Batch written and offsets committed | records=10 | offsets={0: 1545}
2026-07-17 17:02:48,801 | INFO | booking-consumer | Event collected | batch=1/10 | partition=0 | offset=1545 | event_id=eee56346-e84d-401d-a597-3d7ce84a602f
2026-07-17 17:02:48,802 | INFO | booking-consumer | Event collected | batch=2/10 | partition=0 | offset=1546 | event_id=f0f29dd1-4199-421a-8ec0-317a82a3ae6c
2026-07-17 17:02:48,803 | INFO | booking-consumer | Event collected | batch=3/10 | partition=0 | offset=1547 | event_id=2d2f2e3c-90e2-4524-9d8d-fe44f7727eb0
2026-07-17 17:02:48,803 | INFO | booking-consumer | Event collected | batch=4/10 | partition=0 | offset=1548 | event_id=d6734b4d-a05e-4007-af73-d0d205974599
2026-07-17 17:02:48,803 | INFO | booking-consumer | Event collected | batch=5/10 | partition=0 | offset=1549 | event_id=48794821-45b7-43df-aebe-0b75a9a97bf7
2026-07-17 17:02:48,804 | INFO | booking-consumer | Event collected | batch=6/10 | partition=0 | offset=1550 | event_id=f6966840-8491-499e-b266-f3d601bc8723
2026-07-17 17:02:48,804 | INFO | booking-consumer | Event collected | batch=7/10 | partition=0 | offset=1551 | event_id=b0dd7196-063f-49c4-a1ee-ed6740822f94
2026-07-17 17:02:48,804 | INFO | booking-consumer | Event collected | batch=8/10 | partition=0 | offset=1552 | event_id=008aaca4-afe7-4a71-9460-e8bb8caa58e4
2026-07-17 17:02:48,805 | INFO | booking-consumer | Event collected | batch=9/10 | partition=0 | offset=1553 | event_id=938a0ea0-4ea5-4a09-9cfb-cd5504a3ccd4
2026-07-17 17:02:48,806 | INFO | booking-consumer | Event collected | batch=10/10 | partition=0 | offset=1554 | event_id=7a3e2685-15ae-42b6-8ba1-1f8a15589170
2026-07-17 17:02:48,812 | INFO | booking-consumer | Batch written and offsets committed | records=10 | offsets={0: 1555}
2026-07-17 17:02:48,814 | INFO | booking-consumer | Event collected | batch=1/10 | partition=0 | offset=1555 | event_id=883284d4-56c1-4596-9a1e-f8a80ff422ab
2026-07-17 17:02:48,815 | INFO | booking-consumer | Event collected | batch=2/10 | partition=0 | offset=1556 | event_id=1499f01f-6703-4977-9ba6-b16fdc13256c
2026-07-17 17:02:48,816 | INFO | booking-consumer | Event collected | batch=3/10 | partition=0 | offset=1557 | event_id=0be88ee4-3d99-4614-ae29-cd328c320e70
2026-07-17 17:02:48,817 | INFO | booking-consumer | Event collected | batch=4/10 | partition=0 | offset=1558 | event_id=6ff40e35-511c-479f-bb92-ccc48a468cf1
2026-07-17 17:02:48,817 | INFO | booking-consumer | Event collected | batch=5/10 | partition=0 | offset=1559 | event_id=3e77a7e7-cd6d-4da3-83af-2aa040934561
2026-07-17 17:02:48,818 | INFO | booking-consumer | Event collected | batch=6/10 | partition=0 | offset=1560 | event_id=5fe9d950-1d74-488b-b446-7867e4baedfb
2026-07-17 17:02:48,818 | INFO | booking-consumer | Event collected | batch=7/10 | partition=0 | offset=1561 | event_id=bcb3099b-605c-46c7-bdb1-60e8702a53b0
2026-07-17 17:02:48,819 | INFO | booking-consumer | Event collected | batch=8/10 | partition=0 | offset=1562 | event_id=3b660242-8c2e-429e-8131-efc5fa585a14
2026-07-17 17:02:48,819 | INFO | booking-consumer | Event collected | batch=9/10 | partition=0 | offset=1563 | event_id=2533c8f8-b032-47ed-a506-d56db205bed6
2026-07-17 17:02:48,820 | INFO | booking-consumer | Event collected | batch=10/10 | partition=0 | offset=1564 | event_id=060485e7-a31f-4224-a71d-11b6dfb08bd3
2026-07-17 17:02:48,828 | INFO | booking-consumer | Batch written and offsets committed | records=10 | offsets={0: 1565}
2026-07-17 17:02:48,830 | INFO | booking-consumer | Event collected | batch=1/10 | partition=0 | offset=1565 | event_id=79c7c10c-4bc6-482b-9ca0-98ff8d1cd6df
2026-07-17 17:02:48,831 | INFO | booking-consumer | Event collected | batch=2/10 | partition=0 | offset=1566 | event_id=6b91bd91-0fbd-4280-89f6-8661783a9b1c
2026-07-17 17:02:48,831 | INFO | booking-consumer | Event collected | batch=3/10 | partition=0 | offset=1567 | event_id=e65e1319-1f0f-49ef-829e-a0eafd6e6009
2026-07-17 17:02:48,831 | INFO | booking-consumer | Event collected | batch=4/10 | partition=0 | offset=1568 | event_id=25767026-ae7a-48b0-9c61-907ace644f1d
2026-07-17 17:02:48,832 | INFO | booking-consumer | Event collected | batch=5/10 | partition=0 | offset=1569 | event_id=5a736b05-21d4-42e0-8f4d-47dfb49b633d
2026-07-17 17:02:48,832 | INFO | booking-consumer | Event collected | batch=6/10 | partition=0 | offset=1570 | event_id=f71a8f88-9f6c-4d81-af90-dd76a1ddb6c4
2026-07-17 17:02:48,832 | INFO | booking-consumer | Event collected | batch=7/10 | partition=0 | offset=1571 | event_id=87d62b62-f721-4aa5-9267-4a896830e33c
2026-07-17 17:02:48,833 | INFO | booking-consumer | Event collected | batch=8/10 | partition=0 | offset=1572 | event_id=40e0cfe0-771c-4004-afc9-398ce607a000
2026-07-17 17:02:48,833 | INFO | booking-consumer | Event collected | batch=9/10 | partition=0 | offset=1573 | event_id=f1f8570b-d17c-4072-bf31-0d6fb9df242d
2026-07-17 17:02:48,834 | INFO | booking-consumer | Event collected | batch=10/10 | partition=0 | offset=1574 | event_id=06ab4bf1-4d05-41dc-aaac-367fc19af980
2026-07-17 17:02:48,841 | INFO | booking-consumer | Batch written and offsets committed | records=10 | offsets={0: 1575}
2026-07-17 17:02:48,842 | INFO | booking-consumer | Event collected | batch=1/10 | partition=0 | offset=1575 | event_id=8d412376-0094-4127-a47e-7162b0db7f17
2026-07-17 17:02:48,842 | INFO | booking-consumer | Event collected | batch=2/10 | partition=0 | offset=1576 | event_id=686ab003-b876-4928-b769-f478063f7e77
2026-07-17 17:02:48,843 | INFO | booking-consumer | Event collected | batch=3/10 | partition=0 | offset=1577 | event_id=55b056d8-0be5-49cc-a473-492ff8175557
2026-07-17 17:02:48,843 | INFO | booking-consumer | Event collected | batch=4/10 | partition=0 | offset=1578 | event_id=d95d1b3c-f3c0-4854-a1f5-8bc72745b013
2026-07-17 17:02:48,843 | INFO | booking-consumer | Event collected | batch=5/10 | partition=0 | offset=1579 | event_id=d824bd1c-8784-470d-baed-192bd3d7a138
2026-07-17 17:02:48,844 | INFO | booking-consumer | Event collected | batch=6/10 | partition=0 | offset=1580 | event_id=9b422b13-9cff-42c4-9f8a-861037c00b75
2026-07-17 17:02:48,845 | INFO | booking-consumer | Event collected | batch=7/10 | partition=0 | offset=1581 | event_id=7b9cd5cd-a7b1-40d1-86b3-b17bd60280dc
2026-07-17 17:02:48,845 | INFO | booking-consumer | Event collected | batch=8/10 | partition=0 | offset=1582 | event_id=d2bf5ca4-4125-48d9-b749-2d61563f5bad
2026-07-17 17:02:48,846 | INFO | booking-consumer | Event collected | batch=9/10 | partition=0 | offset=1583 | event_id=4f9583f1-1e1e-4ecb-88e3-0f8cbe5fa175
2026-07-17 17:02:48,846 | INFO | booking-consumer | Event collected | batch=10/10 | partition=0 | offset=1584 | event_id=e412f838-eabe-4a19-bb06-1ef6b1bb523f
2026-07-17 17:02:48,855 | INFO | booking-consumer | Batch written and offsets committed | records=10 | offsets={0: 1585}
2026-07-17 17:02:48,855 | INFO | booking-consumer | Event collected | batch=1/10 | partition=0 | offset=1585 | event_id=c2398123-6ba6-446e-a9cb-94d5e71223fb
2026-07-17 17:02:48,856 | INFO | booking-consumer | Event collected | batch=2/10 | partition=0 | offset=1586 | event_id=7b066165-a96c-4ecd-b304-5f165f992840
2026-07-17 17:02:48,857 | INFO | booking-consumer | Event collected | batch=3/10 | partition=0 | offset=1587 | event_id=1c8672a9-8630-4e0d-87c2-6246bb5273cd
2026-07-17 17:02:48,857 | INFO | booking-consumer | Event collected | batch=4/10 | partition=0 | offset=1588 | event_id=be0b23da-8ae9-4c01-aec0-b8207d97bf0b
2026-07-17 17:02:48,858 | INFO | booking-consumer | Event collected | batch=5/10 | partition=0 | offset=1589 | event_id=a43e401d-7cf1-4a4d-86c6-c8cbe1ead44c
2026-07-17 17:02:48,858 | INFO | booking-consumer | Event collected | batch=6/10 | partition=0 | offset=1590 | event_id=27e020c8-b211-467d-b504-63bbb318721d
2026-07-17 17:02:48,860 | INFO | booking-consumer | Event collected | batch=7/10 | partition=0 | offset=1591 | event_id=21f02e54-4acb-42da-82d6-06a902ccb6cc
2026-07-17 17:02:48,860 | INFO | booking-consumer | Event collected | batch=8/10 | partition=0 | offset=1592 | event_id=158e4ee1-96f9-4a12-819b-905c713f080c
2026-07-17 17:02:48,861 | INFO | booking-consumer | Event collected | batch=9/10 | partition=0 | offset=1593 | event_id=109aef98-bd1f-4f6a-9ed1-2f3948eff749
2026-07-17 17:02:48,862 | INFO | booking-consumer | Event collected | batch=10/10 | partition=0 | offset=1594 | event_id=1cfc35c0-5313-4390-9e00-f309254a40c5
2026-07-17 17:02:48,869 | INFO | booking-consumer | Batch written and offsets committed | records=10 | offsets={0: 1595}
2026-07-17 17:02:48,869 | INFO | booking-consumer | Event collected | batch=1/10 | partition=0 | offset=1595 | event_id=7def0ccf-5bb0-4f03-9495-8fe630839355
2026-07-17 17:02:48,870 | INFO | booking-consumer | Event collected | batch=2/10 | partition=0 | offset=1596 | event_id=7140b0a9-113b-4bf2-8179-e1d72bfcd40a
2026-07-17 17:02:48,871 | INFO | booking-consumer | Event collected | batch=3/10 | partition=0 | offset=1597 | event_id=fdc5ead6-439a-4a80-bbb6-17d9cfa04dd0
2026-07-17 17:02:48,871 | INFO | booking-consumer | Event collected | batch=4/10 | partition=0 | offset=1598 | event_id=e59058a8-c6b5-4bfe-9bc4-6cdd8c55ee8e
2026-07-17 17:02:48,871 | INFO | booking-consumer | Event collected | batch=5/10 | partition=0 | offset=1599 | event_id=d8020ab5-f78b-4176-8033-d7d83079c0ae
2026-07-17 17:02:48,872 | INFO | booking-consumer | Event collected | batch=6/10 | partition=0 | offset=1600 | event_id=61da083e-cdca-4737-95c4-f6cbaedf70a7
2026-07-17 17:02:48,872 | INFO | booking-consumer | Event collected | batch=7/10 | partition=0 | offset=1601 | event_id=1ad2c614-7402-4628-9476-e0dcbb15187a
2026-07-17 17:02:48,872 | INFO | booking-consumer | Event collected | batch=8/10 | partition=0 | offset=1602 | event_id=2c855a5b-b929-40f5-aab2-cb2f904d1fc1
2026-07-17 17:02:48,873 | INFO | booking-consumer | Event collected | batch=9/10 | partition=0 | offset=1603 | event_id=1e1df0a0-cac5-4079-a535-ee4d1d3b27e2
2026-07-17 17:02:48,873 | INFO | booking-consumer | Event collected | batch=10/10 | partition=0 | offset=1604 | event_id=e3d4ef6e-e3e1-494b-a0ec-8f344b57ec1f
2026-07-17 17:02:48,880 | INFO | booking-consumer | Batch written and offsets committed | records=10 | offsets={0: 1605}
2026-07-17 17:02:48,881 | INFO | booking-consumer | Event collected | batch=1/10 | partition=0 | offset=1605 | event_id=e0846c9f-8561-459c-898d-9b6cf13f41e2
2026-07-17 17:02:48,882 | INFO | booking-consumer | Event collected | batch=2/10 | partition=0 | offset=1606 | event_id=5cb51da1-b9b2-4327-b8c8-f3d382b0de61
2026-07-17 17:02:48,884 | INFO | booking-consumer | Event collected | batch=3/10 | partition=0 | offset=1607 | event_id=6abad01f-4c1a-4560-9f3f-9fd397e18576
2026-07-17 17:02:48,885 | INFO | booking-consumer | Event collected | batch=4/10 | partition=0 | offset=1608 | event_id=de619962-ce29-4d5a-979c-c3b908a51d80
2026-07-17 17:02:48,886 | INFO | booking-consumer | Event collected | batch=5/10 | partition=0 | offset=1609 | event_id=3755f925-5e29-4448-8d6c-f23d252e9314
2026-07-17 17:02:48,886 | INFO | booking-consumer | Event collected | batch=6/10 | partition=0 | offset=1610 | event_id=84b79210-c2d3-4ce1-8d7d-a8225d52a904
2026-07-17 17:02:48,886 | INFO | booking-consumer | Event collected | batch=7/10 | partition=0 | offset=1611 | event_id=c06a02c3-2887-4356-ac91-6741f670ee4a
2026-07-17 17:02:48,887 | INFO | booking-consumer | Event collected | batch=8/10 | partition=0 | offset=1612 | event_id=3ea1a2f4-a625-4d8c-b580-a63ab02c50c1
2026-07-17 17:02:48,888 | INFO | booking-consumer | Event collected | batch=9/10 | partition=0 | offset=1613 | event_id=42f89b48-bdc5-4019-87b3-c7183e844400
2026-07-17 17:02:48,889 | INFO | booking-consumer | Event collected | batch=10/10 | partition=0 | offset=1614 | event_id=e650d682-060d-4c5b-93e2-3299b752477a
2026-07-17 17:02:48,897 | INFO | booking-consumer | Batch written and offsets committed | records=10 | offsets={0: 1615}
2026-07-17 17:02:48,897 | INFO | booking-consumer | Event collected | batch=1/10 | partition=0 | offset=1615 | event_id=60430ab9-0b59-417f-84b6-de076a4289df
2026-07-17 17:02:48,898 | INFO | booking-consumer | Event collected | batch=2/10 | partition=0 | offset=1616 | event_id=ead857c4-da42-43d0-8477-95763db44792
2026-07-17 17:02:48,898 | INFO | booking-consumer | Event collected | batch=3/10 | partition=0 | offset=1617 | event_id=8d2da226-6e36-43d2-9236-0893b315d30e
2026-07-17 17:02:48,899 | INFO | booking-consumer | Event collected | batch=4/10 | partition=0 | offset=1618 | event_id=9d52e92c-f9d0-4f22-964b-bf4af17992c7
2026-07-17 17:02:48,899 | INFO | booking-consumer | Event collected | batch=5/10 | partition=0 | offset=1619 | event_id=2ecad2be-8467-47f1-8e21-e6798f624086
2026-07-17 17:02:48,900 | INFO | booking-consumer | Event collected | batch=6/10 | partition=0 | offset=1620 | event_id=56519f84-da13-4298-88af-4f2a1f6c769a
2026-07-17 17:02:48,900 | INFO | booking-consumer | Event collected | batch=7/10 | partition=0 | offset=1621 | event_id=b1b3c14f-2530-4895-8e4c-9a05b0e27768
2026-07-17 17:02:48,900 | INFO | booking-consumer | Event collected | batch=8/10 | partition=0 | offset=1622 | event_id=913e27d1-0888-4b3a-a17f-8a602db638a7
2026-07-17 17:02:48,901 | INFO | booking-consumer | Event collected | batch=9/10 | partition=0 | offset=1623 | event_id=19e346be-fd0a-46d6-bf83-182b7b8445c7
2026-07-17 17:02:48,902 | INFO | booking-consumer | Event collected | batch=10/10 | partition=0 | offset=1624 | event_id=fffa280e-06d6-4978-a345-5b39ba1a6d2a
2026-07-17 17:02:48,908 | INFO | booking-consumer | Batch written and offsets committed | records=10 | offsets={0: 1625}
2026-07-17 17:02:48,909 | INFO | booking-consumer | Event collected | batch=1/10 | partition=0 | offset=1625 | event_id=8b465e28-9641-45bd-b70c-21f578e9547a
2026-07-17 17:02:48,909 | INFO | booking-consumer | Event collected | batch=2/10 | partition=0 | offset=1626 | event_id=68a54b92-e94c-4ba7-a53a-bc7007e6f6df
2026-07-17 17:02:48,910 | INFO | booking-consumer | Event collected | batch=3/10 | partition=0 | offset=1627 | event_id=5319a72e-7da6-4c63-b3bd-b2e7bf744e99
2026-07-17 17:02:48,910 | INFO | booking-consumer | Event collected | batch=4/10 | partition=0 | offset=1628 | event_id=1a798814-4ff7-4cc2-a261-52b5424b805d
2026-07-17 17:02:48,911 | INFO | booking-consumer | Event collected | batch=5/10 | partition=0 | offset=1629 | event_id=351650e5-ad5d-4408-b863-bc7b13240295
2026-07-17 17:02:48,911 | INFO | booking-consumer | Event collected | batch=6/10 | partition=0 | offset=1630 | event_id=a887fa95-ac01-46c9-9764-367b5f43fee3
2026-07-17 17:02:48,912 | INFO | booking-consumer | Event collected | batch=7/10 | partition=0 | offset=1631 | event_id=637a15d4-70f0-4d7c-bfee-e61ff27d7bb6
2026-07-17 17:02:48,912 | INFO | booking-consumer | Event collected | batch=8/10 | partition=0 | offset=1632 | event_id=68e457c8-dd86-47fc-9d66-0f55fc3c404a
2026-07-17 17:02:48,913 | INFO | booking-consumer | Event collected | batch=9/10 | partition=0 | offset=1633 | event_id=8aa6338a-553a-4ce1-9f07-9c7d51f067b9
2026-07-17 17:02:48,913 | INFO | booking-consumer | Event collected | batch=10/10 | partition=0 | offset=1634 | event_id=aa341601-7e58-4873-8545-940fb9050d86
2026-07-17 17:02:48,922 | INFO | booking-consumer | Batch written and offsets committed | records=10 | offsets={0: 1635}
2026-07-17 17:02:48,923 | INFO | booking-consumer | Event collected | batch=1/10 | partition=0 | offset=1635 | event_id=d75c3c90-f0a4-44cc-a38f-b22a36b1a50e
2026-07-17 17:02:48,923 | INFO | booking-consumer | Event collected | batch=2/10 | partition=0 | offset=1636 | event_id=8c667d40-26ce-4fe1-8835-8c334a69ece7
2026-07-17 17:02:48,924 | INFO | booking-consumer | Event collected | batch=3/10 | partition=0 | offset=1637 | event_id=4d502406-54b3-4ad8-861c-891dcadec605
2026-07-17 17:02:48,924 | INFO | booking-consumer | Event collected | batch=4/10 | partition=0 | offset=1638 | event_id=d8e3630b-88f1-43fa-bd71-6184d3467336
2026-07-17 17:02:48,924 | INFO | booking-consumer | Event collected | batch=5/10 | partition=0 | offset=1639 | event_id=199bf207-3279-4a13-9e52-7b1416586fe4
2026-07-17 17:02:48,925 | INFO | booking-consumer | Event collected | batch=6/10 | partition=0 | offset=1640 | event_id=ba2a1cc2-3416-44f2-a6c4-f218b0a1a648
2026-07-17 17:02:48,925 | INFO | booking-consumer | Event collected | batch=7/10 | partition=0 | offset=1641 | event_id=06247383-8b68-47f8-8cf1-a75895341ad9
2026-07-17 17:02:48,925 | INFO | booking-consumer | Event collected | batch=8/10 | partition=0 | offset=1642 | event_id=a5894288-282a-4111-b2fc-2b2c3386820d
2026-07-17 17:02:48,926 | INFO | booking-consumer | Event collected | batch=9/10 | partition=0 | offset=1643 | event_id=557a9fdf-331c-4559-b972-bd376cb59f67
2026-07-17 17:02:48,927 | INFO | booking-consumer | Event collected | batch=10/10 | partition=0 | offset=1644 | event_id=cd28a87a-b75d-4ea4-8cb2-ebd4da71e688
2026-07-17 17:02:48,935 | INFO | booking-consumer | Batch written and offsets committed | records=10 | offsets={0: 1645}
2026-07-17 17:02:48,936 | INFO | booking-consumer | Event collected | batch=1/10 | partition=0 | offset=1645 | event_id=ad56b81e-8b71-4081-8975-8fc7410f8321
2026-07-17 17:02:48,936 | INFO | booking-consumer | Event collected | batch=2/10 | partition=0 | offset=1646 | event_id=8d144a79-8466-486c-a395-6da07b469569
2026-07-17 17:02:48,937 | INFO | booking-consumer | Event collected | batch=3/10 | partition=0 | offset=1647 | event_id=efaa2584-2964-4b0a-b1a2-27179b4a6522
2026-07-17 17:02:48,938 | INFO | booking-consumer | Event collected | batch=4/10 | partition=0 | offset=1648 | event_id=65ed0ac6-d41a-49b2-8826-df5c5db4022f
2026-07-17 17:02:48,938 | INFO | booking-consumer | Event collected | batch=5/10 | partition=0 | offset=1649 | event_id=08aaafb9-697b-47c4-9fd6-092ef27a18fb
2026-07-17 17:02:48,939 | INFO | booking-consumer | Event collected | batch=6/10 | partition=0 | offset=1650 | event_id=a2494a36-4ced-4e58-8231-d5a10696301f
2026-07-17 17:02:48,939 | INFO | booking-consumer | Event collected | batch=7/10 | partition=0 | offset=1651 | event_id=439cf4f9-60fd-45c3-8a95-02921bcc2267
2026-07-17 17:02:48,940 | INFO | booking-consumer | Event collected | batch=8/10 | partition=0 | offset=1652 | event_id=0f775d55-ddf4-4ed2-ae88-ff6abf87fc89
2026-07-17 17:02:48,941 | INFO | booking-consumer | Event collected | batch=9/10 | partition=0 | offset=1653 | event_id=7b958b30-7f80-4593-9a04-efd6dea6700d
2026-07-17 17:02:48,941 | INFO | booking-consumer | Event collected | batch=10/10 | partition=0 | offset=1654 | event_id=e1f932e0-4a97-40bd-848a-a68f80a62878
2026-07-17 17:02:48,949 | INFO | booking-consumer | Batch written and offsets committed | records=10 | offsets={0: 1655}
2026-07-17 17:02:48,950 | INFO | booking-consumer | Event collected | batch=1/10 | partition=0 | offset=1655 | event_id=c4b7b437-42a3-4aaf-8283-ebda0da21a75
2026-07-17 17:02:48,951 | INFO | booking-consumer | Event collected | batch=2/10 | partition=0 | offset=1656 | event_id=d3a96adf-7ddb-494e-badb-02b89d8906f6
2026-07-17 17:02:48,952 | INFO | booking-consumer | Event collected | batch=3/10 | partition=0 | offset=1657 | event_id=5af8da7a-fcd9-44ea-8115-0a845393f138
2026-07-17 17:02:48,953 | INFO | booking-consumer | Event collected | batch=4/10 | partition=0 | offset=1658 | event_id=6c52df9c-29d3-4f4b-9d5d-fe6f7546ffd7
2026-07-17 17:02:48,953 | INFO | booking-consumer | Event collected | batch=5/10 | partition=0 | offset=1659 | event_id=8cf997c2-04e1-4a66-a646-6f412bd38a9a
2026-07-17 17:02:48,953 | INFO | booking-consumer | Event collected | batch=6/10 | partition=0 | offset=1660 | event_id=257a3ca3-9d3e-4c19-b27e-636b2b5f6941
2026-07-17 17:02:48,954 | INFO | booking-consumer | Event collected | batch=7/10 | partition=0 | offset=1661 | event_id=8dee0ff3-adcd-4134-8c78-f9f98afc0a11
2026-07-17 17:02:48,954 | INFO | booking-consumer | Event collected | batch=8/10 | partition=0 | offset=1662 | event_id=b3e3a7cc-8444-4cc9-ab3a-3d354edd10b7
2026-07-17 17:02:48,955 | INFO | booking-consumer | Event collected | batch=9/10 | partition=0 | offset=1663 | event_id=e6ae48ae-30ba-4e65-b0d5-27000658f604
2026-07-17 17:02:48,956 | INFO | booking-consumer | Event collected | batch=10/10 | partition=0 | offset=1664 | event_id=bd48daca-6be2-447a-bfe8-b63dd0c6642f
2026-07-17 17:02:48,965 | INFO | booking-consumer | Batch written and offsets committed | records=10 | offsets={0: 1665}
2026-07-17 17:02:48,965 | INFO | booking-consumer | Event collected | batch=1/10 | partition=0 | offset=1665 | event_id=5ec47d01-e963-42bd-bee9-1a316ea24efa
2026-07-17 17:02:48,966 | INFO | booking-consumer | Event collected | batch=2/10 | partition=0 | offset=1666 | event_id=7a031cdb-e9a6-4589-9545-b373cebe1acd
2026-07-17 17:02:48,966 | INFO | booking-consumer | Event collected | batch=3/10 | partition=0 | offset=1667 | event_id=e2191278-14eb-418d-aa84-ebd42926a6ca
2026-07-17 17:02:48,967 | INFO | booking-consumer | Event collected | batch=4/10 | partition=0 | offset=1668 | event_id=dc792b69-4021-485b-a06d-ef461dc71053
2026-07-17 17:02:48,968 | INFO | booking-consumer | Event collected | batch=5/10 | partition=0 | offset=1669 | event_id=b84816ae-e903-4c0a-973c-b69e9073a74e
2026-07-17 17:02:48,968 | INFO | booking-consumer | Event collected | batch=6/10 | partition=0 | offset=1670 | event_id=4f55103a-224e-45aa-a75d-8faca1170205
2026-07-17 17:02:48,968 | INFO | booking-consumer | Event collected | batch=7/10 | partition=0 | offset=1671 | event_id=32dca8db-c748-44a8-bc2b-ef12f7a2efe0
2026-07-17 17:02:48,969 | INFO | booking-consumer | Event collected | batch=8/10 | partition=0 | offset=1672 | event_id=5471f643-5a6f-45c7-a7a9-96c8b0ac691f
2026-07-17 17:02:48,969 | INFO | booking-consumer | Event collected | batch=9/10 | partition=0 | offset=1673 | event_id=a47ee35c-6614-418a-bfbf-adff9360c64d
2026-07-17 17:02:48,969 | INFO | booking-consumer | Event collected | batch=10/10 | partition=0 | offset=1674 | event_id=93462351-4ee7-4d3c-b11d-689b9ce759fb
2026-07-17 17:02:48,977 | INFO | booking-consumer | Batch written and offsets committed | records=10 | offsets={0: 1675}
2026-07-17 17:02:48,978 | INFO | booking-consumer | Event collected | batch=1/10 | partition=0 | offset=1675 | event_id=b4860241-a9c8-46fb-b107-918d0b9269ea
2026-07-17 17:02:48,978 | INFO | booking-consumer | Event collected | batch=2/10 | partition=0 | offset=1676 | event_id=c3c8fd88-b6a1-4caf-aba1-53c3e6246eaa
2026-07-17 17:02:48,979 | INFO | booking-consumer | Event collected | batch=3/10 | partition=0 | offset=1677 | event_id=4f6f1ad7-1676-4614-bf91-6b2f8ef1941f
2026-07-17 17:02:48,980 | INFO | booking-consumer | Event collected | batch=4/10 | partition=0 | offset=1678 | event_id=125d78df-aee4-4768-9cd3-b8838aaa945c
2026-07-17 17:02:48,980 | INFO | booking-consumer | Event collected | batch=5/10 | partition=0 | offset=1679 | event_id=c41fbcf7-2dbc-44de-9696-a63403ac8522
2026-07-17 17:02:48,980 | INFO | booking-consumer | Event collected | batch=6/10 | partition=0 | offset=1680 | event_id=116392c8-53f1-400d-9156-c28cc4eed153
2026-07-17 17:02:48,981 | INFO | booking-consumer | Event collected | batch=7/10 | partition=0 | offset=1681 | event_id=cdc237f7-a7d3-4687-957e-1e8eb6b4cef1
2026-07-17 17:02:48,981 | INFO | booking-consumer | Event collected | batch=8/10 | partition=0 | offset=1682 | event_id=eecac70b-0eb6-47b2-8fc5-a7e334255ca4
2026-07-17 17:02:48,981 | INFO | booking-consumer | Event collected | batch=9/10 | partition=0 | offset=1683 | event_id=2c0e841f-3dfa-4c40-a470-72cac77ebcfd
2026-07-17 17:02:48,982 | INFO | booking-consumer | Event collected | batch=10/10 | partition=0 | offset=1684 | event_id=8c2ae699-f2d7-4031-b4b0-7e40e70bd301
2026-07-17 17:02:48,988 | INFO | booking-consumer | Batch written and offsets committed | records=10 | offsets={0: 1685}
2026-07-17 17:02:48,989 | INFO | booking-consumer | Event collected | batch=1/10 | partition=0 | offset=1685 | event_id=454cb0f1-2d25-44e8-b8a9-62042d9fc173
2026-07-17 17:02:48,989 | INFO | booking-consumer | Event collected | batch=2/10 | partition=0 | offset=1686 | event_id=83852105-22aa-45ab-aa22-02ef15842734
2026-07-17 17:02:48,990 | INFO | booking-consumer | Event collected | batch=3/10 | partition=0 | offset=1687 | event_id=c6485196-ed94-4d13-a6e2-9d6bd1acbc03
2026-07-17 17:02:48,991 | INFO | booking-consumer | Event collected | batch=4/10 | partition=0 | offset=1688 | event_id=ef3c4396-4d56-4c8e-b7a8-219c47bd635c
2026-07-17 17:02:48,991 | INFO | booking-consumer | Event collected | batch=5/10 | partition=0 | offset=1689 | event_id=48e1411e-12b5-4b39-84be-025d796974d4
2026-07-17 17:02:48,992 | INFO | booking-consumer | Event collected | batch=6/10 | partition=0 | offset=1690 | event_id=66b65b42-4e8d-48df-89e9-a3379b6db6b6
2026-07-17 17:02:48,993 | INFO | booking-consumer | Event collected | batch=7/10 | partition=0 | offset=1691 | event_id=2a92591b-f904-41b1-a6e3-84ad7b7e70c1
2026-07-17 17:02:48,993 | INFO | booking-consumer | Event collected | batch=8/10 | partition=0 | offset=1692 | event_id=217a8273-765d-4ef0-b79b-cbfc11324f49
2026-07-17 17:02:48,993 | INFO | booking-consumer | Event collected | batch=9/10 | partition=0 | offset=1693 | event_id=d57944bf-b4e8-407d-ae21-a7f5da886c89
2026-07-17 17:02:48,994 | INFO | booking-consumer | Event collected | batch=10/10 | partition=0 | offset=1694 | event_id=f82ea061-c16e-4f5f-ac34-27084edaf750
2026-07-17 17:02:49,001 | INFO | booking-consumer | Batch written and offsets committed | records=10 | offsets={0: 1695}
2026-07-17 17:02:49,002 | INFO | booking-consumer | Event collected | batch=1/10 | partition=0 | offset=1695 | event_id=4fc70515-164f-476a-b7c6-1f70d0932fab
2026-07-17 17:02:49,002 | INFO | booking-consumer | Event collected | batch=2/10 | partition=0 | offset=1696 | event_id=40ac9c63-74d1-4873-b80c-00434a1e47d8
2026-07-17 17:02:49,003 | INFO | booking-consumer | Event collected | batch=3/10 | partition=0 | offset=1697 | event_id=5bc7e63f-54b0-4e11-a5e4-1a2a7b8e19ea
2026-07-17 17:02:49,003 | INFO | booking-consumer | Event collected | batch=4/10 | partition=0 | offset=1698 | event_id=52a1762e-0c75-4704-8ab9-6601559e80ff
2026-07-17 17:02:49,003 | INFO | booking-consumer | Event collected | batch=5/10 | partition=0 | offset=1699 | event_id=e6604585-359c-4db9-a955-b47e1561a727
2026-07-17 17:02:49,004 | INFO | booking-consumer | Event collected | batch=6/10 | partition=0 | offset=1700 | event_id=938a3cc7-83b3-4bea-9b3b-770af4d0ece7
2026-07-17 17:02:49,004 | INFO | booking-consumer | Event collected | batch=7/10 | partition=0 | offset=1701 | event_id=323cbf78-5fcf-4d0f-b181-ad808f577866
2026-07-17 17:02:49,005 | INFO | booking-consumer | Event collected | batch=8/10 | partition=0 | offset=1702 | event_id=549d2e37-619c-481d-8a12-ad1ce6606618
2026-07-17 17:02:49,005 | INFO | booking-consumer | Event collected | batch=9/10 | partition=0 | offset=1703 | event_id=617fa1aa-598a-4151-a8ec-c6949ee14832
2026-07-17 17:02:49,006 | INFO | booking-consumer | Event collected | batch=10/10 | partition=0 | offset=1704 | event_id=c39151b0-a966-4662-beaf-f3fd1a018883
2026-07-17 17:02:49,014 | INFO | booking-consumer | Batch written and offsets committed | records=10 | offsets={0: 1705}
2026-07-17 17:02:49,014 | INFO | booking-consumer | Event collected | batch=1/10 | partition=0 | offset=1705 | event_id=57c069de-9bc0-410e-8111-bad774daad24
2026-07-17 17:02:49,015 | INFO | booking-consumer | Event collected | batch=2/10 | partition=0 | offset=1706 | event_id=7ce578fa-af32-4f7b-8eaa-6faca9bbed31
2026-07-17 17:02:49,015 | INFO | booking-consumer | Event collected | batch=3/10 | partition=0 | offset=1707 | event_id=ea60c57d-5e12-4947-ad4a-adc43c8796f7
2026-07-17 17:02:49,015 | INFO | booking-consumer | Event collected | batch=4/10 | partition=0 | offset=1708 | event_id=9236ba59-6453-49d1-8535-26466f267f21
2026-07-17 17:02:49,016 | INFO | booking-consumer | Event collected | batch=5/10 | partition=0 | offset=1709 | event_id=b185b97f-914a-4dcb-8663-534d65696539
2026-07-17 17:02:49,017 | INFO | booking-consumer | Event collected | batch=6/10 | partition=0 | offset=1710 | event_id=f54688a8-85b0-49aa-924b-541cf33fb4ec
2026-07-17 17:02:49,017 | INFO | booking-consumer | Event collected | batch=7/10 | partition=0 | offset=1711 | event_id=31e69447-53ad-4e7e-8214-bd1e46da1ed6
2026-07-17 17:02:49,017 | INFO | booking-consumer | Event collected | batch=8/10 | partition=0 | offset=1712 | event_id=2a7254b9-f682-456b-bcf6-83b0d2d38325
2026-07-17 17:02:49,018 | INFO | booking-consumer | Event collected | batch=9/10 | partition=0 | offset=1713 | event_id=5f2dc501-43e7-47ac-9a7b-a7300d9f79f8
2026-07-17 17:02:49,018 | INFO | booking-consumer | Event collected | batch=10/10 | partition=0 | offset=1714 | event_id=7bdd62aa-267a-444b-a195-b319bc4614ac
2026-07-17 17:02:49,025 | INFO | booking-consumer | Batch written and offsets committed | records=10 | offsets={0: 1715}
2026-07-17 17:02:49,026 | INFO | booking-consumer | Event collected | batch=1/10 | partition=0 | offset=1715 | event_id=e10123f6-736c-460a-853f-1cde5058b138
2026-07-17 17:02:49,026 | INFO | booking-consumer | Event collected | batch=2/10 | partition=0 | offset=1716 | event_id=eadea250-2b11-4971-b0df-8fd8e0daf041
2026-07-17 17:02:49,028 | INFO | booking-consumer | Event collected | batch=3/10 | partition=0 | offset=1717 | event_id=8850e2a5-2554-40e9-9d98-bf1c4748c560
2026-07-17 17:02:49,028 | INFO | booking-consumer | Event collected | batch=4/10 | partition=0 | offset=1718 | event_id=f8f8e789-8afb-49cb-bf69-020af8a631d9
2026-07-17 17:02:49,029 | INFO | booking-consumer | Event collected | batch=5/10 | partition=0 | offset=1719 | event_id=f4907216-e589-4afd-bc36-4000918ae6a0
2026-07-17 17:02:49,029 | INFO | booking-consumer | Event collected | batch=6/10 | partition=0 | offset=1720 | event_id=044f03d1-9db4-44d3-88a7-43b8e9f92481
2026-07-17 17:02:49,029 | INFO | booking-consumer | Event collected | batch=7/10 | partition=0 | offset=1721 | event_id=6c6e6b27-462d-4f7f-8b58-53b30948fdd7
2026-07-17 17:02:49,030 | INFO | booking-consumer | Event collected | batch=8/10 | partition=0 | offset=1722 | event_id=86c3898b-285e-4bfa-9d0f-4fb25fc1b477
2026-07-17 17:02:49,030 | INFO | booking-consumer | Event collected | batch=9/10 | partition=0 | offset=1723 | event_id=40500c81-573b-448c-8f02-b1a93c12af4d
2026-07-17 17:02:49,030 | INFO | booking-consumer | Event collected | batch=10/10 | partition=0 | offset=1724 | event_id=e822e0e0-55a3-4bed-b805-b746726077fe
2026-07-17 17:02:49,037 | INFO | booking-consumer | Batch written and offsets committed | records=10 | offsets={0: 1725}
2026-07-17 17:02:49,038 | INFO | booking-consumer | Event collected | batch=1/10 | partition=0 | offset=1725 | event_id=425f87f8-b537-4c22-a5e8-8bfdb19c51b5
2026-07-17 17:02:49,038 | INFO | booking-consumer | Event collected | batch=2/10 | partition=0 | offset=1726 | event_id=deb5ece8-309f-4b64-b75c-f838fb7fe4f3
2026-07-17 17:02:49,040 | INFO | booking-consumer | Event collected | batch=3/10 | partition=0 | offset=1727 | event_id=b339245b-2fd6-4190-8193-3aab42d32ebc
2026-07-17 17:02:49,042 | INFO | booking-consumer | Event collected | batch=4/10 | partition=0 | offset=1728 | event_id=94d7a0fd-f569-4674-b6ee-e2c97ccf8d75
2026-07-17 17:02:49,042 | INFO | booking-consumer | Event collected | batch=5/10 | partition=0 | offset=1729 | event_id=4c3952e9-1636-4242-bb52-d028d26ac9e5
2026-07-17 17:02:49,044 | INFO | booking-consumer | Event collected | batch=6/10 | partition=0 | offset=1730 | event_id=88a83592-38f0-4360-8379-fd5b3d4bfca4
2026-07-17 17:02:49,044 | INFO | booking-consumer | Event collected | batch=7/10 | partition=0 | offset=1731 | event_id=d413082f-80db-4369-af9f-be9e70ad8a9f
2026-07-17 17:02:49,045 | INFO | booking-consumer | Event collected | batch=8/10 | partition=0 | offset=1732 | event_id=16f0c593-6976-4e38-aa6b-ff5334b35ff1
2026-07-17 17:02:49,045 | INFO | booking-consumer | Event collected | batch=9/10 | partition=0 | offset=1733 | event_id=1f9444ff-11d4-460f-a156-4d8aaaa3dc8b
2026-07-17 17:02:49,046 | INFO | booking-consumer | Event collected | batch=10/10 | partition=0 | offset=1734 | event_id=f7168286-e98d-43cd-8b91-a10ad9ca8dc3
2026-07-17 17:02:49,052 | INFO | booking-consumer | Batch written and offsets committed | records=10 | offsets={0: 1735}
2026-07-17 17:02:49,053 | INFO | booking-consumer | Event collected | batch=1/10 | partition=0 | offset=1735 | event_id=f19440b5-8f4a-419a-9485-b22bb0e6d328
2026-07-17 17:02:49,054 | INFO | booking-consumer | Event collected | batch=2/10 | partition=0 | offset=1736 | event_id=a0f5bf4f-30a0-440b-b26e-5c9f57e4d289
2026-07-17 17:02:49,054 | INFO | booking-consumer | Event collected | batch=3/10 | partition=0 | offset=1737 | event_id=caeccf8a-6f4a-486e-8e59-0dce7e771a00
2026-07-17 17:02:49,055 | INFO | booking-consumer | Event collected | batch=4/10 | partition=0 | offset=1738 | event_id=bfaa2952-03e6-4ac9-8db8-e2937f0587d1
2026-07-17 17:02:49,055 | INFO | booking-consumer | Event collected | batch=5/10 | partition=0 | offset=1739 | event_id=196e6d08-3305-405c-a5fa-932bde1a9b5e
2026-07-17 17:02:49,056 | INFO | booking-consumer | Event collected | batch=6/10 | partition=0 | offset=1740 | event_id=ddfde19e-1bca-4c14-97b1-950327e77162
2026-07-17 17:02:49,057 | INFO | booking-consumer | Event collected | batch=7/10 | partition=0 | offset=1741 | event_id=bf1008b2-a753-4bdc-9343-71531daa6648
2026-07-17 17:02:49,057 | INFO | booking-consumer | Event collected | batch=8/10 | partition=0 | offset=1742 | event_id=2c78e4fb-dcc1-428f-9957-f5e16b26c84d
2026-07-17 17:02:49,058 | INFO | booking-consumer | Event collected | batch=9/10 | partition=0 | offset=1743 | event_id=df2a68a9-dcbf-490c-ae72-9ebc324c2cb1
2026-07-17 17:02:49,059 | INFO | booking-consumer | Event collected | batch=10/10 | partition=0 | offset=1744 | event_id=61ac0d05-9125-4ee1-ab02-642b95687a14
2026-07-17 17:02:49,066 | INFO | booking-consumer | Batch written and offsets committed | records=10 | offsets={0: 1745}
2026-07-17 17:02:49,067 | INFO | booking-consumer | Event collected | batch=1/10 | partition=0 | offset=1745 | event_id=3355b0fe-6314-462b-8534-05e25500bb40
2026-07-17 17:02:49,067 | INFO | booking-consumer | Event collected | batch=2/10 | partition=0 | offset=1746 | event_id=f9f880e3-ddf8-4621-b135-1ffc614749e9
2026-07-17 17:02:49,068 | INFO | booking-consumer | Event collected | batch=3/10 | partition=0 | offset=1747 | event_id=480f106e-d745-48c8-87fd-2d1bed91487d
2026-07-17 17:02:49,068 | INFO | booking-consumer | Event collected | batch=4/10 | partition=0 | offset=1748 | event_id=8ffa6965-d44f-4954-b16e-1dc04a75ba5f
2026-07-17 17:02:49,069 | INFO | booking-consumer | Event collected | batch=5/10 | partition=0 | offset=1749 | event_id=8cce3a32-dda7-46c0-a257-2495ec53bf4d
2026-07-17 17:02:49,069 | INFO | booking-consumer | Event collected | batch=6/10 | partition=0 | offset=1750 | event_id=f29f414c-e5b9-43c6-8650-b4acdc7294c1
2026-07-17 17:02:49,070 | INFO | booking-consumer | Event collected | batch=7/10 | partition=0 | offset=1751 | event_id=1258d523-ddf4-4e9c-8506-f58dafc4a488
2026-07-17 17:02:49,070 | INFO | booking-consumer | Event collected | batch=8/10 | partition=0 | offset=1752 | event_id=f9fa0864-2a12-48cb-91a3-4d5d853b55c6
2026-07-17 17:02:49,071 | INFO | booking-consumer | Event collected | batch=9/10 | partition=0 | offset=1753 | event_id=71cb7357-639d-43d2-b05f-db0cf2a73a32
2026-07-17 17:02:49,071 | INFO | booking-consumer | Event collected | batch=10/10 | partition=0 | offset=1754 | event_id=abcecf84-6379-42fd-bfaa-f9a8c4549674
2026-07-17 17:02:49,080 | INFO | booking-consumer | Batch written and offsets committed | records=10 | offsets={0: 1755}
2026-07-17 17:02:49,080 | INFO | booking-consumer | Event collected | batch=1/10 | partition=0 | offset=1755 | event_id=d96826f5-d7e6-4024-af82-1f8c0fb0e2a2
2026-07-17 17:02:49,081 | INFO | booking-consumer | Event collected | batch=2/10 | partition=0 | offset=1756 | event_id=78acba2b-6fa0-444e-8dc8-7c987d77d4f6
2026-07-17 17:02:49,081 | INFO | booking-consumer | Event collected | batch=3/10 | partition=0 | offset=1757 | event_id=9122b1be-1762-42a2-8dc2-025b1a85d536
2026-07-17 17:02:49,081 | INFO | booking-consumer | Event collected | batch=4/10 | partition=0 | offset=1758 | event_id=6ea598f2-7506-4449-b096-38d1d216a656
2026-07-17 17:02:49,082 | INFO | booking-consumer | Event collected | batch=5/10 | partition=0 | offset=1759 | event_id=e0ed1c63-f4cf-486b-bded-f7df63512160
2026-07-17 17:02:49,083 | INFO | booking-consumer | Event collected | batch=6/10 | partition=0 | offset=1760 | event_id=64b4f836-0503-47ec-8bd7-fb9bcf268710
2026-07-17 17:02:49,083 | INFO | booking-consumer | Event collected | batch=7/10 | partition=0 | offset=1761 | event_id=a1a81815-037b-4cd1-a095-9f00df5bd4af
2026-07-17 17:02:49,083 | INFO | booking-consumer | Event collected | batch=8/10 | partition=0 | offset=1762 | event_id=375d6b81-af73-4730-a0a4-a0f290b08aaa
2026-07-17 17:02:49,084 | INFO | booking-consumer | Event collected | batch=9/10 | partition=0 | offset=1763 | event_id=d2e8099d-3bb3-4399-945e-622e1df74e02
2026-07-17 17:02:49,084 | INFO | booking-consumer | Event collected | batch=10/10 | partition=0 | offset=1764 | event_id=0d89372c-ff94-4f29-95d5-4e546dff8cb1
2026-07-17 17:02:49,092 | INFO | booking-consumer | Batch written and offsets committed | records=10 | offsets={0: 1765}
2026-07-17 17:02:49,093 | INFO | booking-consumer | Event collected | batch=1/10 | partition=0 | offset=1765 | event_id=2d75f77a-e13a-4607-aecb-00bacf9bded6
2026-07-17 17:02:49,093 | INFO | booking-consumer | Event collected | batch=2/10 | partition=0 | offset=1766 | event_id=cab6fa61-3b0a-49ec-9675-d767c09d6b0a
2026-07-17 17:02:49,094 | INFO | booking-consumer | Event collected | batch=3/10 | partition=0 | offset=1767 | event_id=e34ad7d1-e7c3-4c50-b12d-be588f6b9630
2026-07-17 17:02:49,095 | INFO | booking-consumer | Event collected | batch=4/10 | partition=0 | offset=1768 | event_id=ab6c8395-cc6a-4e9d-8db4-ec95f1b90b3a
2026-07-17 17:02:49,095 | INFO | booking-consumer | Event collected | batch=5/10 | partition=0 | offset=1769 | event_id=4e1a9142-305c-468d-a48d-aceb9392c388
2026-07-17 17:02:49,095 | INFO | booking-consumer | Event collected | batch=6/10 | partition=0 | offset=1770 | event_id=a8d86061-39fb-43bd-9dee-86771b749335
2026-07-17 17:02:49,096 | INFO | booking-consumer | Event collected | batch=7/10 | partition=0 | offset=1771 | event_id=b264c742-9ce8-42c1-a8be-0ded835010ed
2026-07-17 17:02:49,096 | INFO | booking-consumer | Event collected | batch=8/10 | partition=0 | offset=1772 | event_id=8ae9563e-ae54-4979-bc64-1cf3aa4226f7
2026-07-17 17:02:49,096 | INFO | booking-consumer | Event collected | batch=9/10 | partition=0 | offset=1773 | event_id=57ca99f1-75a7-4946-8409-fe6372372d71
2026-07-17 17:02:49,096 | INFO | booking-consumer | Event collected | batch=10/10 | partition=0 | offset=1774 | event_id=658bbf9d-f082-4ac3-baa6-35edb7716d95
2026-07-17 17:02:49,103 | INFO | booking-consumer | Batch written and offsets committed | records=10 | offsets={0: 1775}
2026-07-17 17:02:49,104 | INFO | booking-consumer | Event collected | batch=1/10 | partition=0 | offset=1775 | event_id=f60e50e7-83d9-46fd-b5f8-cd835de81e49
2026-07-17 17:02:49,104 | INFO | booking-consumer | Event collected | batch=2/10 | partition=0 | offset=1776 | event_id=5c002165-89a1-441b-af84-b624aad0b138
2026-07-17 17:02:49,105 | INFO | booking-consumer | Event collected | batch=3/10 | partition=0 | offset=1777 | event_id=67cfb19a-e049-481d-b2a8-9578793896b3
2026-07-17 17:02:49,105 | INFO | booking-consumer | Event collected | batch=4/10 | partition=0 | offset=1778 | event_id=fde87fec-eade-48b0-ba70-e2afb21af9cc
2026-07-17 17:02:49,106 | INFO | booking-consumer | Event collected | batch=5/10 | partition=0 | offset=1779 | event_id=9f4ef5ae-2581-4e4d-9706-4c29710f9a9d
2026-07-17 17:02:49,106 | INFO | booking-consumer | Event collected | batch=6/10 | partition=0 | offset=1780 | event_id=06ce4844-fc63-4bdd-97c6-2e4fa002d959
2026-07-17 17:02:49,107 | INFO | booking-consumer | Event collected | batch=7/10 | partition=0 | offset=1781 | event_id=958b343f-05cf-45b9-ad5b-d978f44cfcf0
2026-07-17 17:02:49,107 | INFO | booking-consumer | Event collected | batch=8/10 | partition=0 | offset=1782 | event_id=ea747ab5-585f-4fa0-b2e5-1ef09744f340
2026-07-17 17:02:49,108 | INFO | booking-consumer | Event collected | batch=9/10 | partition=0 | offset=1783 | event_id=8c7f471a-cb74-46c8-8741-a6774548eaf9
2026-07-17 17:02:49,108 | INFO | booking-consumer | Event collected | batch=10/10 | partition=0 | offset=1784 | event_id=ffa57dd1-eea4-4779-950c-0e34f5cc9bd3
2026-07-17 17:02:49,116 | INFO | booking-consumer | Batch written and offsets committed | records=10 | offsets={0: 1785}
2026-07-17 17:02:49,117 | INFO | booking-consumer | Event collected | batch=1/10 | partition=0 | offset=1785 | event_id=87c35f92-342d-436e-b853-62636dea433f
2026-07-17 17:02:49,118 | INFO | booking-consumer | Event collected | batch=2/10 | partition=0 | offset=1786 | event_id=25b923ce-a1af-44c1-9a40-4ef8e1ea7b83
2026-07-17 17:02:49,118 | INFO | booking-consumer | Event collected | batch=3/10 | partition=0 | offset=1787 | event_id=198bb23b-e8ce-4afe-9856-2bf0d4a63372
2026-07-17 17:02:49,118 | INFO | booking-consumer | Event collected | batch=4/10 | partition=0 | offset=1788 | event_id=d8d17c17-1a55-4e1d-ba36-9b761754d53a
2026-07-17 17:02:49,119 | INFO | booking-consumer | Event collected | batch=5/10 | partition=0 | offset=1789 | event_id=fc9404b4-d713-439f-9830-bf8e6fe95850
2026-07-17 17:02:49,119 | INFO | booking-consumer | Event collected | batch=6/10 | partition=0 | offset=1790 | event_id=a5df0d8f-259e-4a72-a819-46a4024de71d
2026-07-17 17:02:49,119 | INFO | booking-consumer | Event collected | batch=7/10 | partition=0 | offset=1791 | event_id=0f65db53-5318-42eb-a44c-bd0d13a8f2ee
2026-07-17 17:02:49,120 | INFO | booking-consumer | Event collected | batch=8/10 | partition=0 | offset=1792 | event_id=76917dfd-0759-42c9-a566-f34b5e7f571f
2026-07-17 17:02:49,121 | INFO | booking-consumer | Event collected | batch=9/10 | partition=0 | offset=1793 | event_id=5b40bc10-73e0-4049-b4ad-81388cac099b
2026-07-17 17:02:49,121 | INFO | booking-consumer | Event collected | batch=10/10 | partition=0 | offset=1794 | event_id=0e03b7b8-c8d6-4d5e-8bae-32dc9588fe38
2026-07-17 17:02:49,128 | INFO | booking-consumer | Batch written and offsets committed | records=10 | offsets={0: 1795}
2026-07-17 17:02:49,129 | INFO | booking-consumer | Event collected | batch=1/10 | partition=0 | offset=1795 | event_id=8117b4ac-8b14-478b-958d-55bd4a43e6ef
2026-07-17 17:02:49,129 | INFO | booking-consumer | Event collected | batch=2/10 | partition=0 | offset=1796 | event_id=fc2f89bf-2357-4694-9767-94e0bc2ee065
2026-07-17 17:02:49,130 | INFO | booking-consumer | Event collected | batch=3/10 | partition=0 | offset=1797 | event_id=45da7fd9-9ba0-4e42-9d1d-d3428ceaf88d
2026-07-17 17:02:49,131 | INFO | booking-consumer | Event collected | batch=4/10 | partition=0 | offset=1798 | event_id=137c4f81-193b-44bf-a3e0-9d7718384e50
2026-07-17 17:02:49,131 | INFO | booking-consumer | Event collected | batch=5/10 | partition=0 | offset=1799 | event_id=f1433caa-b13e-4e85-8b1c-d98289a5bb20
2026-07-17 17:02:49,131 | INFO | booking-consumer | Event collected | batch=6/10 | partition=0 | offset=1800 | event_id=4c7ebca9-b991-45c3-a840-4bd5a987eeab
2026-07-17 17:02:49,132 | INFO | booking-consumer | Event collected | batch=7/10 | partition=0 | offset=1801 | event_id=6596166a-7077-470b-ba1b-3ecee8a1290f
2026-07-17 17:02:49,132 | INFO | booking-consumer | Event collected | batch=8/10 | partition=0 | offset=1802 | event_id=0100e7a4-ebeb-4fae-84b2-7be3752d6ffd
2026-07-17 17:02:49,132 | INFO | booking-consumer | Event collected | batch=9/10 | partition=0 | offset=1803 | event_id=c2986e04-5163-4aa7-b434-cd254ee71782
2026-07-17 17:02:49,133 | INFO | booking-consumer | Event collected | batch=10/10 | partition=0 | offset=1804 | event_id=20e50669-7469-4ce0-9702-b65c0ab265c2
2026-07-17 17:02:49,140 | INFO | booking-consumer | Batch written and offsets committed | records=10 | offsets={0: 1805}
2026-07-17 17:02:49,141 | INFO | booking-consumer | Event collected | batch=1/10 | partition=0 | offset=1805 | event_id=fdbb275c-c243-4d7c-b3dc-712c2b0c518a
2026-07-17 17:02:49,142 | INFO | booking-consumer | Event collected | batch=2/10 | partition=0 | offset=1806 | event_id=5c5929d0-823c-48bf-b79e-b3c0a797d154
2026-07-17 17:02:49,143 | INFO | booking-consumer | Event collected | batch=3/10 | partition=0 | offset=1807 | event_id=66582bde-fb25-4271-a96b-563da6aea103
2026-07-17 17:02:49,143 | INFO | booking-consumer | Event collected | batch=4/10 | partition=0 | offset=1808 | event_id=047ebf1b-41c3-430a-8a2d-e1a11acb7b75
2026-07-17 17:02:49,144 | INFO | booking-consumer | Event collected | batch=5/10 | partition=0 | offset=1809 | event_id=ebb0ddbb-e85f-4863-bf00-ed66d6841e6f
2026-07-17 17:02:49,144 | INFO | booking-consumer | Event collected | batch=6/10 | partition=0 | offset=1810 | event_id=37ce7934-ca7c-4738-8ff7-02da9b3d7737
2026-07-17 17:02:49,145 | INFO | booking-consumer | Event collected | batch=7/10 | partition=0 | offset=1811 | event_id=3f92a5a5-3789-445c-aa4e-c8de44b77b70
2026-07-17 17:02:49,145 | INFO | booking-consumer | Event collected | batch=8/10 | partition=0 | offset=1812 | event_id=132b1105-5682-4975-822f-d7f98b92d313
2026-07-17 17:02:49,146 | INFO | booking-consumer | Event collected | batch=9/10 | partition=0 | offset=1813 | event_id=8e4069da-5ee7-4fc4-8272-266197c71e02
2026-07-17 17:02:49,146 | INFO | booking-consumer | Event collected | batch=10/10 | partition=0 | offset=1814 | event_id=f3b11f15-3893-46e6-984a-9894fe16f473
2026-07-17 17:02:49,154 | INFO | booking-consumer | Batch written and offsets committed | records=10 | offsets={0: 1815}
2026-07-17 17:02:49,155 | INFO | booking-consumer | Event collected | batch=1/10 | partition=0 | offset=1815 | event_id=2c367f85-ea8d-4f8e-9625-432fae9d9ddf
2026-07-17 17:02:49,156 | INFO | booking-consumer | Event collected | batch=2/10 | partition=0 | offset=1816 | event_id=08644fd8-741a-47bf-a909-5dfbec8a713b
2026-07-17 17:02:49,157 | INFO | booking-consumer | Event collected | batch=3/10 | partition=0 | offset=1817 | event_id=2b8f64d5-c355-4805-8cd7-a7a7b870e2ec
2026-07-17 17:02:49,158 | INFO | booking-consumer | Event collected | batch=4/10 | partition=0 | offset=1818 | event_id=5418b6fc-de20-40ab-83af-fd056b9dd7ea
2026-07-17 17:02:49,158 | INFO | booking-consumer | Event collected | batch=5/10 | partition=0 | offset=1819 | event_id=ecf2a924-21e0-4ffe-a8d3-544bcbb30bb8
2026-07-17 17:02:49,159 | INFO | booking-consumer | Event collected | batch=6/10 | partition=0 | offset=1820 | event_id=f33b9bc9-4ce1-41b2-86cc-7f60bd6953dc
2026-07-17 17:02:49,160 | INFO | booking-consumer | Event collected | batch=7/10 | partition=0 | offset=1821 | event_id=cf44d3ca-d1c2-45a5-b0c5-f36aaf934a42
2026-07-17 17:02:49,160 | INFO | booking-consumer | Event collected | batch=8/10 | partition=0 | offset=1822 | event_id=8aef83b8-9839-4249-84f8-3e83edd83803
2026-07-17 17:02:49,161 | INFO | booking-consumer | Event collected | batch=9/10 | partition=0 | offset=1823 | event_id=e3180ea6-d7ca-40f4-9db6-c85f1643dd24
2026-07-17 17:02:49,162 | INFO | booking-consumer | Event collected | batch=10/10 | partition=0 | offset=1824 | event_id=b410e710-f074-481c-9109-89341e7fb398
2026-07-17 17:02:49,174 | INFO | booking-consumer | Batch written and offsets committed | records=10 | offsets={0: 1825}
2026-07-17 17:02:49,175 | INFO | booking-consumer | Event collected | batch=1/10 | partition=0 | offset=1825 | event_id=f84980a7-b48d-452b-a259-a87636f2e54e
2026-07-17 17:02:49,176 | INFO | booking-consumer | Event collected | batch=2/10 | partition=0 | offset=1826 | event_id=5089d031-adc1-4dfb-93ac-bafb8add2b04
2026-07-17 17:02:49,177 | INFO | booking-consumer | Event collected | batch=3/10 | partition=0 | offset=1827 | event_id=c0027863-48c0-47f6-9aa4-204ee2452f01
2026-07-17 17:02:49,177 | INFO | booking-consumer | Event collected | batch=4/10 | partition=0 | offset=1828 | event_id=3daee9d1-e056-40a3-b806-6f5d81c9108f
2026-07-17 17:02:49,178 | INFO | booking-consumer | Event collected | batch=5/10 | partition=0 | offset=1829 | event_id=8e143ab2-49ce-4620-987a-38103caf2c97
2026-07-17 17:02:49,179 | INFO | booking-consumer | Event collected | batch=6/10 | partition=0 | offset=1830 | event_id=aa909e93-87f8-4e40-a39d-448dc6a9954d
2026-07-17 17:02:49,180 | INFO | booking-consumer | Event collected | batch=7/10 | partition=0 | offset=1831 | event_id=9d37b322-83d5-4803-bea6-df1775276584
2026-07-17 17:02:49,180 | INFO | booking-consumer | Event collected | batch=8/10 | partition=0 | offset=1832 | event_id=5c4429c8-cf45-4f67-8f27-5dab389f74db
2026-07-17 17:02:49,180 | INFO | booking-consumer | Event collected | batch=9/10 | partition=0 | offset=1833 | event_id=1aa4e163-de85-49f6-b42a-cda40ff4faf0
2026-07-17 17:02:49,181 | INFO | booking-consumer | Event collected | batch=10/10 | partition=0 | offset=1834 | event_id=33e495bf-27a8-4d5f-84cf-d2c34465a1be
2026-07-17 17:02:49,187 | INFO | booking-consumer | Batch written and offsets committed | records=10 | offsets={0: 1835}
2026-07-17 17:02:49,189 | INFO | booking-consumer | Event collected | batch=1/10 | partition=0 | offset=1835 | event_id=456c1fa5-6c2d-44ad-95de-7c38e758b8c7
2026-07-17 17:02:49,189 | INFO | booking-consumer | Event collected | batch=2/10 | partition=0 | offset=1836 | event_id=c00ac45e-9330-4b48-9376-c60bc7432d44
2026-07-17 17:02:49,190 | INFO | booking-consumer | Event collected | batch=3/10 | partition=0 | offset=1837 | event_id=cb95249f-0684-4673-aae3-a3c26a8d10c9
2026-07-17 17:02:49,190 | INFO | booking-consumer | Event collected | batch=4/10 | partition=0 | offset=1838 | event_id=c6dc01b0-9da2-4173-b83d-b552c73c216a
2026-07-17 17:02:49,191 | INFO | booking-consumer | Event collected | batch=5/10 | partition=0 | offset=1839 | event_id=c4cf613b-d9fe-48b2-a6af-7420ebd00b9e
2026-07-17 17:02:49,192 | INFO | booking-consumer | Event collected | batch=6/10 | partition=0 | offset=1840 | event_id=38c137ee-afb9-4fee-b6c7-15491dd19d73
2026-07-17 17:02:49,192 | INFO | booking-consumer | Event collected | batch=7/10 | partition=0 | offset=1841 | event_id=3381b55c-d375-42f6-b7a9-14d1a1275f65
2026-07-17 17:02:49,193 | INFO | booking-consumer | Event collected | batch=8/10 | partition=0 | offset=1842 | event_id=969dd80a-b371-4b88-bab0-976df892fffd
2026-07-17 17:02:49,193 | INFO | booking-consumer | Event collected | batch=9/10 | partition=0 | offset=1843 | event_id=bb7c22f9-2049-4456-8e7e-6131ba36725d
2026-07-17 17:02:49,194 | INFO | booking-consumer | Event collected | batch=10/10 | partition=0 | offset=1844 | event_id=36bf173c-eabf-4682-99e8-416d65806310
2026-07-17 17:02:49,201 | INFO | booking-consumer | Batch written and offsets committed | records=10 | offsets={0: 1845}
2026-07-17 17:02:49,201 | INFO | booking-consumer | Event collected | batch=1/10 | partition=0 | offset=1845 | event_id=337e5e9b-30f7-445b-99ab-27e984e85174
2026-07-17 17:02:49,202 | INFO | booking-consumer | Event collected | batch=2/10 | partition=0 | offset=1846 | event_id=14284254-1199-481e-9b39-a4323d4a6a1d
2026-07-17 17:02:49,202 | INFO | booking-consumer | Event collected | batch=3/10 | partition=0 | offset=1847 | event_id=ad511bf3-6208-45e8-9dc7-d8ab149775e8
2026-07-17 17:02:49,203 | INFO | booking-consumer | Event collected | batch=4/10 | partition=0 | offset=1848 | event_id=95a1d5c3-ab66-4886-ac76-173a03aca3ad
2026-07-17 17:02:49,204 | INFO | booking-consumer | Event collected | batch=5/10 | partition=0 | offset=1849 | event_id=a353080e-5d86-4b81-8a70-09614e8389a4
2026-07-17 17:02:49,204 | INFO | booking-consumer | Event collected | batch=6/10 | partition=0 | offset=1850 | event_id=5855621d-073c-4655-b9be-53a8467b3bf1
2026-07-17 17:02:49,204 | INFO | booking-consumer | Event collected | batch=7/10 | partition=0 | offset=1851 | event_id=16ecd843-4ab9-47a6-b251-a2e835e937b1
2026-07-17 17:02:49,205 | INFO | booking-consumer | Event collected | batch=8/10 | partition=0 | offset=1852 | event_id=a33c8834-f8af-4f49-b75c-39a2205bec44
2026-07-17 17:02:49,205 | INFO | booking-consumer | Event collected | batch=9/10 | partition=0 | offset=1853 | event_id=9dc3d967-82ff-49e5-af4f-520d94287859
2026-07-17 17:02:49,206 | INFO | booking-consumer | Event collected | batch=10/10 | partition=0 | offset=1854 | event_id=ba72537f-e732-4ccc-b9c2-9f11c4e99e22
2026-07-17 17:02:49,214 | INFO | booking-consumer | Batch written and offsets committed | records=10 | offsets={0: 1855}
2026-07-17 17:02:49,215 | INFO | booking-consumer | Event collected | batch=1/10 | partition=0 | offset=1855 | event_id=61f5778e-d0e4-4b39-a7ac-999977c76682
2026-07-17 17:02:49,215 | INFO | booking-consumer | Event collected | batch=2/10 | partition=0 | offset=1856 | event_id=e4ae7ab0-ac56-417f-bfcd-8a39bc74fdfc
2026-07-17 17:02:49,216 | INFO | booking-consumer | Event collected | batch=3/10 | partition=0 | offset=1857 | event_id=8e6a98ba-d3a7-48b6-9f20-d948bd889c5d
2026-07-17 17:02:49,217 | INFO | booking-consumer | Event collected | batch=4/10 | partition=0 | offset=1858 | event_id=56da782d-c110-4d07-b2f1-7cfcc64a139c
2026-07-17 17:02:49,217 | INFO | booking-consumer | Event collected | batch=5/10 | partition=0 | offset=1859 | event_id=2389bdac-877d-4e86-ac02-caef8a39e3e0
2026-07-17 17:02:49,218 | INFO | booking-consumer | Event collected | batch=6/10 | partition=0 | offset=1860 | event_id=b25b0da6-04e3-45d8-974b-9c129f5da2c4
2026-07-17 17:02:49,218 | INFO | booking-consumer | Event collected | batch=7/10 | partition=0 | offset=1861 | event_id=24229fc4-86ea-4888-a5aa-bf713d1104ed
2026-07-17 17:02:49,218 | INFO | booking-consumer | Event collected | batch=8/10 | partition=0 | offset=1862 | event_id=6a8c8349-5eb0-4ee6-b507-dd845613056d
2026-07-17 17:02:49,219 | INFO | booking-consumer | Event collected | batch=9/10 | partition=0 | offset=1863 | event_id=99145cbd-b138-43be-82df-ef560844dffe
2026-07-17 17:02:49,219 | INFO | booking-consumer | Event collected | batch=10/10 | partition=0 | offset=1864 | event_id=dd62f67e-6a9a-4734-a04b-5a988443aa44
2026-07-17 17:02:49,227 | INFO | booking-consumer | Batch written and offsets committed | records=10 | offsets={0: 1865}
2026-07-17 17:02:49,228 | INFO | booking-consumer | Event collected | batch=1/10 | partition=0 | offset=1865 | event_id=f1f3de5a-f8bd-45eb-ba50-16856f19a4d3
2026-07-17 17:02:49,229 | INFO | booking-consumer | Event collected | batch=2/10 | partition=0 | offset=1866 | event_id=3991ef1f-1583-4d26-b59a-e493d451bfa8
2026-07-17 17:02:49,229 | INFO | booking-consumer | Event collected | batch=3/10 | partition=0 | offset=1867 | event_id=67d76999-59b7-4c7a-8f5e-c151033522a6
2026-07-17 17:02:49,229 | INFO | booking-consumer | Event collected | batch=4/10 | partition=0 | offset=1868 | event_id=5db57f5e-490a-4990-881a-f3298c9d3322
2026-07-17 17:02:49,230 | INFO | booking-consumer | Event collected | batch=5/10 | partition=0 | offset=1869 | event_id=9b6f28af-4bb7-43dc-bff4-fdfc2bc3773d
2026-07-17 17:02:49,230 | INFO | booking-consumer | Event collected | batch=6/10 | partition=0 | offset=1870 | event_id=5c6437f6-5f88-4f1b-9d69-69e4fbe61565
2026-07-17 17:02:49,230 | INFO | booking-consumer | Event collected | batch=7/10 | partition=0 | offset=1871 | event_id=09b40000-43b4-461e-ba59-039a06a7aa1d
2026-07-17 17:02:49,231 | INFO | booking-consumer | Event collected | batch=8/10 | partition=0 | offset=1872 | event_id=aa3d6e96-2eb5-4296-b99f-5f8ce28e5d61
2026-07-17 17:02:49,232 | INFO | booking-consumer | Event collected | batch=9/10 | partition=0 | offset=1873 | event_id=36fcdcba-296e-4108-8ae6-1ae1453c0624
2026-07-17 17:02:49,232 | INFO | booking-consumer | Event collected | batch=10/10 | partition=0 | offset=1874 | event_id=a1dea4af-1649-42ec-afcb-64f92110dd8c
2026-07-17 17:02:49,239 | INFO | booking-consumer | Batch written and offsets committed | records=10 | offsets={0: 1875}
2026-07-17 17:02:49,240 | INFO | booking-consumer | Event collected | batch=1/10 | partition=0 | offset=1875 | event_id=2dd92661-8719-48f7-90ef-d8f96fee906c
2026-07-17 17:02:49,241 | INFO | booking-consumer | Event collected | batch=2/10 | partition=0 | offset=1876 | event_id=abc85035-e3f6-48a8-9005-e1963e7be488
2026-07-17 17:02:49,242 | INFO | booking-consumer | Event collected | batch=3/10 | partition=0 | offset=1877 | event_id=2afc65cc-36dc-4191-ba80-ea6c965e329a
2026-07-17 17:02:49,243 | INFO | booking-consumer | Event collected | batch=4/10 | partition=0 | offset=1878 | event_id=03d07e88-5732-43c6-98ef-4044c9fdfcd1
2026-07-17 17:02:49,243 | INFO | booking-consumer | Event collected | batch=5/10 | partition=0 | offset=1879 | event_id=98bbc55c-766a-4781-aaba-ae45a8e15c5f
2026-07-17 17:02:49,243 | INFO | booking-consumer | Event collected | batch=6/10 | partition=0 | offset=1880 | event_id=8de3054f-234d-49f2-8b45-ca488f561f35
2026-07-17 17:02:49,244 | INFO | booking-consumer | Event collected | batch=7/10 | partition=0 | offset=1881 | event_id=1138ec80-b664-402a-b8b9-354e066ea9fe
2026-07-17 17:02:49,245 | INFO | booking-consumer | Event collected | batch=8/10 | partition=0 | offset=1882 | event_id=c6842cf9-ccd0-492d-80d1-f9af63faddd4
2026-07-17 17:02:49,245 | INFO | booking-consumer | Event collected | batch=9/10 | partition=0 | offset=1883 | event_id=6ff9732e-a80e-4c29-b75f-e505832817d6
2026-07-17 17:02:49,245 | INFO | booking-consumer | Event collected | batch=10/10 | partition=0 | offset=1884 | event_id=11cadd94-6735-4a42-9ac1-c4541e0ebd83
2026-07-17 17:02:49,252 | INFO | booking-consumer | Batch written and offsets committed | records=10 | offsets={0: 1885}
2026-07-17 17:02:49,252 | INFO | booking-consumer | Event collected | batch=1/10 | partition=0 | offset=1885 | event_id=8460d3bf-01a3-4268-8564-3b4a8d6bfc5b
2026-07-17 17:02:49,253 | INFO | booking-consumer | Event collected | batch=2/10 | partition=0 | offset=1886 | event_id=f100f25e-2a88-43cb-8495-e712380d02d3
2026-07-17 17:02:49,253 | INFO | booking-consumer | Event collected | batch=3/10 | partition=0 | offset=1887 | event_id=e68aa8fc-bf84-431a-808f-775476fe4882
2026-07-17 17:02:49,254 | INFO | booking-consumer | Event collected | batch=4/10 | partition=0 | offset=1888 | event_id=b02c57db-f52e-4702-8d01-895d3b26c94f
2026-07-17 17:02:49,254 | INFO | booking-consumer | Event collected | batch=5/10 | partition=0 | offset=1889 | event_id=842411f1-3ec8-472f-9695-a2efca3c482a
2026-07-17 17:02:49,255 | INFO | booking-consumer | Event collected | batch=6/10 | partition=0 | offset=1890 | event_id=4309ae94-d73c-4254-8068-379ce4aeb9e4
2026-07-17 17:02:49,255 | INFO | booking-consumer | Event collected | batch=7/10 | partition=0 | offset=1891 | event_id=84c0ed55-163b-4efd-9c47-9cb7f5c7ba73
2026-07-17 17:02:49,256 | INFO | booking-consumer | Event collected | batch=8/10 | partition=0 | offset=1892 | event_id=8adb4388-26e3-4c44-8101-6a6d4a2d8115
2026-07-17 17:02:49,257 | INFO | booking-consumer | Event collected | batch=9/10 | partition=0 | offset=1893 | event_id=87ccc94a-f79f-43c2-b1a6-a2551bb16760
2026-07-17 17:02:49,257 | INFO | booking-consumer | Event collected | batch=10/10 | partition=0 | offset=1894 | event_id=a325b5a0-4c4a-46e7-9f0c-c3ed407b2311
2026-07-17 17:02:49,264 | INFO | booking-consumer | Batch written and offsets committed | records=10 | offsets={0: 1895}
2026-07-17 17:02:49,265 | INFO | booking-consumer | Event collected | batch=1/10 | partition=0 | offset=1895 | event_id=6ffe6802-90ec-4204-becd-ce8b265b4ef5
2026-07-17 17:02:49,265 | INFO | booking-consumer | Event collected | batch=2/10 | partition=0 | offset=1896 | event_id=b53176ed-9d26-4a46-9be2-3265577ca1ca
2026-07-17 17:02:49,266 | INFO | booking-consumer | Event collected | batch=3/10 | partition=0 | offset=1897 | event_id=3e8c9132-e550-4753-8551-718bc75041e2
2026-07-17 17:02:49,267 | INFO | booking-consumer | Event collected | batch=4/10 | partition=0 | offset=1898 | event_id=fa2aa578-533d-4a15-a018-c4f2f634066c
2026-07-17 17:02:49,267 | INFO | booking-consumer | Event collected | batch=5/10 | partition=0 | offset=1899 | event_id=fe4ec85d-40f4-4847-8a58-fbff0f66d8f7
2026-07-17 17:02:49,267 | INFO | booking-consumer | Event collected | batch=6/10 | partition=0 | offset=1900 | event_id=e235d71a-09c9-49ee-b154-8d0517700973
2026-07-17 17:02:49,268 | INFO | booking-consumer | Event collected | batch=7/10 | partition=0 | offset=1901 | event_id=2b82b34e-d13f-4705-900a-d31c5d36d268
2026-07-17 17:02:49,268 | INFO | booking-consumer | Event collected | batch=8/10 | partition=0 | offset=1902 | event_id=45bf3db3-cbc9-408a-a091-f94598916196
2026-07-17 17:02:49,268 | INFO | booking-consumer | Event collected | batch=9/10 | partition=0 | offset=1903 | event_id=dca382a2-bac0-4b7d-987c-e2234e736521
2026-07-17 17:02:49,269 | INFO | booking-consumer | Event collected | batch=10/10 | partition=0 | offset=1904 | event_id=215b1d1d-0298-443c-8f51-437d833b00d4
2026-07-17 17:02:49,277 | INFO | booking-consumer | Batch written and offsets committed | records=10 | offsets={0: 1905}
2026-07-17 17:02:49,277 | INFO | booking-consumer | Event collected | batch=1/10 | partition=0 | offset=1905 | event_id=2e1793db-6666-4e9d-940a-02a7e091a0fd
2026-07-17 17:02:49,278 | INFO | booking-consumer | Event collected | batch=2/10 | partition=0 | offset=1906 | event_id=035c9851-5b9d-4c6d-a66c-bedf4b1ca27c
2026-07-17 17:02:49,278 | INFO | booking-consumer | Event collected | batch=3/10 | partition=0 | offset=1907 | event_id=ed8e7977-42e6-4a07-8e7a-9329d44fb13e
2026-07-17 17:02:49,279 | INFO | booking-consumer | Event collected | batch=4/10 | partition=0 | offset=1908 | event_id=9cfcafc5-07bd-433d-a236-f34685b9ac94
2026-07-17 17:02:49,279 | INFO | booking-consumer | Event collected | batch=5/10 | partition=0 | offset=1909 | event_id=6cbefa7b-dcb7-4c08-8721-efd957fe0acc
2026-07-17 17:02:49,280 | INFO | booking-consumer | Event collected | batch=6/10 | partition=0 | offset=1910 | event_id=308ff153-7859-469d-9b4c-cb346c3a1f65
2026-07-17 17:02:49,280 | INFO | booking-consumer | Event collected | batch=7/10 | partition=0 | offset=1911 | event_id=1a3032f7-99fb-4ca9-afc5-c68dc513de05
2026-07-17 17:02:49,280 | INFO | booking-consumer | Event collected | batch=8/10 | partition=0 | offset=1912 | event_id=06a43de6-e1e4-46a9-b204-f20852258ff5
2026-07-17 17:02:49,281 | INFO | booking-consumer | Event collected | batch=9/10 | partition=0 | offset=1913 | event_id=3f3672e4-95b8-432c-bcd5-81a6bf0a6513
2026-07-17 17:02:49,281 | INFO | booking-consumer | Event collected | batch=10/10 | partition=0 | offset=1914 | event_id=9016c82c-03ab-4fa2-b14f-4b0951c3c8aa
2026-07-17 17:02:49,288 | INFO | booking-consumer | Batch written and offsets committed | records=10 | offsets={0: 1915}
2026-07-17 17:02:49,288 | INFO | booking-consumer | Event collected | batch=1/10 | partition=0 | offset=1915 | event_id=8db5fd24-8d89-4f03-9de2-594714cb3979
2026-07-17 17:02:49,289 | INFO | booking-consumer | Event collected | batch=2/10 | partition=0 | offset=1916 | event_id=db0ef746-344e-495c-9259-7a7f7e85569c
2026-07-17 17:02:49,289 | INFO | booking-consumer | Event collected | batch=3/10 | partition=0 | offset=1917 | event_id=18e22b74-a7f5-4c8b-9f86-9e7cdb0bb36d
2026-07-17 17:02:49,290 | INFO | booking-consumer | Event collected | batch=4/10 | partition=0 | offset=1918 | event_id=4196b6fb-4390-4dff-ac2f-5dcf4fe97e40
2026-07-17 17:02:49,290 | INFO | booking-consumer | Event collected | batch=5/10 | partition=0 | offset=1919 | event_id=c4710122-6a9f-4ad7-bf99-5026c7ff0318
2026-07-17 17:02:49,291 | INFO | booking-consumer | Event collected | batch=6/10 | partition=0 | offset=1920 | event_id=2ef8174c-584b-4c26-85a8-8db2932dbae6
2026-07-17 17:02:49,291 | INFO | booking-consumer | Event collected | batch=7/10 | partition=0 | offset=1921 | event_id=cfe965ec-9a7d-429b-bdcf-ec84b5f35f26
2026-07-17 17:02:49,291 | INFO | booking-consumer | Event collected | batch=8/10 | partition=0 | offset=1922 | event_id=7c6fda47-705b-45c4-9ebc-f4386843d94c
2026-07-17 17:02:49,293 | INFO | booking-consumer | Event collected | batch=9/10 | partition=0 | offset=1923 | event_id=9f2da963-3107-4962-8642-b2dfed9c1c55
2026-07-17 17:02:49,293 | INFO | booking-consumer | Event collected | batch=10/10 | partition=0 | offset=1924 | event_id=9d251441-8d46-4c28-9f89-f94c5302180a
2026-07-17 17:02:49,300 | INFO | booking-consumer | Batch written and offsets committed | records=10 | offsets={0: 1925}
2026-07-17 17:02:49,301 | INFO | booking-consumer | Event collected | batch=1/10 | partition=0 | offset=1925 | event_id=08fcf99a-e64d-4065-b0d8-49b9c9e72bf9
2026-07-17 17:02:49,302 | INFO | booking-consumer | Event collected | batch=2/10 | partition=0 | offset=1926 | event_id=e81efa22-bec4-4bde-9f48-d86b089e0e93
2026-07-17 17:02:49,302 | INFO | booking-consumer | Event collected | batch=3/10 | partition=0 | offset=1927 | event_id=ec26b87b-f8f8-4a9f-9490-5195408eff78
2026-07-17 17:02:49,303 | INFO | booking-consumer | Event collected | batch=4/10 | partition=0 | offset=1928 | event_id=570d2265-e9fa-4c20-8062-54c89be747e3
2026-07-17 17:02:49,303 | INFO | booking-consumer | Event collected | batch=5/10 | partition=0 | offset=1929 | event_id=6fa6a40d-c5dc-48f6-b158-20136b0c9d96
2026-07-17 17:02:49,303 | INFO | booking-consumer | Event collected | batch=6/10 | partition=0 | offset=1930 | event_id=e8c997fe-20dc-4463-a3aa-65830b9d681d
2026-07-17 17:02:49,304 | INFO | booking-consumer | Event collected | batch=7/10 | partition=0 | offset=1931 | event_id=9ee43cf6-b9a3-476d-bee7-e6a5f5c78315
2026-07-17 17:02:49,304 | INFO | booking-consumer | Event collected | batch=8/10 | partition=0 | offset=1932 | event_id=1f197dc7-21ee-4ea0-8607-ac8e45350dc9
2026-07-17 17:02:49,305 | INFO | booking-consumer | Event collected | batch=9/10 | partition=0 | offset=1933 | event_id=a9217e8c-119b-45f5-8660-b3e4760fb901
2026-07-17 17:02:49,306 | INFO | booking-consumer | Event collected | batch=10/10 | partition=0 | offset=1934 | event_id=5107a303-d3f5-4ac9-a893-ac0158430af7
2026-07-17 17:02:49,313 | INFO | booking-consumer | Batch written and offsets committed | records=10 | offsets={0: 1935}
2026-07-17 17:02:49,313 | INFO | booking-consumer | Event collected | batch=1/10 | partition=0 | offset=1935 | event_id=68daae82-8eba-4729-b6a2-db32d0b28cb1
2026-07-17 17:02:49,314 | INFO | booking-consumer | Event collected | batch=2/10 | partition=0 | offset=1936 | event_id=412845aa-1fd7-4c17-b59c-fe19eaab1377
2026-07-17 17:02:49,315 | INFO | booking-consumer | Event collected | batch=3/10 | partition=0 | offset=1937 | event_id=9696885f-6db9-4991-91e0-c8897bf7d9a5
2026-07-17 17:02:49,315 | INFO | booking-consumer | Event collected | batch=4/10 | partition=0 | offset=1938 | event_id=2a9edcb4-4e77-4fe5-bc7f-b7d27dec33d6
2026-07-17 17:02:49,315 | INFO | booking-consumer | Event collected | batch=5/10 | partition=0 | offset=1939 | event_id=36e33389-17c0-42cd-b3c7-3e78fb4e648c
2026-07-17 17:02:49,316 | INFO | booking-consumer | Event collected | batch=6/10 | partition=0 | offset=1940 | event_id=b26058c9-0586-425e-bb5c-b4ac92218d52
2026-07-17 17:02:49,316 | INFO | booking-consumer | Event collected | batch=7/10 | partition=0 | offset=1941 | event_id=a751e88b-f4fe-46a3-93d4-5d2f2abea066
2026-07-17 17:02:49,316 | INFO | booking-consumer | Event collected | batch=8/10 | partition=0 | offset=1942 | event_id=55397b2a-afcf-41c5-b05b-4a6426a1a8cf
2026-07-17 17:02:49,317 | INFO | booking-consumer | Event collected | batch=9/10 | partition=0 | offset=1943 | event_id=d96400a7-b9f3-4c99-8461-65086a5cd02a
2026-07-17 17:02:49,317 | INFO | booking-consumer | Event collected | batch=10/10 | partition=0 | offset=1944 | event_id=db6dd34e-b94c-4565-b973-68cab3eff0bc
2026-07-17 17:02:49,324 | INFO | booking-consumer | Batch written and offsets committed | records=10 | offsets={0: 1945}
2026-07-17 17:02:49,325 | INFO | booking-consumer | Event collected | batch=1/10 | partition=0 | offset=1945 | event_id=b2ad6ae0-8e09-4f00-b6aa-de4a3f41a53f
2026-07-17 17:02:49,326 | INFO | booking-consumer | Event collected | batch=2/10 | partition=0 | offset=1946 | event_id=44e53f97-6c76-4260-949e-55cf04c6271c
2026-07-17 17:02:49,326 | INFO | booking-consumer | Event collected | batch=3/10 | partition=0 | offset=1947 | event_id=930443c2-9133-46c5-b243-3dbf39508181
2026-07-17 17:02:49,326 | INFO | booking-consumer | Event collected | batch=4/10 | partition=0 | offset=1948 | event_id=719df16a-5a2b-41ff-a6be-440a2a3da31e
2026-07-17 17:02:49,327 | INFO | booking-consumer | Event collected | batch=5/10 | partition=0 | offset=1949 | event_id=4f61af5a-63df-44e6-b564-5072c61e0833
2026-07-17 17:02:49,328 | INFO | booking-consumer | Event collected | batch=6/10 | partition=0 | offset=1950 | event_id=eb36626d-72d5-4015-b941-6734af0b9363
2026-07-17 17:02:49,328 | INFO | booking-consumer | Event collected | batch=7/10 | partition=0 | offset=1951 | event_id=44996494-52a1-4ec5-aa93-f809fe419c0b
2026-07-17 17:02:49,329 | INFO | booking-consumer | Event collected | batch=8/10 | partition=0 | offset=1952 | event_id=987d2309-0624-40fa-b615-e27e7a51e956
2026-07-17 17:02:49,329 | INFO | booking-consumer | Event collected | batch=9/10 | partition=0 | offset=1953 | event_id=db69a72e-bbd9-497f-8570-c41314bd39d4
2026-07-17 17:02:49,329 | INFO | booking-consumer | Event collected | batch=10/10 | partition=0 | offset=1954 | event_id=a4cd15cb-91cb-4cc4-bf2e-96477c7f87d6
2026-07-17 17:02:49,336 | INFO | booking-consumer | Batch written and offsets committed | records=10 | offsets={0: 1955}
2026-07-17 17:02:49,336 | INFO | booking-consumer | Event collected | batch=1/10 | partition=0 | offset=1955 | event_id=e8563545-5bc9-4c10-8be4-bdf0016f2951
2026-07-17 17:02:49,337 | INFO | booking-consumer | Event collected | batch=2/10 | partition=0 | offset=1956 | event_id=b817fdf7-c794-4911-a3c3-6a4393216bac
2026-07-17 17:02:49,338 | INFO | booking-consumer | Event collected | batch=3/10 | partition=0 | offset=1957 | event_id=11be24c8-f13a-468b-b6f9-6ad3d1d00dce
2026-07-17 17:02:49,338 | INFO | booking-consumer | Event collected | batch=4/10 | partition=0 | offset=1958 | event_id=f2a3146f-c722-45b5-8dcc-4a2c7335994d
2026-07-17 17:02:49,338 | INFO | booking-consumer | Event collected | batch=5/10 | partition=0 | offset=1959 | event_id=9a8af354-ca3d-4c17-a04b-980731a0b293
2026-07-17 17:02:49,339 | INFO | booking-consumer | Event collected | batch=6/10 | partition=0 | offset=1960 | event_id=8d9e513a-161f-4c03-936c-1c0174a5ac2a
2026-07-17 17:02:49,339 | INFO | booking-consumer | Event collected | batch=7/10 | partition=0 | offset=1961 | event_id=c5a9b34a-9b94-4488-bf93-0160be0eef2f
2026-07-17 17:02:49,340 | INFO | booking-consumer | Event collected | batch=8/10 | partition=0 | offset=1962 | event_id=4f920e0f-203e-4a6c-b78a-2edb7e723ee4
2026-07-17 17:02:49,341 | INFO | booking-consumer | Event collected | batch=9/10 | partition=0 | offset=1963 | event_id=377b40fc-c9d9-4666-81f4-d25df67f417c
2026-07-17 17:02:49,342 | INFO | booking-consumer | Event collected | batch=10/10 | partition=0 | offset=1964 | event_id=a8627460-41b2-4282-8b5d-92e4df01ba81
2026-07-17 17:02:49,349 | INFO | booking-consumer | Batch written and offsets committed | records=10 | offsets={0: 1965}
2026-07-17 17:02:49,349 | INFO | booking-consumer | Event collected | batch=1/10 | partition=0 | offset=1965 | event_id=3d274182-458d-4d0d-afaa-f7f00d0b6070
2026-07-17 17:02:49,350 | INFO | booking-consumer | Event collected | batch=2/10 | partition=0 | offset=1966 | event_id=1c350acd-d10b-4a07-9180-7297b50748c5
2026-07-17 17:02:49,350 | INFO | booking-consumer | Event collected | batch=3/10 | partition=0 | offset=1967 | event_id=de4fb450-f42a-494e-889c-5b8391ce9dcf
2026-07-17 17:02:49,350 | INFO | booking-consumer | Event collected | batch=4/10 | partition=0 | offset=1968 | event_id=af8adf4e-0740-46f6-969d-5e79641011a4
2026-07-17 17:02:49,351 | INFO | booking-consumer | Event collected | batch=5/10 | partition=0 | offset=1969 | event_id=796ffdb7-826a-4491-941a-40fa7c5f94ff
2026-07-17 17:02:49,351 | INFO | booking-consumer | Event collected | batch=6/10 | partition=0 | offset=1970 | event_id=d2606054-b5c8-4ee9-b04b-9c2338bdd9ac
2026-07-17 17:02:49,352 | INFO | booking-consumer | Event collected | batch=7/10 | partition=0 | offset=1971 | event_id=556a6d62-215e-4765-a44c-9ff419705986
2026-07-17 17:02:49,352 | INFO | booking-consumer | Event collected | batch=8/10 | partition=0 | offset=1972 | event_id=e3beca84-b1ff-4ca4-b7a7-a134dacfbb84
2026-07-17 17:02:49,352 | INFO | booking-consumer | Event collected | batch=9/10 | partition=0 | offset=1973 | event_id=9e9307fe-ff02-4f62-aeba-a3cb1b128111
2026-07-17 17:02:49,353 | INFO | booking-consumer | Event collected | batch=10/10 | partition=0 | offset=1974 | event_id=8723d5d9-047d-48ea-af81-2350e331ce0a
2026-07-17 17:02:49,360 | INFO | booking-consumer | Batch written and offsets committed | records=10 | offsets={0: 1975}
2026-07-17 17:02:49,360 | INFO | booking-consumer | Event collected | batch=1/10 | partition=0 | offset=1975 | event_id=fa685dcf-e4c0-4c86-98a9-22f5834c4215
2026-07-17 17:02:49,361 | INFO | booking-consumer | Event collected | batch=2/10 | partition=0 | offset=1976 | event_id=4c814c9b-9c86-4d2f-83d0-a2aee6a454c0
2026-07-17 17:02:49,361 | INFO | booking-consumer | Event collected | batch=3/10 | partition=0 | offset=1977 | event_id=08ecaf9c-4774-4be7-9735-9ed86756a9b2
2026-07-17 17:02:49,361 | INFO | booking-consumer | Event collected | batch=4/10 | partition=0 | offset=1978 | event_id=738d93c8-bd3e-4863-ad44-4e3daa25392e
2026-07-17 17:02:49,363 | INFO | booking-consumer | Event collected | batch=5/10 | partition=0 | offset=1979 | event_id=fe3084c9-a0dd-45a3-a1c0-a033f0d8115e
2026-07-17 17:02:49,364 | INFO | booking-consumer | Event collected | batch=6/10 | partition=0 | offset=1980 | event_id=c0a2a0a1-8ef8-49cf-a6a8-b93c65dbc041
2026-07-17 17:02:49,364 | INFO | booking-consumer | Event collected | batch=7/10 | partition=0 | offset=1981 | event_id=138c8567-d5d3-4536-91aa-ff407d771fdf
2026-07-17 17:02:49,364 | INFO | booking-consumer | Event collected | batch=8/10 | partition=0 | offset=1982 | event_id=ac9f9567-37ab-4baf-951e-16d5d56a0840
2026-07-17 17:02:49,364 | INFO | booking-consumer | Event collected | batch=9/10 | partition=0 | offset=1983 | event_id=c58db593-e6a5-41f7-ab6d-ed7215584965
2026-07-17 17:02:49,365 | INFO | booking-consumer | Event collected | batch=10/10 | partition=0 | offset=1984 | event_id=de51c887-3306-468c-bcc3-1d174ffd5677
2026-07-17 17:02:49,372 | INFO | booking-consumer | Batch written and offsets committed | records=10 | offsets={0: 1985}
2026-07-17 17:02:49,373 | INFO | booking-consumer | Event collected | batch=1/10 | partition=0 | offset=1985 | event_id=93c8a610-9041-4b2c-94b2-48239174854b
2026-07-17 17:02:49,373 | INFO | booking-consumer | Event collected | batch=2/10 | partition=0 | offset=1986 | event_id=f2390d4d-517d-4900-8936-d9d75268ba35
2026-07-17 17:02:49,374 | INFO | booking-consumer | Event collected | batch=3/10 | partition=0 | offset=1987 | event_id=3d98f9e5-e295-4a05-b3fe-05b43666ebaf
2026-07-17 17:02:49,375 | INFO | booking-consumer | Event collected | batch=4/10 | partition=0 | offset=1988 | event_id=7198b8c5-6ae3-4ee0-94bf-18ff91b5e033
2026-07-17 17:02:49,375 | INFO | booking-consumer | Event collected | batch=5/10 | partition=0 | offset=1989 | event_id=0655d93e-17a3-455a-99b6-96524723c399
2026-07-17 17:02:49,376 | INFO | booking-consumer | Event collected | batch=6/10 | partition=0 | offset=1990 | event_id=6253b6f0-89a5-4e22-9405-08411678884c
2026-07-17 17:02:49,376 | INFO | booking-consumer | Event collected | batch=7/10 | partition=0 | offset=1991 | event_id=67437d65-90c4-4e6b-b8fe-437174db1736
2026-07-17 17:02:49,377 | INFO | booking-consumer | Event collected | batch=8/10 | partition=0 | offset=1992 | event_id=4f89472c-56a1-4b5c-b313-f33665025cd4
2026-07-17 17:02:49,378 | INFO | booking-consumer | Event collected | batch=9/10 | partition=0 | offset=1993 | event_id=9e10116e-5f8c-476a-b45b-5472e794aff7
2026-07-17 17:02:49,378 | INFO | booking-consumer | Event collected | batch=10/10 | partition=0 | offset=1994 | event_id=1ed613f5-5660-4b1b-a557-4f8091abdee6
2026-07-17 17:02:49,385 | INFO | booking-consumer | Batch written and offsets committed | records=10 | offsets={0: 1995}
2026-07-17 17:02:49,385 | INFO | booking-consumer | Event collected | batch=1/10 | partition=0 | offset=1995 | event_id=142b1ca0-d876-4ccf-bb91-407d15750c8d
2026-07-17 17:02:49,386 | INFO | booking-consumer | Event collected | batch=2/10 | partition=0 | offset=1996 | event_id=af4707f9-a7c5-40f4-915a-5c207797c8a2
2026-07-17 17:02:49,387 | INFO | booking-consumer | Event collected | batch=3/10 | partition=0 | offset=1997 | event_id=98386d3c-8fb9-4ede-81b5-d8fa68123ded
2026-07-17 17:02:49,387 | INFO | booking-consumer | Event collected | batch=4/10 | partition=0 | offset=1998 | event_id=db01575c-8770-4465-8b41-63cc9bea0f18
2026-07-17 17:02:49,387 | INFO | booking-consumer | Event collected | batch=5/10 | partition=0 | offset=1999 | event_id=6251bb68-7df3-46da-8552-ed152252caf9
2026-07-17 17:02:49,388 | INFO | booking-consumer | Event collected | batch=6/10 | partition=0 | offset=2000 | event_id=cab6d4b1-08df-4a3e-bdd2-3d3c4fa72f08
2026-07-17 17:02:49,388 | INFO | booking-consumer | Event collected | batch=7/10 | partition=0 | offset=2001 | event_id=7ca79655-d5a9-4b90-be81-7b7b7e3f7a48
2026-07-17 17:02:49,389 | INFO | booking-consumer | Event collected | batch=8/10 | partition=0 | offset=2002 | event_id=c4c118c3-8e8e-4e50-8753-d662ea3c4e2a
2026-07-17 17:02:49,389 | INFO | booking-consumer | Event collected | batch=9/10 | partition=0 | offset=2003 | event_id=7d104b85-7bac-4aa5-9589-84e0480f8ee0
2026-07-17 17:02:49,390 | INFO | booking-consumer | Event collected | batch=10/10 | partition=0 | offset=2004 | event_id=d1e8225b-4893-4331-af19-ac46f7dd022b
2026-07-17 17:02:49,398 | INFO | booking-consumer | Batch written and offsets committed | records=10 | offsets={0: 2005}
2026-07-17 17:02:49,399 | INFO | booking-consumer | Event collected | batch=1/10 | partition=0 | offset=2005 | event_id=1837627e-203c-4d3f-8b1b-34428d040d79
2026-07-17 17:02:49,399 | INFO | booking-consumer | Event collected | batch=2/10 | partition=0 | offset=2006 | event_id=942f6a41-7fa6-4555-85df-2998e136d082
2026-07-17 17:02:49,400 | INFO | booking-consumer | Event collected | batch=3/10 | partition=0 | offset=2007 | event_id=4a97c2a2-6fef-4283-91d2-19f6fcabd2ee
2026-07-17 17:02:49,400 | INFO | booking-consumer | Event collected | batch=4/10 | partition=0 | offset=2008 | event_id=6c2f51e7-24b5-46ff-9066-66ae9b01e1b2
2026-07-17 17:02:49,401 | INFO | booking-consumer | Event collected | batch=5/10 | partition=0 | offset=2009 | event_id=27fc00c2-cce2-45b3-af16-253b4f2433f8
2026-07-17 17:02:49,401 | INFO | booking-consumer | Event collected | batch=6/10 | partition=0 | offset=2010 | event_id=0001db73-0334-4a89-b4e5-1e195049f4f8
2026-07-17 17:02:49,401 | INFO | booking-consumer | Event collected | batch=7/10 | partition=0 | offset=2011 | event_id=2c29341d-5db2-4b1b-9ce9-6b45fe7bba70
2026-07-17 17:02:49,402 | INFO | booking-consumer | Event collected | batch=8/10 | partition=0 | offset=2012 | event_id=7fe80a48-0178-4f37-a8ef-aa45d1c42c2c
2026-07-17 17:02:49,402 | INFO | booking-consumer | Event collected | batch=9/10 | partition=0 | offset=2013 | event_id=ce104552-0238-4c83-93da-8e2cfcce8eba
2026-07-17 17:02:49,402 | INFO | booking-consumer | Event collected | batch=10/10 | partition=0 | offset=2014 | event_id=e0922232-3ed8-46e0-b814-55082c6a0c45
2026-07-17 17:02:49,410 | INFO | booking-consumer | Batch written and offsets committed | records=10 | offsets={0: 2015}
2026-07-17 17:02:49,411 | INFO | booking-consumer | Event collected | batch=1/10 | partition=0 | offset=2015 | event_id=f0a12114-072c-42dd-bec9-309648c0b870
2026-07-17 17:02:49,412 | INFO | booking-consumer | Event collected | batch=2/10 | partition=0 | offset=2016 | event_id=76cb211c-3010-4314-bf5e-af5dcb01b5a2
2026-07-17 17:02:49,412 | INFO | booking-consumer | Event collected | batch=3/10 | partition=0 | offset=2017 | event_id=5d2d1622-5391-4dff-8cb9-a51a49c27fe3
2026-07-17 17:02:49,413 | INFO | booking-consumer | Event collected | batch=4/10 | partition=0 | offset=2018 | event_id=d5947f47-0081-40ab-937b-423fbdc4db70
2026-07-17 17:02:49,413 | INFO | booking-consumer | Event collected | batch=5/10 | partition=0 | offset=2019 | event_id=b9109273-337a-412d-a9cf-80f5328cf1a2
2026-07-17 17:02:49,413 | INFO | booking-consumer | Event collected | batch=6/10 | partition=0 | offset=2020 | event_id=e6138264-38a6-4534-9ffb-efc997855b31
2026-07-17 17:02:49,414 | INFO | booking-consumer | Event collected | batch=7/10 | partition=0 | offset=2021 | event_id=9ff860bf-46d5-4380-b696-76134a20b1e9
2026-07-17 17:02:49,414 | INFO | booking-consumer | Event collected | batch=8/10 | partition=0 | offset=2022 | event_id=a30a53e8-10b0-48aa-a183-e79afd54042f
2026-07-17 17:02:49,415 | INFO | booking-consumer | Event collected | batch=9/10 | partition=0 | offset=2023 | event_id=6ac12295-88b9-4892-a40c-c66f300060bd
2026-07-17 17:02:49,415 | INFO | booking-consumer | Event collected | batch=10/10 | partition=0 | offset=2024 | event_id=7939725b-d433-4a9f-9a6b-c0051eca3dec
2026-07-17 17:02:49,422 | INFO | booking-consumer | Batch written and offsets committed | records=10 | offsets={0: 2025}
2026-07-17 17:02:49,423 | INFO | booking-consumer | Event collected | batch=1/10 | partition=0 | offset=2025 | event_id=82ce23ce-6cde-47e0-85c0-e76b9d947f9c
2026-07-17 17:02:49,424 | INFO | booking-consumer | Event collected | batch=2/10 | partition=0 | offset=2026 | event_id=7f338ca8-c379-4063-9f03-36384ff08e09
2026-07-17 17:02:49,425 | INFO | booking-consumer | Event collected | batch=3/10 | partition=0 | offset=2027 | event_id=870a4c54-6f78-4c8e-9f36-ddcef1173c49
2026-07-17 17:02:49,426 | INFO | booking-consumer | Event collected | batch=4/10 | partition=0 | offset=2028 | event_id=70cf57a5-d73f-47cf-818b-3e8da349d3d1
2026-07-17 17:02:49,426 | INFO | booking-consumer | Event collected | batch=5/10 | partition=0 | offset=2029 | event_id=a905e642-d5ee-40c9-9d56-717f51b1bfac
2026-07-17 17:02:49,426 | INFO | booking-consumer | Event collected | batch=6/10 | partition=0 | offset=2030 | event_id=a557b5ed-dd63-4118-88de-9b5a966faab2
2026-07-17 17:02:49,427 | INFO | booking-consumer | Event collected | batch=7/10 | partition=0 | offset=2031 | event_id=8d43a7bc-6b7a-4314-8ead-61b14ce900fe
2026-07-17 17:02:49,428 | INFO | booking-consumer | Event collected | batch=8/10 | partition=0 | offset=2032 | event_id=a1b7aced-bd84-4674-b215-d00348044fa9
2026-07-17 17:02:49,428 | INFO | booking-consumer | Event collected | batch=9/10 | partition=0 | offset=2033 | event_id=27518b00-19c6-465c-91ab-4098f6717ee4
2026-07-17 17:02:49,429 | INFO | booking-consumer | Event collected | batch=10/10 | partition=0 | offset=2034 | event_id=f34ecf47-fafa-4fb0-8919-e7464d8a5a4c
2026-07-17 17:02:49,435 | INFO | booking-consumer | Batch written and offsets committed | records=10 | offsets={0: 2035}
2026-07-17 17:02:49,436 | INFO | booking-consumer | Event collected | batch=1/10 | partition=0 | offset=2035 | event_id=50c52b94-37fd-4103-86cc-d871b56f8508
2026-07-17 17:02:49,436 | INFO | booking-consumer | Event collected | batch=2/10 | partition=0 | offset=2036 | event_id=04f2687d-e95b-455d-bc7e-45c47f1ee30c
2026-07-17 17:02:49,437 | INFO | booking-consumer | Event collected | batch=3/10 | partition=0 | offset=2037 | event_id=1904dcee-a1be-4c15-997e-5f945476d57b
2026-07-17 17:02:49,437 | INFO | booking-consumer | Event collected | batch=4/10 | partition=0 | offset=2038 | event_id=5c2e3893-9d4e-4761-8211-893a373bbfb8
2026-07-17 17:02:49,437 | INFO | booking-consumer | Event collected | batch=5/10 | partition=0 | offset=2039 | event_id=439e20ea-da4d-49ae-ad7a-3ba3258b9ff7
2026-07-17 17:02:49,438 | INFO | booking-consumer | Event collected | batch=6/10 | partition=0 | offset=2040 | event_id=aa7499d5-5ecd-42f2-8caa-77d08484718f
2026-07-17 17:02:49,438 | INFO | booking-consumer | Event collected | batch=7/10 | partition=0 | offset=2041 | event_id=44ab5b18-f34a-4bea-85db-0885ef602048
2026-07-17 17:02:49,439 | INFO | booking-consumer | Event collected | batch=8/10 | partition=0 | offset=2042 | event_id=1af9ffe0-bea2-4081-bf3a-8cd5c10cb978
2026-07-17 17:02:49,440 | INFO | booking-consumer | Event collected | batch=9/10 | partition=0 | offset=2043 | event_id=b86f1a38-e66b-42ca-9d71-24c428028b5f
2026-07-17 17:02:49,440 | INFO | booking-consumer | Event collected | batch=10/10 | partition=0 | offset=2044 | event_id=e3879456-a25d-42d1-9cca-a37965faf889
2026-07-17 17:02:49,448 | INFO | booking-consumer | Batch written and offsets committed | records=10 | offsets={0: 2045}
2026-07-17 17:02:49,449 | INFO | booking-consumer | Event collected | batch=1/10 | partition=0 | offset=2045 | event_id=f6b72db9-21f3-4309-ac2f-b4a07acc08ea
2026-07-17 17:02:49,449 | INFO | booking-consumer | Event collected | batch=2/10 | partition=0 | offset=2046 | event_id=25ad1582-f273-4f66-9404-890b97c3ff0a
2026-07-17 17:02:49,449 | INFO | booking-consumer | Event collected | batch=3/10 | partition=0 | offset=2047 | event_id=8bc7a94f-29b9-4b04-946d-b5f098b53818
2026-07-17 17:02:49,450 | INFO | booking-consumer | Event collected | batch=4/10 | partition=0 | offset=2048 | event_id=4454b02a-a998-4b4c-81f2-55ce7110a8e5
2026-07-17 17:02:49,451 | INFO | booking-consumer | Event collected | batch=5/10 | partition=0 | offset=2049 | event_id=0d3c4f82-9422-4649-9d63-b5700b636785
2026-07-17 17:02:49,451 | INFO | booking-consumer | Event collected | batch=6/10 | partition=0 | offset=2050 | event_id=598deec3-bbf1-428b-be3e-d53a25809844
2026-07-17 17:02:49,451 | INFO | booking-consumer | Event collected | batch=7/10 | partition=0 | offset=2051 | event_id=323b78a9-dce9-4db6-a9f1-96b22f442df0
2026-07-17 17:02:49,452 | INFO | booking-consumer | Event collected | batch=8/10 | partition=0 | offset=2052 | event_id=58e30aa7-71f4-4622-90ad-fa633a8de418
2026-07-17 17:02:49,452 | INFO | booking-consumer | Event collected | batch=9/10 | partition=0 | offset=2053 | event_id=941d4c4e-1524-4d90-b5a4-ff36953ebc0c
2026-07-17 17:02:49,452 | INFO | booking-consumer | Event collected | batch=10/10 | partition=0 | offset=2054 | event_id=7d335185-866b-4fc8-8325-b7b91eeae9a5
2026-07-17 17:02:49,460 | INFO | booking-consumer | Batch written and offsets committed | records=10 | offsets={0: 2055}
2026-07-17 17:02:49,461 | INFO | booking-consumer | Event collected | batch=1/10 | partition=0 | offset=2055 | event_id=f01d3198-c1ae-43cb-bf33-44cf35e643ce
2026-07-17 17:02:49,461 | INFO | booking-consumer | Event collected | batch=2/10 | partition=0 | offset=2056 | event_id=70a05c0b-07cb-4e1e-899f-3491e5da16aa
2026-07-17 17:02:49,463 | INFO | booking-consumer | Event collected | batch=3/10 | partition=0 | offset=2057 | event_id=2380f3d9-a21d-4e4d-852c-b5aaa9502adc
2026-07-17 17:02:49,463 | INFO | booking-consumer | Event collected | batch=4/10 | partition=0 | offset=2058 | event_id=4bbf4a99-4566-4f83-820a-002234f57a34
2026-07-17 17:02:49,463 | INFO | booking-consumer | Event collected | batch=5/10 | partition=0 | offset=2059 | event_id=8897712c-eed6-47de-8199-e315dd14f109
2026-07-17 17:02:49,464 | INFO | booking-consumer | Event collected | batch=6/10 | partition=0 | offset=2060 | event_id=298547e4-cc26-4672-9567-726dd89eb789
2026-07-17 17:02:49,464 | INFO | booking-consumer | Event collected | batch=7/10 | partition=0 | offset=2061 | event_id=6b514896-2a24-40d0-8227-dc6cd2a7f84c
2026-07-17 17:02:49,464 | INFO | booking-consumer | Event collected | batch=8/10 | partition=0 | offset=2062 | event_id=77b1e7df-4cf6-481f-9dbd-1c4cef59f2ce
2026-07-17 17:02:49,465 | INFO | booking-consumer | Event collected | batch=9/10 | partition=0 | offset=2063 | event_id=d4b2170d-172b-4159-b13d-d89badc16e55
2026-07-17 17:02:49,465 | INFO | booking-consumer | Event collected | batch=10/10 | partition=0 | offset=2064 | event_id=a7ebc071-5192-41d1-b057-6545a674555c
2026-07-17 17:02:49,471 | INFO | booking-consumer | Batch written and offsets committed | records=10 | offsets={0: 2065}
2026-07-17 17:02:49,472 | INFO | booking-consumer | Event collected | batch=1/10 | partition=0 | offset=2065 | event_id=f33ec04b-c5c6-47a9-baf2-c4195d2c18e2
2026-07-17 17:02:49,473 | INFO | booking-consumer | Event collected | batch=2/10 | partition=0 | offset=2066 | event_id=6bd5ed45-6602-48b5-9f53-d11a723721af
2026-07-17 17:02:49,473 | INFO | booking-consumer | Event collected | batch=3/10 | partition=0 | offset=2067 | event_id=a47996c2-6e1c-4018-92d1-3d20afd3c59f
2026-07-17 17:02:49,474 | INFO | booking-consumer | Event collected | batch=4/10 | partition=0 | offset=2068 | event_id=92167221-0328-4cf9-8bc6-7d49bb37da67
2026-07-17 17:02:49,474 | INFO | booking-consumer | Event collected | batch=5/10 | partition=0 | offset=2069 | event_id=fe391647-75d2-40ca-9470-d7a3fb0438f5
2026-07-17 17:02:49,475 | INFO | booking-consumer | Event collected | batch=6/10 | partition=0 | offset=2070 | event_id=a45773e3-d104-4a98-bccc-4e5f2f533d14
2026-07-17 17:02:49,477 | INFO | booking-consumer | Event collected | batch=7/10 | partition=0 | offset=2071 | event_id=9e3de45b-851e-4523-bd75-2954f6ae283a
2026-07-17 17:02:49,478 | INFO | booking-consumer | Event collected | batch=8/10 | partition=0 | offset=2072 | event_id=e98fb200-b8cf-491f-ab73-604bf52a30ed
2026-07-17 17:02:49,478 | INFO | booking-consumer | Event collected | batch=9/10 | partition=0 | offset=2073 | event_id=bc39b51c-f685-4036-a66b-31cdd980ccc0
2026-07-17 17:02:49,478 | INFO | booking-consumer | Event collected | batch=10/10 | partition=0 | offset=2074 | event_id=d8a77931-3e1a-47e7-8a7d-1f084639cb29
2026-07-17 17:02:49,485 | INFO | booking-consumer | Batch written and offsets committed | records=10 | offsets={0: 2075}
2026-07-17 17:02:49,485 | INFO | booking-consumer | Event collected | batch=1/10 | partition=0 | offset=2075 | event_id=72756717-0102-4128-b6c9-1a3daee7a3d9
2026-07-17 17:02:49,486 | INFO | booking-consumer | Event collected | batch=2/10 | partition=0 | offset=2076 | event_id=3176b388-48ad-4dd3-8ac7-7c1e44317098
2026-07-17 17:02:49,487 | INFO | booking-consumer | Event collected | batch=3/10 | partition=0 | offset=2077 | event_id=758c11be-52de-46ad-acab-6cc75f676e8f
2026-07-17 17:02:49,487 | INFO | booking-consumer | Event collected | batch=4/10 | partition=0 | offset=2078 | event_id=a859b38f-e5ef-489d-801c-4dba563e4d9e
2026-07-17 17:02:49,487 | INFO | booking-consumer | Event collected | batch=5/10 | partition=0 | offset=2079 | event_id=08c2146f-bfaa-4a83-add4-1443a9d005d4
2026-07-17 17:02:49,488 | INFO | booking-consumer | Event collected | batch=6/10 | partition=0 | offset=2080 | event_id=8b079b73-26e2-4a59-b910-b5a4a8aa6bd0
2026-07-17 17:02:49,488 | INFO | booking-consumer | Event collected | batch=7/10 | partition=0 | offset=2081 | event_id=b961427c-19bc-437a-b2ee-e76e064aaf0d
2026-07-17 17:02:49,489 | INFO | booking-consumer | Event collected | batch=8/10 | partition=0 | offset=2082 | event_id=eede164c-d58e-4eb9-b652-be8cb2d2a28b
2026-07-17 17:02:49,490 | INFO | booking-consumer | Event collected | batch=9/10 | partition=0 | offset=2083 | event_id=a7627414-0ef9-455b-988d-847b98d2fdf2
2026-07-17 17:02:49,491 | INFO | booking-consumer | Event collected | batch=10/10 | partition=0 | offset=2084 | event_id=475115cd-d10f-4fa8-8ff5-1fc9b97bc39f
2026-07-17 17:02:49,498 | INFO | booking-consumer | Batch written and offsets committed | records=10 | offsets={0: 2085}
2026-07-17 17:02:49,499 | INFO | booking-consumer | Event collected | batch=1/10 | partition=0 | offset=2085 | event_id=c3e62830-ced9-46d4-8600-854f1e6b47ef
2026-07-17 17:02:49,499 | INFO | booking-consumer | Event collected | batch=2/10 | partition=0 | offset=2086 | event_id=a1c84fe1-8105-46e7-a2b3-3832e6c352ad
2026-07-17 17:02:49,500 | INFO | booking-consumer | Event collected | batch=3/10 | partition=0 | offset=2087 | event_id=6e2023ab-f080-45cf-910c-d4fe56946c28
2026-07-17 17:02:49,500 | INFO | booking-consumer | Event collected | batch=4/10 | partition=0 | offset=2088 | event_id=c9cf6549-e11e-4f88-8845-2d080e760eab
2026-07-17 17:02:49,500 | INFO | booking-consumer | Event collected | batch=5/10 | partition=0 | offset=2089 | event_id=44fa3406-38e9-4491-a04b-03c83aadd87e
2026-07-17 17:02:49,501 | INFO | booking-consumer | Event collected | batch=6/10 | partition=0 | offset=2090 | event_id=60fa3a2a-746f-48d6-97d5-a7d4078231ab
2026-07-17 17:02:49,501 | INFO | booking-consumer | Event collected | batch=7/10 | partition=0 | offset=2091 | event_id=a96adef1-ba61-4520-9152-dcebcb6594e6
2026-07-17 17:02:49,502 | INFO | booking-consumer | Event collected | batch=8/10 | partition=0 | offset=2092 | event_id=8983441b-a6c9-45f7-a357-888dc4f3e135
2026-07-17 17:02:49,502 | INFO | booking-consumer | Event collected | batch=9/10 | partition=0 | offset=2093 | event_id=fac6aeca-0ee2-4378-b201-3b879df78050
2026-07-17 17:02:49,502 | INFO | booking-consumer | Event collected | batch=10/10 | partition=0 | offset=2094 | event_id=acfa9b16-29e9-4174-b1dd-cdf6d3b76c24
2026-07-17 17:02:49,510 | INFO | booking-consumer | Batch written and offsets committed | records=10 | offsets={0: 2095}
2026-07-17 17:02:49,510 | INFO | booking-consumer | Event collected | batch=1/10 | partition=0 | offset=2095 | event_id=e20c0f9c-2a47-4bd3-9304-7ab7c8b286ad
2026-07-17 17:02:49,511 | INFO | booking-consumer | Event collected | batch=2/10 | partition=0 | offset=2096 | event_id=2a118861-85b2-4fd8-b199-418482d763fc
2026-07-17 17:02:49,512 | INFO | booking-consumer | Event collected | batch=3/10 | partition=0 | offset=2097 | event_id=2b780dcf-7caf-44f3-9018-4a28ce38082d
2026-07-17 17:02:49,512 | INFO | booking-consumer | Event collected | batch=4/10 | partition=0 | offset=2098 | event_id=bffff91b-b2fa-4e9b-a167-587166084a3e
2026-07-17 17:02:49,513 | INFO | booking-consumer | Event collected | batch=5/10 | partition=0 | offset=2099 | event_id=db73997a-dc54-4652-b4ff-323b2ed3a723
2026-07-17 17:02:49,513 | INFO | booking-consumer | Event collected | batch=6/10 | partition=0 | offset=2100 | event_id=f94e9a8a-7d62-4c20-90b2-483f33455be1
2026-07-17 17:02:49,513 | INFO | booking-consumer | Event collected | batch=7/10 | partition=0 | offset=2101 | event_id=fa74ca0a-6b66-4982-8052-510edee180b0
2026-07-17 17:02:49,514 | INFO | booking-consumer | Event collected | batch=8/10 | partition=0 | offset=2102 | event_id=12a9410c-5763-48cc-852d-792c0dbe52a3
2026-07-17 17:02:49,514 | INFO | booking-consumer | Event collected | batch=9/10 | partition=0 | offset=2103 | event_id=d81373e0-c3a8-469d-9694-8fa29e1fe674
2026-07-17 17:02:49,514 | INFO | booking-consumer | Event collected | batch=10/10 | partition=0 | offset=2104 | event_id=c09fb339-5be6-4b61-8b0e-26fcfcd981b2
2026-07-17 17:02:49,521 | INFO | booking-consumer | Batch written and offsets committed | records=10 | offsets={0: 2105}
2026-07-17 17:02:49,523 | INFO | booking-consumer | Event collected | batch=1/10 | partition=0 | offset=2105 | event_id=6536cd86-9541-4a5f-b16b-17b5488d463d
2026-07-17 17:02:49,523 | INFO | booking-consumer | Event collected | batch=2/10 | partition=0 | offset=2106 | event_id=b4f88de1-44df-4890-b966-a43f056449a3
2026-07-17 17:02:49,523 | INFO | booking-consumer | Event collected | batch=3/10 | partition=0 | offset=2107 | event_id=5e645bcf-873a-4a72-a4e4-91b608dc693d
2026-07-17 17:02:49,524 | INFO | booking-consumer | Event collected | batch=4/10 | partition=0 | offset=2108 | event_id=9df950d9-b3fe-4d66-89ce-0d3456947d8a
2026-07-17 17:02:49,524 | INFO | booking-consumer | Event collected | batch=5/10 | partition=0 | offset=2109 | event_id=1c4c5174-900a-4f07-8917-8821137527f5
2026-07-17 17:02:49,524 | INFO | booking-consumer | Event collected | batch=6/10 | partition=0 | offset=2110 | event_id=d6bacedf-8e5e-4c1d-8f3c-7de783474efd
2026-07-17 17:02:49,525 | INFO | booking-consumer | Event collected | batch=7/10 | partition=0 | offset=2111 | event_id=58b2b21a-93fa-4599-ab25-9eef0ea1a19c
2026-07-17 17:02:49,525 | INFO | booking-consumer | Event collected | batch=8/10 | partition=0 | offset=2112 | event_id=aa78c416-d8e5-4dff-80bd-44303329cf5c
2026-07-17 17:02:49,526 | INFO | booking-consumer | Event collected | batch=9/10 | partition=0 | offset=2113 | event_id=afd9edd7-1e95-41b8-940d-2e3483496861
2026-07-17 17:02:49,527 | INFO | booking-consumer | Event collected | batch=10/10 | partition=0 | offset=2114 | event_id=a7ef90e1-ae01-4639-b847-871c84defd81
2026-07-17 17:02:49,535 | INFO | booking-consumer | Batch written and offsets committed | records=10 | offsets={0: 2115}
2026-07-17 17:02:49,535 | INFO | booking-consumer | Event collected | batch=1/10 | partition=0 | offset=2115 | event_id=16f78211-2677-405a-9e27-fc46391be363
2026-07-17 17:02:49,536 | INFO | booking-consumer | Event collected | batch=2/10 | partition=0 | offset=2116 | event_id=18e8f38d-90f8-4ca4-9076-8687deda1531
2026-07-17 17:02:49,537 | INFO | booking-consumer | Event collected | batch=3/10 | partition=0 | offset=2117 | event_id=524eb643-97e6-4198-aa61-cfc52558a1cf
2026-07-17 17:02:49,537 | INFO | booking-consumer | Event collected | batch=4/10 | partition=0 | offset=2118 | event_id=3800aa2c-a6d7-4b4f-a301-390c71eadd80
2026-07-17 17:02:49,537 | INFO | booking-consumer | Event collected | batch=5/10 | partition=0 | offset=2119 | event_id=cfa07ffb-75b6-47f2-9a1a-1db02ae905e2
2026-07-17 17:02:49,538 | INFO | booking-consumer | Event collected | batch=6/10 | partition=0 | offset=2120 | event_id=48e35e13-b5a4-4dd2-913d-cd9aa20f455b
2026-07-17 17:02:49,538 | INFO | booking-consumer | Event collected | batch=7/10 | partition=0 | offset=2121 | event_id=cb7daf36-b1a3-4e7b-b294-c4acab8112a6
2026-07-17 17:02:49,539 | INFO | booking-consumer | Event collected | batch=8/10 | partition=0 | offset=2122 | event_id=259b5f8c-e2cf-41fb-9371-5a00f4c70ab2
2026-07-17 17:02:49,540 | INFO | booking-consumer | Event collected | batch=9/10 | partition=0 | offset=2123 | event_id=10dd9c35-2f67-4b98-9e2b-8ac27adce0ca
2026-07-17 17:02:49,540 | INFO | booking-consumer | Event collected | batch=10/10 | partition=0 | offset=2124 | event_id=a1629f3f-515d-4b8a-9c48-ea96e1a9bfae
2026-07-17 17:02:49,547 | INFO | booking-consumer | Batch written and offsets committed | records=10 | offsets={0: 2125}
2026-07-17 17:02:49,548 | INFO | booking-consumer | Event collected | batch=1/10 | partition=0 | offset=2125 | event_id=f3ebe425-070f-4725-94cc-fe1ba9b80de8
2026-07-17 17:02:49,548 | INFO | booking-consumer | Event collected | batch=2/10 | partition=0 | offset=2126 | event_id=3ac6fe1a-20ad-4fb5-a262-52acd5bb7678
2026-07-17 17:02:49,549 | INFO | booking-consumer | Event collected | batch=3/10 | partition=0 | offset=2127 | event_id=47017ba7-443e-49e6-b859-ba301c678abc
2026-07-17 17:02:49,549 | INFO | booking-consumer | Event collected | batch=4/10 | partition=0 | offset=2128 | event_id=81bcffe4-5fe4-4ea6-bf13-be4d4c8c2f9b
2026-07-17 17:02:49,550 | INFO | booking-consumer | Event collected | batch=5/10 | partition=0 | offset=2129 | event_id=0f5b4985-6dc2-4979-86ec-3137cbcf79ee
2026-07-17 17:02:49,550 | INFO | booking-consumer | Event collected | batch=6/10 | partition=0 | offset=2130 | event_id=c99b981e-d643-4df4-be57-71150351e3f1
2026-07-17 17:02:49,550 | INFO | booking-consumer | Event collected | batch=7/10 | partition=0 | offset=2131 | event_id=22fd6f4a-dc4d-409e-90a6-24a93ea4bbb4
2026-07-17 17:02:49,551 | INFO | booking-consumer | Event collected | batch=8/10 | partition=0 | offset=2132 | event_id=ca6dfa47-9090-483b-9d29-7957fa714ae6
2026-07-17 17:02:49,552 | INFO | booking-consumer | Event collected | batch=9/10 | partition=0 | offset=2133 | event_id=c7c27487-d1b7-4083-bb59-aff4234b600d
2026-07-17 17:02:49,552 | INFO | booking-consumer | Event collected | batch=10/10 | partition=0 | offset=2134 | event_id=65aae4fe-a6cc-4c5d-978c-a94b3034f58d
2026-07-17 17:02:49,559 | INFO | booking-consumer | Batch written and offsets committed | records=10 | offsets={0: 2135}
2026-07-17 17:02:49,559 | INFO | booking-consumer | Event collected | batch=1/10 | partition=0 | offset=2135 | event_id=1fc6a4bc-ccd9-45ae-955c-cf6555e74b45
2026-07-17 17:02:49,559 | INFO | booking-consumer | Event collected | batch=2/10 | partition=0 | offset=2136 | event_id=824c54be-9e90-437e-83b6-60bb5ae341d8
2026-07-17 17:02:49,561 | INFO | booking-consumer | Event collected | batch=3/10 | partition=0 | offset=2137 | event_id=0b68c5bb-36ac-4ca2-8feb-4f7eccbafee5
2026-07-17 17:02:49,561 | INFO | booking-consumer | Event collected | batch=4/10 | partition=0 | offset=2138 | event_id=8f38465b-4146-4f6d-b32e-6ff0db2a068e
2026-07-17 17:02:49,561 | INFO | booking-consumer | Event collected | batch=5/10 | partition=0 | offset=2139 | event_id=78571798-2461-4af2-b97b-6dd619a9e977
2026-07-17 17:02:49,562 | INFO | booking-consumer | Event collected | batch=6/10 | partition=0 | offset=2140 | event_id=1e183944-9525-4e94-a27a-c02dff94ac0d
2026-07-17 17:02:49,562 | INFO | booking-consumer | Event collected | batch=7/10 | partition=0 | offset=2141 | event_id=13c579ea-729a-4798-a906-dfd332df2ab5
2026-07-17 17:02:49,563 | INFO | booking-consumer | Event collected | batch=8/10 | partition=0 | offset=2142 | event_id=bed2ecf9-c949-4ee5-b970-120f71094be5
2026-07-17 17:02:49,563 | INFO | booking-consumer | Event collected | batch=9/10 | partition=0 | offset=2143 | event_id=c70b3472-bd90-4f18-a362-f69692fcdbe5
2026-07-17 17:02:49,563 | INFO | booking-consumer | Event collected | batch=10/10 | partition=0 | offset=2144 | event_id=e817cf1d-8200-41c8-aa7f-4f4565bae2c1
2026-07-17 17:02:49,570 | INFO | booking-consumer | Batch written and offsets committed | records=10 | offsets={0: 2145}
2026-07-17 17:02:49,571 | INFO | booking-consumer | Event collected | batch=1/10 | partition=0 | offset=2145 | event_id=544f518f-6289-4be9-bcc4-a9ed3dfabdf5
2026-07-17 17:02:49,572 | INFO | booking-consumer | Event collected | batch=2/10 | partition=0 | offset=2146 | event_id=f609663f-1f91-4e03-95cf-eb214a858e5b
2026-07-17 17:02:49,572 | INFO | booking-consumer | Event collected | batch=3/10 | partition=0 | offset=2147 | event_id=bef52228-c00b-447b-985c-1e0f5ac8c199
2026-07-17 17:02:49,573 | INFO | booking-consumer | Event collected | batch=4/10 | partition=0 | offset=2148 | event_id=b74a5ab5-3907-40dc-8d6e-9ccf06e7d516
2026-07-17 17:02:49,574 | INFO | booking-consumer | Event collected | batch=5/10 | partition=0 | offset=2149 | event_id=ee018699-e87e-4604-829e-e78d2f53881e
2026-07-17 17:02:49,574 | INFO | booking-consumer | Event collected | batch=6/10 | partition=0 | offset=2150 | event_id=b8a2a8d6-dbf0-4181-bfac-9d8ce44ed510
2026-07-17 17:02:49,575 | INFO | booking-consumer | Event collected | batch=7/10 | partition=0 | offset=2151 | event_id=8aad6137-6b47-47f6-8348-d45745a35be5
2026-07-17 17:02:49,575 | INFO | booking-consumer | Event collected | batch=8/10 | partition=0 | offset=2152 | event_id=11f7b37e-446d-4fbf-97e1-c29c079b2b73
2026-07-17 17:02:49,577 | INFO | booking-consumer | Event collected | batch=9/10 | partition=0 | offset=2153 | event_id=78b52ab9-2243-415a-94fe-4eca5906ff9d
2026-07-17 17:02:49,577 | INFO | booking-consumer | Event collected | batch=10/10 | partition=0 | offset=2154 | event_id=8dd55b2e-a57d-43af-baf1-30e2a6c93b87
2026-07-17 17:02:49,584 | INFO | booking-consumer | Batch written and offsets committed | records=10 | offsets={0: 2155}
2026-07-17 17:02:49,585 | INFO | booking-consumer | Event collected | batch=1/10 | partition=0 | offset=2155 | event_id=118f9700-a08e-4266-a811-bb360bcc9497
2026-07-17 17:02:49,585 | INFO | booking-consumer | Event collected | batch=2/10 | partition=0 | offset=2156 | event_id=ff646cf8-85a4-481b-86c4-0d62b04d55ae
2026-07-17 17:02:49,586 | INFO | booking-consumer | Event collected | batch=3/10 | partition=0 | offset=2157 | event_id=49947d3e-624e-4fdf-bfe2-cba06d6a0aae
2026-07-17 17:02:49,586 | INFO | booking-consumer | Event collected | batch=4/10 | partition=0 | offset=2158 | event_id=b99ad5c8-a1af-4e1b-bd73-5d3098c8d014
2026-07-17 17:02:49,587 | INFO | booking-consumer | Event collected | batch=5/10 | partition=0 | offset=2159 | event_id=77f9380b-a5f8-4722-bd02-6ec2f7ef5e72
2026-07-17 17:02:49,587 | INFO | booking-consumer | Event collected | batch=6/10 | partition=0 | offset=2160 | event_id=630ed1bf-19c7-4157-b6ac-13c0894940c2
2026-07-17 17:02:49,587 | INFO | booking-consumer | Event collected | batch=7/10 | partition=0 | offset=2161 | event_id=b7d0843d-9aa8-49b1-ae93-2e63093bb967
2026-07-17 17:02:49,588 | INFO | booking-consumer | Event collected | batch=8/10 | partition=0 | offset=2162 | event_id=eb9b576a-f9b9-42c3-8432-6625f5f42275
2026-07-17 17:02:49,588 | INFO | booking-consumer | Event collected | batch=9/10 | partition=0 | offset=2163 | event_id=8116eb28-a46f-4867-9ba8-93f1ce008e3e
2026-07-17 17:02:49,588 | INFO | booking-consumer | Event collected | batch=10/10 | partition=0 | offset=2164 | event_id=7cda16aa-2a1b-4f24-aa82-90d77d22223f
2026-07-17 17:02:49,596 | INFO | booking-consumer | Batch written and offsets committed | records=10 | offsets={0: 2165}
2026-07-17 17:02:49,597 | INFO | booking-consumer | Event collected | batch=1/10 | partition=0 | offset=2165 | event_id=7f8a0981-91e3-45df-b422-00695f7b4cbb
2026-07-17 17:02:49,598 | INFO | booking-consumer | Event collected | batch=2/10 | partition=0 | offset=2166 | event_id=a0b9e996-2ac3-40ea-a7b4-f23df89d22b9
2026-07-17 17:02:49,598 | INFO | booking-consumer | Event collected | batch=3/10 | partition=0 | offset=2167 | event_id=58672590-f45a-4529-8f4b-f3134b361670
2026-07-17 17:02:49,598 | INFO | booking-consumer | Event collected | batch=4/10 | partition=0 | offset=2168 | event_id=cd0bee80-1cea-45d9-b061-5c59a4c7890c
2026-07-17 17:02:49,599 | INFO | booking-consumer | Event collected | batch=5/10 | partition=0 | offset=2169 | event_id=ee3f09fb-d3a9-46eb-84ce-472114e64e97
2026-07-17 17:02:49,599 | INFO | booking-consumer | Event collected | batch=6/10 | partition=0 | offset=2170 | event_id=2755bb39-bb15-4424-a312-34d4a4fde12c
2026-07-17 17:02:49,600 | INFO | booking-consumer | Event collected | batch=7/10 | partition=0 | offset=2171 | event_id=9d05a46a-4c64-4812-ba7c-6a66518f2af9
2026-07-17 17:02:49,600 | INFO | booking-consumer | Event collected | batch=8/10 | partition=0 | offset=2172 | event_id=45be68eb-7bb8-4f60-8539-35d1511a40f8
2026-07-17 17:02:49,600 | INFO | booking-consumer | Event collected | batch=9/10 | partition=0 | offset=2173 | event_id=08e0b2e5-6db0-4eba-a512-54ce3c924911
2026-07-17 17:02:49,601 | INFO | booking-consumer | Event collected | batch=10/10 | partition=0 | offset=2174 | event_id=de04f15f-0299-4492-a4ce-418f42386d95
2026-07-17 17:02:49,607 | INFO | booking-consumer | Batch written and offsets committed | records=10 | offsets={0: 2175}
2026-07-17 17:02:49,608 | INFO | booking-consumer | Event collected | batch=1/10 | partition=0 | offset=2175 | event_id=d18ed163-7532-468e-a353-4a6adea6672b
2026-07-17 17:02:49,609 | INFO | booking-consumer | Event collected | batch=2/10 | partition=0 | offset=2176 | event_id=4891e6c7-62f2-44f7-822f-acc5494ed9ad
2026-07-17 17:02:49,609 | INFO | booking-consumer | Event collected | batch=3/10 | partition=0 | offset=2177 | event_id=a5502a4a-33f4-4db4-9c24-3adb642b91e5
2026-07-17 17:02:49,610 | INFO | booking-consumer | Event collected | batch=4/10 | partition=0 | offset=2178 | event_id=658d60e9-f914-4a43-89a3-6266bc8228a2
2026-07-17 17:02:49,610 | INFO | booking-consumer | Event collected | batch=5/10 | partition=0 | offset=2179 | event_id=5ddbb6ad-a89d-4e65-8450-b2d584e771c8
2026-07-17 17:02:49,611 | INFO | booking-consumer | Event collected | batch=6/10 | partition=0 | offset=2180 | event_id=cf81e1d4-2cf8-4b9d-b249-ac3d3356e4d2
2026-07-17 17:02:49,611 | INFO | booking-consumer | Event collected | batch=7/10 | partition=0 | offset=2181 | event_id=a2264565-3aeb-44af-951f-cb8066043912
2026-07-17 17:02:49,611 | INFO | booking-consumer | Event collected | batch=8/10 | partition=0 | offset=2182 | event_id=9d953513-3701-4a96-8179-35ac9464122c
2026-07-17 17:02:49,612 | INFO | booking-consumer | Event collected | batch=9/10 | partition=0 | offset=2183 | event_id=9ca63de6-09d4-4455-bada-3a382963b417
2026-07-17 17:02:49,612 | INFO | booking-consumer | Event collected | batch=10/10 | partition=0 | offset=2184 | event_id=a27eea05-0b20-4a47-a73a-2c132a541e12
2026-07-17 17:02:49,619 | INFO | booking-consumer | Batch written and offsets committed | records=10 | offsets={0: 2185}
2026-07-17 17:02:49,619 | INFO | booking-consumer | Event collected | batch=1/10 | partition=0 | offset=2185 | event_id=4292a19b-0f28-4382-9418-f42abceddc05
2026-07-17 17:02:49,619 | INFO | booking-consumer | Event collected | batch=2/10 | partition=0 | offset=2186 | event_id=3a6c3138-ff3d-452a-9a3c-bd2945ed9ec7
2026-07-17 17:02:49,620 | INFO | booking-consumer | Event collected | batch=3/10 | partition=0 | offset=2187 | event_id=39b3d59b-250f-4427-bfcf-a177a91a6f78
2026-07-17 17:02:49,620 | INFO | booking-consumer | Event collected | batch=4/10 | partition=0 | offset=2188 | event_id=b34dd225-da9e-4b75-a219-50270ce4677a
2026-07-17 17:02:49,620 | INFO | booking-consumer | Event collected | batch=5/10 | partition=0 | offset=2189 | event_id=5e9fc597-0de6-4299-afc7-2800f2f45aac
2026-07-17 17:02:49,622 | INFO | booking-consumer | Event collected | batch=6/10 | partition=0 | offset=2190 | event_id=8f80e4e4-7289-4e68-84f5-de2d5e8b7938
2026-07-17 17:02:49,623 | INFO | booking-consumer | Event collected | batch=7/10 | partition=0 | offset=2191 | event_id=eb80f9e5-d5e0-4fb7-94c1-d9637d973a4a
2026-07-17 17:02:49,623 | INFO | booking-consumer | Event collected | batch=8/10 | partition=0 | offset=2192 | event_id=743b36c1-448d-4969-b989-6cac9f9cc995
2026-07-17 17:02:49,624 | INFO | booking-consumer | Event collected | batch=9/10 | partition=0 | offset=2193 | event_id=4576b225-6e06-48e9-b256-4f1e0685ed22
2026-07-17 17:02:49,624 | INFO | booking-consumer | Event collected | batch=10/10 | partition=0 | offset=2194 | event_id=bb12efe7-51a5-4d26-829b-89cc337ba0ba
2026-07-17 17:02:49,631 | INFO | booking-consumer | Batch written and offsets committed | records=10 | offsets={0: 2195}
2026-07-17 17:02:49,631 | INFO | booking-consumer | Event collected | batch=1/10 | partition=0 | offset=2195 | event_id=32b83af0-047c-4731-9767-af3ee4461f18
2026-07-17 17:02:49,632 | INFO | booking-consumer | Event collected | batch=2/10 | partition=0 | offset=2196 | event_id=ae55ce2a-edb9-4b5d-a936-bd00b8422176
2026-07-17 17:02:49,633 | INFO | booking-consumer | Event collected | batch=3/10 | partition=0 | offset=2197 | event_id=ea64086d-d5c9-4867-813e-a01aa7a3e39f
2026-07-17 17:02:49,633 | INFO | booking-consumer | Event collected | batch=4/10 | partition=0 | offset=2198 | event_id=8c138b8a-cd51-4e1b-abcb-0bd84fd45c6f
2026-07-17 17:02:49,633 | INFO | booking-consumer | Event collected | batch=5/10 | partition=0 | offset=2199 | event_id=ed22fee2-84c0-4ec1-8fbd-4cc2f09d92d0
2026-07-17 17:02:49,634 | INFO | booking-consumer | Event collected | batch=6/10 | partition=0 | offset=2200 | event_id=6a1d1f02-0467-4fee-8a26-a4f91e391cb8
2026-07-17 17:02:49,634 | INFO | booking-consumer | Event collected | batch=7/10 | partition=0 | offset=2201 | event_id=fdb3cf94-ea75-4a46-90c4-a680f37e3f26
2026-07-17 17:02:49,634 | INFO | booking-consumer | Event collected | batch=8/10 | partition=0 | offset=2202 | event_id=1bdcc7ab-cae2-48c6-844e-f784d6898b4c
2026-07-17 17:02:49,635 | INFO | booking-consumer | Event collected | batch=9/10 | partition=0 | offset=2203 | event_id=2332905c-5da9-46cc-bbf6-f04e78f49d91
2026-07-17 17:02:49,635 | INFO | booking-consumer | Event collected | batch=10/10 | partition=0 | offset=2204 | event_id=e0cd4398-f482-4965-8506-3af431dc9688
2026-07-17 17:02:49,642 | INFO | booking-consumer | Batch written and offsets committed | records=10 | offsets={0: 2205}
2026-07-17 17:02:49,643 | INFO | booking-consumer | Event collected | batch=1/10 | partition=0 | offset=2205 | event_id=37b7058e-b0c7-45d5-9384-b83d3e37bc2b
2026-07-17 17:02:49,644 | INFO | booking-consumer | Event collected | batch=2/10 | partition=0 | offset=2206 | event_id=7626846d-7858-45ec-9d2f-050f4f8334a7
2026-07-17 17:02:49,644 | INFO | booking-consumer | Event collected | batch=3/10 | partition=0 | offset=2207 | event_id=9871a2a8-b07f-46a2-af80-8eeed0318c51
2026-07-17 17:02:49,645 | INFO | booking-consumer | Event collected | batch=4/10 | partition=0 | offset=2208 | event_id=82f041d4-1b6f-4147-b24b-e5e2858c4f3e
2026-07-17 17:02:49,645 | INFO | booking-consumer | Event collected | batch=5/10 | partition=0 | offset=2209 | event_id=3d5c9876-2846-49be-abb9-92fb69246640
2026-07-17 17:02:49,646 | INFO | booking-consumer | Event collected | batch=6/10 | partition=0 | offset=2210 | event_id=a1f42b63-6950-43d5-82d6-5b0f098eb2e7
2026-07-17 17:02:49,646 | INFO | booking-consumer | Event collected | batch=7/10 | partition=0 | offset=2211 | event_id=ee0aa850-62aa-4f99-8c73-7e072d38ffe3
2026-07-17 17:02:49,646 | INFO | booking-consumer | Event collected | batch=8/10 | partition=0 | offset=2212 | event_id=d4be6187-2bc1-4a02-b130-b5b0beb7b774
2026-07-17 17:02:49,647 | INFO | booking-consumer | Event collected | batch=9/10 | partition=0 | offset=2213 | event_id=a6281821-433f-4bb8-b515-acb90bedb143
2026-07-17 17:02:49,647 | INFO | booking-consumer | Event collected | batch=10/10 | partition=0 | offset=2214 | event_id=c5e10b0e-4a69-47a4-9353-49c905283c40
2026-07-17 17:02:49,654 | INFO | booking-consumer | Batch written and offsets committed | records=10 | offsets={0: 2215}
2026-07-17 17:02:49,654 | INFO | booking-consumer | Event collected | batch=1/10 | partition=0 | offset=2215 | event_id=83bbe946-9d7b-4f3b-b0ae-868aff6c26c5
2026-07-17 17:02:49,655 | INFO | booking-consumer | Event collected | batch=2/10 | partition=0 | offset=2216 | event_id=0488476f-39c9-4727-b00a-99899baa969f
2026-07-17 17:02:49,655 | INFO | booking-consumer | Event collected | batch=3/10 | partition=0 | offset=2217 | event_id=828f8129-0f27-492c-bc23-463e1bc14727
2026-07-17 17:02:49,656 | INFO | booking-consumer | Event collected | batch=4/10 | partition=0 | offset=2218 | event_id=e7fdb55c-9cfa-4a99-ac71-2134783b0f25
2026-07-17 17:02:49,657 | INFO | booking-consumer | Event collected | batch=5/10 | partition=0 | offset=2219 | event_id=3481c1d9-ad12-4b23-826f-6a002bc12f29
2026-07-17 17:02:49,657 | INFO | booking-consumer | Event collected | batch=6/10 | partition=0 | offset=2220 | event_id=ad44db7d-e729-476f-916a-cc1372250838
2026-07-17 17:02:49,658 | INFO | booking-consumer | Event collected | batch=7/10 | partition=0 | offset=2221 | event_id=befa93d7-7140-43f6-974b-2a8d959558a1
2026-07-17 17:02:49,659 | INFO | booking-consumer | Event collected | batch=8/10 | partition=0 | offset=2222 | event_id=86153696-a1dc-4b31-b9c9-0f90c244b614
2026-07-17 17:02:49,659 | INFO | booking-consumer | Event collected | batch=9/10 | partition=0 | offset=2223 | event_id=f1f6fe65-2ea3-4d1a-a69b-2ea79a37f459
2026-07-17 17:02:49,660 | INFO | booking-consumer | Event collected | batch=10/10 | partition=0 | offset=2224 | event_id=86720e38-4dc6-4658-807d-201519970542
2026-07-17 17:02:49,666 | INFO | booking-consumer | Batch written and offsets committed | records=10 | offsets={0: 2225}
2026-07-17 17:02:49,667 | INFO | booking-consumer | Event collected | batch=1/10 | partition=0 | offset=2225 | event_id=d4af05e0-1e9e-4a08-afad-3268c8204a5f
2026-07-17 17:02:49,667 | INFO | booking-consumer | Event collected | batch=2/10 | partition=0 | offset=2226 | event_id=fe74fc31-a7ca-4640-b2c5-5135b421fbe4
2026-07-17 17:02:49,668 | INFO | booking-consumer | Event collected | batch=3/10 | partition=0 | offset=2227 | event_id=281986b3-cf7e-48dd-8932-9f2c685815b8
2026-07-17 17:02:49,668 | INFO | booking-consumer | Event collected | batch=4/10 | partition=0 | offset=2228 | event_id=1bba3840-618b-4a6d-a519-6b85b753b266
2026-07-17 17:02:49,668 | INFO | booking-consumer | Event collected | batch=5/10 | partition=0 | offset=2229 | event_id=8f504d44-0074-42ec-ba57-3bc12a11b016
2026-07-17 17:02:49,669 | INFO | booking-consumer | Event collected | batch=6/10 | partition=0 | offset=2230 | event_id=45e8ba00-3c7c-48b2-b271-129c7ab277c4
2026-07-17 17:02:49,669 | INFO | booking-consumer | Event collected | batch=7/10 | partition=0 | offset=2231 | event_id=df75498b-f3eb-4a3e-aa53-4ee1e58dda45
2026-07-17 17:02:49,669 | INFO | booking-consumer | Event collected | batch=8/10 | partition=0 | offset=2232 | event_id=eb58b4c2-4c37-4f7b-ab76-de423a4278af
2026-07-17 17:02:49,670 | INFO | booking-consumer | Event collected | batch=9/10 | partition=0 | offset=2233 | event_id=86f15233-e65d-484b-8a24-0ba27cc58c57
2026-07-17 17:02:49,670 | INFO | booking-consumer | Event collected | batch=10/10 | partition=0 | offset=2234 | event_id=305dac48-2bd8-443f-940f-23a1a85485bb
2026-07-17 17:02:49,678 | INFO | booking-consumer | Batch written and offsets committed | records=10 | offsets={0: 2235}
2026-07-17 17:02:49,678 | INFO | booking-consumer | Event collected | batch=1/10 | partition=0 | offset=2235 | event_id=88b48f25-bf74-49e7-8393-fc02d2d43cc7
2026-07-17 17:02:49,679 | INFO | booking-consumer | Event collected | batch=2/10 | partition=0 | offset=2236 | event_id=2535c290-ed3e-4dc4-b045-33c18f5d21b6
2026-07-17 17:02:49,680 | INFO | booking-consumer | Event collected | batch=3/10 | partition=0 | offset=2237 | event_id=17e4b038-c6c1-429e-a383-101742ed392d
2026-07-17 17:02:49,680 | INFO | booking-consumer | Event collected | batch=4/10 | partition=0 | offset=2238 | event_id=2de6f6f8-1646-4bc3-b3b6-c6585a9bd911
2026-07-17 17:02:49,680 | INFO | booking-consumer | Event collected | batch=5/10 | partition=0 | offset=2239 | event_id=8b6a6a6b-bbcf-4d3f-ad83-48ca2b0d0b20
2026-07-17 17:02:49,681 | INFO | booking-consumer | Event collected | batch=6/10 | partition=0 | offset=2240 | event_id=c553fabe-7c23-46a0-acf1-da6947051efc
2026-07-17 17:02:49,681 | INFO | booking-consumer | Event collected | batch=7/10 | partition=0 | offset=2241 | event_id=364fa93d-d0b4-4ffb-b55f-820ff5cdd3a4
2026-07-17 17:02:49,681 | INFO | booking-consumer | Event collected | batch=8/10 | partition=0 | offset=2242 | event_id=54476325-adef-4275-bd71-6f93999341b3
2026-07-17 17:02:49,681 | INFO | booking-consumer | Event collected | batch=9/10 | partition=0 | offset=2243 | event_id=e617def8-885e-40ca-85ee-10c632eb6a5b
2026-07-17 17:02:49,682 | INFO | booking-consumer | Event collected | batch=10/10 | partition=0 | offset=2244 | event_id=c05100d6-d03f-411f-8f39-e66ad636a1a9
2026-07-17 17:02:49,688 | INFO | booking-consumer | Batch written and offsets committed | records=10 | offsets={0: 2245}
2026-07-17 17:02:49,690 | INFO | booking-consumer | Event collected | batch=1/10 | partition=0 | offset=2245 | event_id=85d856a8-a159-46a6-a69b-64fb0cd07ca6
2026-07-17 17:02:49,690 | INFO | booking-consumer | Event collected | batch=2/10 | partition=0 | offset=2246 | event_id=702bf612-ce9a-4c1d-9780-4bdfc43f3554
2026-07-17 17:02:49,691 | INFO | booking-consumer | Event collected | batch=3/10 | partition=0 | offset=2247 | event_id=d3dd5ff0-1c51-4ad1-b699-ce38febe4564
2026-07-17 17:02:49,692 | INFO | booking-consumer | Event collected | batch=4/10 | partition=0 | offset=2248 | event_id=cb2ed33e-9b31-4150-b529-6b907613360f
2026-07-17 17:02:49,693 | INFO | booking-consumer | Event collected | batch=5/10 | partition=0 | offset=2249 | event_id=e0d5853f-9296-4553-abd7-ef56cf2d5773
2026-07-17 17:02:49,693 | INFO | booking-consumer | Event collected | batch=6/10 | partition=0 | offset=2250 | event_id=cd363bc9-6315-444d-8418-80d2864322ee
2026-07-17 17:02:49,693 | INFO | booking-consumer | Event collected | batch=7/10 | partition=0 | offset=2251 | event_id=79a7cc21-3f58-4c73-844a-418fffb115a2
2026-07-17 17:02:49,694 | INFO | booking-consumer | Event collected | batch=8/10 | partition=0 | offset=2252 | event_id=22b3c254-d813-4217-b94a-42801bdf9a98
2026-07-17 17:02:49,694 | INFO | booking-consumer | Event collected | batch=9/10 | partition=0 | offset=2253 | event_id=696aefa3-8448-4c27-a691-f157a2e1db89
2026-07-17 17:02:49,694 | INFO | booking-consumer | Event collected | batch=10/10 | partition=0 | offset=2254 | event_id=86463c2f-959a-4b15-9bd8-755b69122950
2026-07-17 17:02:49,701 | INFO | booking-consumer | Batch written and offsets committed | records=10 | offsets={0: 2255}
2026-07-17 17:02:49,702 | INFO | booking-consumer | Event collected | batch=1/10 | partition=0 | offset=2255 | event_id=e11d968c-636c-4e07-8133-bb27e6f43598
2026-07-17 17:02:49,702 | INFO | booking-consumer | Event collected | batch=2/10 | partition=0 | offset=2256 | event_id=c47e8e6c-5714-4e5e-94e0-2d42bea2f32c
2026-07-17 17:02:49,702 | INFO | booking-consumer | Event collected | batch=3/10 | partition=0 | offset=2257 | event_id=b14430a4-80ec-48a3-a26c-eac8f4fabff5
2026-07-17 17:02:49,703 | INFO | booking-consumer | Event collected | batch=4/10 | partition=0 | offset=2258 | event_id=939e8919-9201-4c3a-b781-d45bd592fd2f
2026-07-17 17:02:49,703 | INFO | booking-consumer | Event collected | batch=5/10 | partition=0 | offset=2259 | event_id=48fce30c-3e22-4b38-a53f-9282fcf9fe17
2026-07-17 17:02:49,704 | INFO | booking-consumer | Event collected | batch=6/10 | partition=0 | offset=2260 | event_id=4b62da0b-6a66-485b-8a0d-d7308bdc48ad
2026-07-17 17:02:49,704 | INFO | booking-consumer | Event collected | batch=7/10 | partition=0 | offset=2261 | event_id=7bddd0f4-e4ae-4292-abd3-5373c5c3809c
2026-07-17 17:02:49,705 | INFO | booking-consumer | Event collected | batch=8/10 | partition=0 | offset=2262 | event_id=f312740c-a90d-418c-8e05-9627878fcf53
2026-07-17 17:02:49,706 | INFO | booking-consumer | Event collected | batch=9/10 | partition=0 | offset=2263 | event_id=ff49090c-b2b7-4113-be41-b5db12fe555a
2026-07-17 17:02:49,706 | INFO | booking-consumer | Event collected | batch=10/10 | partition=0 | offset=2264 | event_id=3e28252b-4b29-4561-9a07-238cc4c5f0b3
2026-07-17 17:02:49,714 | INFO | booking-consumer | Batch written and offsets committed | records=10 | offsets={0: 2265}
2026-07-17 17:02:49,716 | INFO | booking-consumer | Event collected | batch=1/10 | partition=0 | offset=2265 | event_id=23b0750c-2eee-4dda-a0a1-5839f5639b9a
2026-07-17 17:02:49,716 | INFO | booking-consumer | Event collected | batch=2/10 | partition=0 | offset=2266 | event_id=ebaf6141-cc5d-4305-b5c3-cc27edd6aee1
2026-07-17 17:02:49,716 | INFO | booking-consumer | Event collected | batch=3/10 | partition=0 | offset=2267 | event_id=bdf93c62-8879-4c5d-ae0c-1839384366c4
2026-07-17 17:02:49,717 | INFO | booking-consumer | Event collected | batch=4/10 | partition=0 | offset=2268 | event_id=ca2de9df-1dfc-4d92-a507-4690fad6be3b
2026-07-17 17:02:49,717 | INFO | booking-consumer | Event collected | batch=5/10 | partition=0 | offset=2269 | event_id=b16cabd3-4dcf-42ba-9d56-fabd8c069628
2026-07-17 17:02:49,717 | INFO | booking-consumer | Event collected | batch=6/10 | partition=0 | offset=2270 | event_id=ff8d7cee-5157-4bc3-ab44-afc97ed7de3f
2026-07-17 17:02:49,718 | INFO | booking-consumer | Event collected | batch=7/10 | partition=0 | offset=2271 | event_id=ecf0846d-f93e-47be-ac8c-692632645581
2026-07-17 17:02:49,718 | INFO | booking-consumer | Event collected | batch=8/10 | partition=0 | offset=2272 | event_id=97be5add-629d-4f64-ac95-cbc7dc2fbd26
2026-07-17 17:02:49,718 | INFO | booking-consumer | Event collected | batch=9/10 | partition=0 | offset=2273 | event_id=617c4ea7-32cf-4d3e-943e-0208c5eb794b
2026-07-17 17:02:49,719 | INFO | booking-consumer | Event collected | batch=10/10 | partition=0 | offset=2274 | event_id=ef26c5e3-608b-43f5-8aaa-b054d74c22b5
2026-07-17 17:02:49,727 | INFO | booking-consumer | Batch written and offsets committed | records=10 | offsets={0: 2275}
2026-07-17 17:02:49,728 | INFO | booking-consumer | Event collected | batch=1/10 | partition=0 | offset=2275 | event_id=70468111-bb5b-41ec-8d86-6ab3ac7ca585
2026-07-17 17:02:49,728 | INFO | booking-consumer | Event collected | batch=2/10 | partition=0 | offset=2276 | event_id=18c149e9-f09c-429b-b007-5dd1d524a3d7
2026-07-17 17:02:49,729 | INFO | booking-consumer | Event collected | batch=3/10 | partition=0 | offset=2277 | event_id=a0dd2804-4389-4294-a338-a64e032977c1
2026-07-17 17:02:49,729 | INFO | booking-consumer | Event collected | batch=4/10 | partition=0 | offset=2278 | event_id=704ac440-878e-4db5-950d-4002ac4526f5
2026-07-17 17:02:49,730 | INFO | booking-consumer | Event collected | batch=5/10 | partition=1 | offset=1058 | event_id=cc7dec6f-ca77-4779-8788-fbb20853d1ea
2026-07-17 17:02:49,730 | INFO | booking-consumer | Event collected | batch=6/10 | partition=1 | offset=1059 | event_id=36329518-277f-430d-b1bf-0fb44c165ae9
2026-07-17 17:02:49,730 | INFO | booking-consumer | Event collected | batch=7/10 | partition=1 | offset=1060 | event_id=59762f47-96bd-43cf-a2f8-dcb0b9a240f9
2026-07-17 17:02:49,731 | INFO | booking-consumer | Event collected | batch=8/10 | partition=1 | offset=1061 | event_id=abd07916-89d4-4290-b1bd-e573a323854c
2026-07-17 17:02:49,731 | INFO | booking-consumer | Event collected | batch=9/10 | partition=1 | offset=1062 | event_id=2a3064cb-bed8-4416-bd62-9947daf78960
2026-07-17 17:02:49,731 | INFO | booking-consumer | Event collected | batch=10/10 | partition=1 | offset=1063 | event_id=e8e12a2d-dcce-4b97-865c-7114b27d3ed7
2026-07-17 17:02:49,739 | INFO | booking-consumer | Batch written and offsets committed | records=10 | offsets={0: 2279, 1: 1064}
2026-07-17 17:02:49,740 | INFO | booking-consumer | Event collected | batch=1/10 | partition=1 | offset=1064 | event_id=5ca45e62-aa1d-48f9-92b3-1735814934ba
2026-07-17 17:02:49,740 | INFO | booking-consumer | Event collected | batch=2/10 | partition=1 | offset=1065 | event_id=df1ac2ca-3fff-4e10-b0b9-8ad14f3fc22e
2026-07-17 17:02:49,741 | INFO | booking-consumer | Event collected | batch=3/10 | partition=1 | offset=1066 | event_id=d6abc556-9c2e-400b-b737-528b83feb4f2
2026-07-17 17:02:49,742 | INFO | booking-consumer | Event collected | batch=4/10 | partition=1 | offset=1067 | event_id=d24838fa-c415-4c90-a043-68e25b1bd691
2026-07-17 17:02:49,743 | INFO | booking-consumer | Event collected | batch=5/10 | partition=1 | offset=1068 | event_id=3e046ce3-693f-402f-8a02-23462af8bd8a
2026-07-17 17:02:49,744 | INFO | booking-consumer | Event collected | batch=6/10 | partition=1 | offset=1069 | event_id=186c380e-de2f-433d-ab75-3f81fa37e521
2026-07-17 17:02:49,744 | INFO | booking-consumer | Event collected | batch=7/10 | partition=1 | offset=1070 | event_id=a04799d8-e613-4587-8bc1-38e9c40c538d
2026-07-17 17:02:49,745 | INFO | booking-consumer | Event collected | batch=8/10 | partition=1 | offset=1071 | event_id=db34bfb1-0bfe-4c41-a781-09405ea0a671
2026-07-17 17:02:49,745 | INFO | booking-consumer | Event collected | batch=9/10 | partition=1 | offset=1072 | event_id=621c0974-c44c-4f56-b0da-041a75f1c35f
2026-07-17 17:02:49,746 | INFO | booking-consumer | Event collected | batch=10/10 | partition=1 | offset=1073 | event_id=d211195f-634a-461c-ae02-9a7eda46f3b2
2026-07-17 17:02:49,752 | INFO | booking-consumer | Batch written and offsets committed | records=10 | offsets={1: 1074}
2026-07-17 17:02:49,753 | INFO | booking-consumer | Event collected | batch=1/10 | partition=1 | offset=1074 | event_id=e511bf15-e30b-4bb4-b073-9764482c20f0
2026-07-17 17:02:49,753 | INFO | booking-consumer | Event collected | batch=2/10 | partition=1 | offset=1075 | event_id=fee7a874-fe85-47fe-901c-0ffcb9b5f7ad
2026-07-17 17:02:49,754 | INFO | booking-consumer | Event collected | batch=3/10 | partition=1 | offset=1076 | event_id=f81c2751-7522-45cd-80e5-1b7640d16818
2026-07-17 17:02:49,755 | INFO | booking-consumer | Event collected | batch=4/10 | partition=1 | offset=1077 | event_id=85172391-d2ac-4753-ba9d-ecf03df2e7a0
2026-07-17 17:02:49,755 | INFO | booking-consumer | Event collected | batch=5/10 | partition=1 | offset=1078 | event_id=90a8e3ef-3912-4ca4-b372-6eee5a7c46d5
2026-07-17 17:02:49,755 | INFO | booking-consumer | Event collected | batch=6/10 | partition=1 | offset=1079 | event_id=b8907b94-b27e-4dcb-b6de-5bc1610e3071
2026-07-17 17:02:49,756 | INFO | booking-consumer | Event collected | batch=7/10 | partition=1 | offset=1080 | event_id=d9281f39-a577-41bb-bc72-43ad8d25a931
2026-07-17 17:02:49,757 | INFO | booking-consumer | Event collected | batch=8/10 | partition=1 | offset=1081 | event_id=2e5af8aa-aa4e-4a5e-8a8c-9185f44de5f7
2026-07-17 17:02:49,757 | INFO | booking-consumer | Event collected | batch=9/10 | partition=1 | offset=1082 | event_id=b1e8665c-a4d0-4ca2-b4ce-311df97548d5
2026-07-17 17:02:49,758 | INFO | booking-consumer | Event collected | batch=10/10 | partition=1 | offset=1083 | event_id=d037f0a7-393d-41c8-97f2-9a93b0d8b4fc
2026-07-17 17:02:49,765 | INFO | booking-consumer | Batch written and offsets committed | records=10 | offsets={1: 1084}
2026-07-17 17:02:49,765 | INFO | booking-consumer | Event collected | batch=1/10 | partition=1 | offset=1084 | event_id=11990f21-b067-4436-9608-24b409c1c5dc
2026-07-17 17:02:49,766 | INFO | booking-consumer | Event collected | batch=2/10 | partition=1 | offset=1085 | event_id=a93fcdfe-5f4b-4216-af8e-6db7ce9b6ec1
2026-07-17 17:02:49,766 | INFO | booking-consumer | Event collected | batch=3/10 | partition=1 | offset=1086 | event_id=5919582b-1726-441a-b76c-6fbbe0a99e46
2026-07-17 17:02:49,767 | INFO | booking-consumer | Event collected | batch=4/10 | partition=1 | offset=1087 | event_id=818fb148-d9a4-4c60-8a6e-655d3b5b5218
2026-07-17 17:02:49,768 | INFO | booking-consumer | Event collected | batch=5/10 | partition=1 | offset=1088 | event_id=919f82f9-257a-4d35-b1ba-60037e876e65
2026-07-17 17:02:49,768 | INFO | booking-consumer | Event collected | batch=6/10 | partition=1 | offset=1089 | event_id=b490223e-1874-4de1-898a-b7440de8de28
2026-07-17 17:02:49,769 | INFO | booking-consumer | Event collected | batch=7/10 | partition=1 | offset=1090 | event_id=5042cfd1-d375-4893-94ff-9b7bc22b81a7
2026-07-17 17:02:49,769 | INFO | booking-consumer | Event collected | batch=8/10 | partition=1 | offset=1091 | event_id=df238b4e-7a74-4d13-950e-cb148a6b53a6
2026-07-17 17:02:49,770 | INFO | booking-consumer | Event collected | batch=9/10 | partition=1 | offset=1092 | event_id=58446319-263e-4e38-a4cc-a2f3d8992f69
2026-07-17 17:02:49,770 | INFO | booking-consumer | Event collected | batch=10/10 | partition=1 | offset=1093 | event_id=7226c4d9-1a7f-4416-b879-2cad88922dcf
2026-07-17 17:02:49,778 | INFO | booking-consumer | Batch written and offsets committed | records=10 | offsets={1: 1094}
2026-07-17 17:02:49,778 | INFO | booking-consumer | Event collected | batch=1/10 | partition=1 | offset=1094 | event_id=b0281e58-70f8-4859-97a1-940e7ebffcd7
2026-07-17 17:02:49,779 | INFO | booking-consumer | Event collected | batch=2/10 | partition=1 | offset=1095 | event_id=df777a22-d6ab-4bb7-876e-f204fa2ebb1d
2026-07-17 17:02:49,779 | INFO | booking-consumer | Event collected | batch=3/10 | partition=1 | offset=1096 | event_id=ab528346-0229-4afe-bee7-ae7161962faa
2026-07-17 17:02:49,779 | INFO | booking-consumer | Event collected | batch=4/10 | partition=1 | offset=1097 | event_id=8ac8119f-94f0-4cf5-b60e-93ed68c01097
2026-07-17 17:02:49,780 | INFO | booking-consumer | Event collected | batch=5/10 | partition=1 | offset=1098 | event_id=36516606-cf87-4de9-a402-efab14305865
2026-07-17 17:02:49,780 | INFO | booking-consumer | Event collected | batch=6/10 | partition=1 | offset=1099 | event_id=5503bbc3-5933-45d3-b4a8-e181d201ee6b
2026-07-17 17:02:49,780 | INFO | booking-consumer | Event collected | batch=7/10 | partition=1 | offset=1100 | event_id=7f0ba094-131f-493b-b55f-06f9cf473de1
2026-07-17 17:02:49,781 | INFO | booking-consumer | Event collected | batch=8/10 | partition=1 | offset=1101 | event_id=b0cb380a-bc22-4b3c-9638-f2f80e1e4bfe
2026-07-17 17:02:49,782 | INFO | booking-consumer | Event collected | batch=9/10 | partition=1 | offset=1102 | event_id=4e158f9a-8e44-4293-8189-ddbd97990284
2026-07-17 17:02:49,782 | INFO | booking-consumer | Event collected | batch=10/10 | partition=1 | offset=1103 | event_id=5b609762-d463-4bcf-9293-957121707942
2026-07-17 17:02:49,788 | INFO | booking-consumer | Batch written and offsets committed | records=10 | offsets={1: 1104}
2026-07-17 17:02:49,789 | INFO | booking-consumer | Event collected | batch=1/10 | partition=1 | offset=1104 | event_id=2fec1422-7cb5-41e1-8caf-2b58a4d88c86
2026-07-17 17:02:49,789 | INFO | booking-consumer | Event collected | batch=2/10 | partition=1 | offset=1105 | event_id=1065e451-aeda-4034-8698-32c2ff7f7dba
2026-07-17 17:02:49,790 | INFO | booking-consumer | Event collected | batch=3/10 | partition=1 | offset=1106 | event_id=42ca4051-bde0-4333-99ee-f9f999047d9a
2026-07-17 17:02:49,791 | INFO | booking-consumer | Event collected | batch=4/10 | partition=1 | offset=1107 | event_id=7ae52d8c-1d8a-4af4-bcb9-4c8260f80701
2026-07-17 17:02:49,791 | INFO | booking-consumer | Event collected | batch=5/10 | partition=1 | offset=1108 | event_id=48ec5341-bc78-4eaa-9804-4a464dc8dc0e
2026-07-17 17:02:49,792 | INFO | booking-consumer | Event collected | batch=6/10 | partition=1 | offset=1109 | event_id=f847f4d0-257e-4a88-b65b-88f5e480afb0
2026-07-17 17:02:49,792 | INFO | booking-consumer | Event collected | batch=7/10 | partition=1 | offset=1110 | event_id=f5b3a549-e051-40d4-8da3-d2028047d829
2026-07-17 17:02:49,792 | INFO | booking-consumer | Event collected | batch=8/10 | partition=1 | offset=1111 | event_id=c3ce2697-c167-44a9-96a0-afe0bb3d5cfc
2026-07-17 17:02:49,793 | INFO | booking-consumer | Event collected | batch=9/10 | partition=1 | offset=1112 | event_id=e81dff83-88d7-447a-8059-256e195671a3
2026-07-17 17:02:49,793 | INFO | booking-consumer | Event collected | batch=10/10 | partition=1 | offset=1113 | event_id=50ff9838-7e54-47f4-b1a4-ec1451e6d665
2026-07-17 17:02:49,800 | INFO | booking-consumer | Batch written and offsets committed | records=10 | offsets={1: 1114}
2026-07-17 17:02:49,801 | INFO | booking-consumer | Event collected | batch=1/10 | partition=1 | offset=1114 | event_id=65922e91-0591-49a0-9ea8-2b720b8a406e
2026-07-17 17:02:49,801 | INFO | booking-consumer | Event collected | batch=2/10 | partition=1 | offset=1115 | event_id=411d8d08-eed9-4b48-b04c-ed35e8f0cda5
2026-07-17 17:02:49,802 | INFO | booking-consumer | Event collected | batch=3/10 | partition=1 | offset=1116 | event_id=a438965d-685f-409d-9efb-f61118718f4d
2026-07-17 17:02:49,803 | INFO | booking-consumer | Event collected | batch=4/10 | partition=1 | offset=1117 | event_id=6e148087-8a45-49d2-9fa4-3390da3ed386
2026-07-17 17:02:49,803 | INFO | booking-consumer | Event collected | batch=5/10 | partition=1 | offset=1118 | event_id=f2536b91-2d16-4395-8248-9ed541d19c31
2026-07-17 17:02:49,803 | INFO | booking-consumer | Event collected | batch=6/10 | partition=1 | offset=1119 | event_id=e4c41563-5760-415d-b8f5-a3118ec319c1
2026-07-17 17:02:49,803 | INFO | booking-consumer | Event collected | batch=7/10 | partition=1 | offset=1120 | event_id=0953a36e-954c-4690-ace4-27e0b300765a
2026-07-17 17:02:49,804 | INFO | booking-consumer | Event collected | batch=8/10 | partition=1 | offset=1121 | event_id=759fb709-8dcf-43f3-b1c5-fe9dad5a36bc
2026-07-17 17:02:49,804 | INFO | booking-consumer | Event collected | batch=9/10 | partition=1 | offset=1122 | event_id=c94249d6-7ba7-4c84-afb1-1d5243e545e5
2026-07-17 17:02:49,805 | INFO | booking-consumer | Event collected | batch=10/10 | partition=1 | offset=1123 | event_id=f6a17ced-629e-4c61-b5e6-87d48964adea
2026-07-17 17:02:49,813 | INFO | booking-consumer | Batch written and offsets committed | records=10 | offsets={1: 1124}
2026-07-17 17:02:49,814 | INFO | booking-consumer | Event collected | batch=1/10 | partition=1 | offset=1124 | event_id=7af08d0a-1c79-4b38-b025-db591f44f26c
2026-07-17 17:02:49,815 | INFO | booking-consumer | Event collected | batch=2/10 | partition=1 | offset=1125 | event_id=7679d5d9-78e3-4704-b3d6-53d3e3c472d1
2026-07-17 17:02:49,815 | INFO | booking-consumer | Event collected | batch=3/10 | partition=1 | offset=1126 | event_id=82b53030-b432-4f10-8372-bc41db95f100
2026-07-17 17:02:49,815 | INFO | booking-consumer | Event collected | batch=4/10 | partition=1 | offset=1127 | event_id=b3595b0b-bc77-419d-9947-72fccae39b24
2026-07-17 17:02:49,816 | INFO | booking-consumer | Event collected | batch=5/10 | partition=1 | offset=1128 | event_id=35fd5f75-5aee-4dc1-aba9-8c40f3f9c1a6
2026-07-17 17:02:49,816 | INFO | booking-consumer | Event collected | batch=6/10 | partition=1 | offset=1129 | event_id=5212472d-4e4a-4f26-9a15-48cc2a7e738d
2026-07-17 17:02:49,817 | INFO | booking-consumer | Event collected | batch=7/10 | partition=1 | offset=1130 | event_id=bfb31b9d-a865-4339-9c5b-5dc8bcee0170
2026-07-17 17:02:49,817 | INFO | booking-consumer | Event collected | batch=8/10 | partition=1 | offset=1131 | event_id=8d2f688e-88c2-465d-ad62-13ab994a6a4b
2026-07-17 17:02:49,818 | INFO | booking-consumer | Event collected | batch=9/10 | partition=1 | offset=1132 | event_id=c2d39f52-1eae-4f3d-a294-216ec1ac230b
2026-07-17 17:02:49,818 | INFO | booking-consumer | Event collected | batch=10/10 | partition=1 | offset=1133 | event_id=661bd02f-38d9-43ed-9572-7c18afd17942
2026-07-17 17:02:49,825 | INFO | booking-consumer | Batch written and offsets committed | records=10 | offsets={1: 1134}
2026-07-17 17:02:49,825 | INFO | booking-consumer | Event collected | batch=1/10 | partition=1 | offset=1134 | event_id=41dce1e0-c7eb-4eca-96be-16f8dc659aa3
2026-07-17 17:02:49,826 | INFO | booking-consumer | Event collected | batch=2/10 | partition=1 | offset=1135 | event_id=e1729a04-3b67-45d4-b06a-4942b738b759
2026-07-17 17:02:49,827 | INFO | booking-consumer | Event collected | batch=3/10 | partition=1 | offset=1136 | event_id=91c25656-1d76-4371-a563-190fb9f478d0
2026-07-17 17:02:49,827 | INFO | booking-consumer | Event collected | batch=4/10 | partition=1 | offset=1137 | event_id=f2bdece8-0e6e-4704-a0bd-13d25f0e97e5
2026-07-17 17:02:49,828 | INFO | booking-consumer | Event collected | batch=5/10 | partition=1 | offset=1138 | event_id=01635a34-a137-4d45-b446-8b32d51ac90b
2026-07-17 17:02:49,829 | INFO | booking-consumer | Event collected | batch=6/10 | partition=1 | offset=1139 | event_id=8a06b705-f1ac-455a-ad75-e2309fcb3b1c
2026-07-17 17:02:49,829 | INFO | booking-consumer | Event collected | batch=7/10 | partition=1 | offset=1140 | event_id=c4b03f7a-aa37-4395-9a69-c5f709dcf9c4
2026-07-17 17:02:49,830 | INFO | booking-consumer | Event collected | batch=8/10 | partition=1 | offset=1141 | event_id=b6e011f0-e543-4590-9958-7ea7b9a0445d
2026-07-17 17:02:49,830 | INFO | booking-consumer | Event collected | batch=9/10 | partition=1 | offset=1142 | event_id=5e4952e8-4d05-4483-9ec2-94de73d1c82f
2026-07-17 17:02:49,830 | INFO | booking-consumer | Event collected | batch=10/10 | partition=1 | offset=1143 | event_id=c596a601-6743-48a1-93c2-5f3821f91133
2026-07-17 17:02:49,837 | INFO | booking-consumer | Batch written and offsets committed | records=10 | offsets={1: 1144}
2026-07-17 17:02:49,838 | INFO | booking-consumer | Event collected | batch=1/10 | partition=1 | offset=1144 | event_id=d6cfe205-bd14-4c7a-95ec-1ad59bd5d36a
2026-07-17 17:02:49,839 | INFO | booking-consumer | Event collected | batch=2/10 | partition=1 | offset=1145 | event_id=9ee8bd3d-d620-4e53-881f-8523f81c8ad9
2026-07-17 17:02:49,840 | INFO | booking-consumer | Event collected | batch=3/10 | partition=1 | offset=1146 | event_id=7c48170c-f0fe-4ade-b0c0-91e4eac0f6f4
2026-07-17 17:02:49,840 | INFO | booking-consumer | Event collected | batch=4/10 | partition=1 | offset=1147 | event_id=89e52822-d3aa-4896-9184-2c0432c888a6
2026-07-17 17:02:49,841 | INFO | booking-consumer | Event collected | batch=5/10 | partition=1 | offset=1148 | event_id=e242009a-8660-400e-b87f-a646ac4ec494
2026-07-17 17:02:49,841 | INFO | booking-consumer | Event collected | batch=6/10 | partition=1 | offset=1149 | event_id=378b1cde-8c2b-4588-ab2e-ce18a441f426
2026-07-17 17:02:49,842 | INFO | booking-consumer | Event collected | batch=7/10 | partition=1 | offset=1150 | event_id=5f44bae3-adfa-4b87-84b9-bfaa098322ac
2026-07-17 17:02:49,842 | INFO | booking-consumer | Event collected | batch=8/10 | partition=1 | offset=1151 | event_id=114e7442-626e-43e5-946e-a0aee3e191e9
2026-07-17 17:02:49,843 | INFO | booking-consumer | Event collected | batch=9/10 | partition=1 | offset=1152 | event_id=f218aa9f-8b96-4131-a67f-4f75a79bf155
2026-07-17 17:02:49,843 | INFO | booking-consumer | Event collected | batch=10/10 | partition=1 | offset=1153 | event_id=5b4b199e-87a5-4507-80b5-6c3d4eedfffb
2026-07-17 17:02:49,851 | INFO | booking-consumer | Batch written and offsets committed | records=10 | offsets={1: 1154}
2026-07-17 17:02:49,851 | INFO | booking-consumer | Event collected | batch=1/10 | partition=1 | offset=1154 | event_id=ce86efa6-cdf2-412a-8a40-3a6186290854
2026-07-17 17:02:49,852 | INFO | booking-consumer | Event collected | batch=2/10 | partition=1 | offset=1155 | event_id=38e58496-a07f-4dc4-a734-f56e24d5b2e4
2026-07-17 17:02:49,852 | INFO | booking-consumer | Event collected | batch=3/10 | partition=1 | offset=1156 | event_id=00e4cdef-a08d-4fd3-a12d-49a0b5633612
2026-07-17 17:02:49,852 | INFO | booking-consumer | Event collected | batch=4/10 | partition=1 | offset=1157 | event_id=820be1ef-050f-40b6-ba88-bfddb8dc0735
2026-07-17 17:02:49,853 | INFO | booking-consumer | Event collected | batch=5/10 | partition=1 | offset=1158 | event_id=0b29e555-3612-46c0-9d6c-e4df656f94ae
2026-07-17 17:02:49,853 | INFO | booking-consumer | Event collected | batch=6/10 | partition=1 | offset=1159 | event_id=42aeaa8f-1aba-44bc-ab59-2905cd0f3823
2026-07-17 17:02:49,854 | INFO | booking-consumer | Event collected | batch=7/10 | partition=1 | offset=1160 | event_id=77fa0c35-f9ea-40d4-80df-cd62d926edef
2026-07-17 17:02:49,854 | INFO | booking-consumer | Event collected | batch=8/10 | partition=1 | offset=1161 | event_id=4d760ad2-e1b2-407d-a4a5-bc78a0e4a446
2026-07-17 17:02:49,855 | INFO | booking-consumer | Event collected | batch=9/10 | partition=1 | offset=1162 | event_id=940e7c10-9eb2-4462-810d-b7d210733a32
2026-07-17 17:02:49,855 | INFO | booking-consumer | Event collected | batch=10/10 | partition=1 | offset=1163 | event_id=fef577f5-fdc2-4823-a63c-5d0c7e61113f
2026-07-17 17:02:49,863 | INFO | booking-consumer | Batch written and offsets committed | records=10 | offsets={1: 1164}
2026-07-17 17:02:49,864 | INFO | booking-consumer | Event collected | batch=1/10 | partition=1 | offset=1164 | event_id=00d83c11-bb86-4129-a216-06f53bb62dd8
2026-07-17 17:02:49,865 | INFO | booking-consumer | Event collected | batch=2/10 | partition=1 | offset=1165 | event_id=ee372c97-e174-4a31-9984-aac4c8b98d44
2026-07-17 17:02:49,865 | INFO | booking-consumer | Event collected | batch=3/10 | partition=1 | offset=1166 | event_id=5d008755-ee71-4f8e-b931-4c36a7e6099d
2026-07-17 17:02:49,865 | INFO | booking-consumer | Event collected | batch=4/10 | partition=1 | offset=1167 | event_id=4355138c-e0ee-4eb3-b0cd-e7f745ce4883
2026-07-17 17:02:49,866 | INFO | booking-consumer | Event collected | batch=5/10 | partition=1 | offset=1168 | event_id=64f8dc99-a21a-42cf-8eb5-2e4e9aa1d540
2026-07-17 17:02:49,866 | INFO | booking-consumer | Event collected | batch=6/10 | partition=1 | offset=1169 | event_id=b410b928-5d95-4f0a-9f3f-02e0e11a12e0
2026-07-17 17:02:49,866 | INFO | booking-consumer | Event collected | batch=7/10 | partition=1 | offset=1170 | event_id=6d6380a8-14ed-4d0e-b5aa-162b9d9dfa83
2026-07-17 17:02:49,866 | INFO | booking-consumer | Event collected | batch=8/10 | partition=1 | offset=1171 | event_id=d1120c61-954b-453b-be27-1a6c0c604b4e
2026-07-17 17:02:49,867 | INFO | booking-consumer | Event collected | batch=9/10 | partition=1 | offset=1172 | event_id=5da62155-d88a-4015-ac86-0b2764d8571f
2026-07-17 17:02:49,867 | INFO | booking-consumer | Event collected | batch=10/10 | partition=1 | offset=1173 | event_id=2bd21904-4503-4ca9-8d13-42f3576c2c72
2026-07-17 17:02:49,874 | INFO | booking-consumer | Batch written and offsets committed | records=10 | offsets={1: 1174}
2026-07-17 17:02:49,875 | INFO | booking-consumer | Event collected | batch=1/10 | partition=1 | offset=1174 | event_id=1be30815-69ac-40fe-b010-2839c9bc173d
2026-07-17 17:02:49,876 | INFO | booking-consumer | Event collected | batch=2/10 | partition=1 | offset=1175 | event_id=e3ba662a-8f43-4ded-a1d4-1214728f036e
2026-07-17 17:02:49,876 | INFO | booking-consumer | Event collected | batch=3/10 | partition=1 | offset=1176 | event_id=6b7e4bfa-2f61-47e8-9ea8-be665e5583eb
2026-07-17 17:02:49,877 | INFO | booking-consumer | Event collected | batch=4/10 | partition=1 | offset=1177 | event_id=aec1d8c1-cfc9-4060-bc2f-852ff2af8354
2026-07-17 17:02:49,877 | INFO | booking-consumer | Event collected | batch=5/10 | partition=1 | offset=1178 | event_id=7ce5c0c7-4c2d-4211-b20c-11607775f0f0
2026-07-17 17:02:49,877 | INFO | booking-consumer | Event collected | batch=6/10 | partition=1 | offset=1179 | event_id=5a631adf-a053-4540-bacc-fb45d93d3020
2026-07-17 17:02:49,878 | INFO | booking-consumer | Event collected | batch=7/10 | partition=1 | offset=1180 | event_id=346a2d5d-f90f-49a5-aeda-3bd95103009a
2026-07-17 17:02:49,878 | INFO | booking-consumer | Event collected | batch=8/10 | partition=1 | offset=1181 | event_id=5dca760b-f650-4aa0-b5b3-91882c34c660
2026-07-17 17:02:49,879 | INFO | booking-consumer | Event collected | batch=9/10 | partition=1 | offset=1182 | event_id=b9ad09da-6841-42ed-9441-203bf2c73fb6
2026-07-17 17:02:49,879 | INFO | booking-consumer | Event collected | batch=10/10 | partition=1 | offset=1183 | event_id=43828192-8d04-4e9b-910f-94a34ae745bb
2026-07-17 17:02:49,887 | INFO | booking-consumer | Batch written and offsets committed | records=10 | offsets={1: 1184}
2026-07-17 17:02:49,887 | INFO | booking-consumer | Event collected | batch=1/10 | partition=1 | offset=1184 | event_id=161a7783-2aaf-45dc-8e9b-7d2cdcdad1f8
2026-07-17 17:02:49,887 | INFO | booking-consumer | Event collected | batch=2/10 | partition=1 | offset=1185 | event_id=2544e00e-42fd-4a21-992a-a45f0cf08b16
2026-07-17 17:02:49,888 | INFO | booking-consumer | Event collected | batch=3/10 | partition=1 | offset=1186 | event_id=aea6e63b-dd35-48e2-860a-ef45756701b2
2026-07-17 17:02:49,888 | INFO | booking-consumer | Event collected | batch=4/10 | partition=1 | offset=1187 | event_id=e4cc9a2c-9a70-4be7-922a-e52505007b94
2026-07-17 17:02:49,889 | INFO | booking-consumer | Event collected | batch=5/10 | partition=1 | offset=1188 | event_id=5f8315de-6540-4f72-8818-c5269713cf6c
2026-07-17 17:02:49,890 | INFO | booking-consumer | Event collected | batch=6/10 | partition=1 | offset=1189 | event_id=a41d6402-38ad-4086-a846-82b1d2081ea5
2026-07-17 17:02:49,890 | INFO | booking-consumer | Event collected | batch=7/10 | partition=1 | offset=1190 | event_id=f5790592-b46a-455d-b865-f3a074159a50
2026-07-17 17:02:49,891 | INFO | booking-consumer | Event collected | batch=8/10 | partition=1 | offset=1191 | event_id=1e4d33e0-9960-444d-ae1c-7511ec122565
2026-07-17 17:02:49,891 | INFO | booking-consumer | Event collected | batch=9/10 | partition=1 | offset=1192 | event_id=059d2a0a-c2e4-49ad-b5f5-33c4281dfd36
2026-07-17 17:02:49,892 | INFO | booking-consumer | Event collected | batch=10/10 | partition=1 | offset=1193 | event_id=ada8ddfb-7420-4425-956c-061cf62b0b85
2026-07-17 17:02:49,899 | INFO | booking-consumer | Batch written and offsets committed | records=10 | offsets={1: 1194}
2026-07-17 17:02:49,900 | INFO | booking-consumer | Event collected | batch=1/10 | partition=1 | offset=1194 | event_id=4ab3edd1-e499-4795-86a3-80d9d2662700
2026-07-17 17:02:49,900 | INFO | booking-consumer | Event collected | batch=2/10 | partition=1 | offset=1195 | event_id=daf070b4-bce5-47b9-b944-e8d8c346751c
2026-07-17 17:02:49,900 | INFO | booking-consumer | Event collected | batch=3/10 | partition=1 | offset=1196 | event_id=3c0cfce6-789f-40d7-b673-1128445c37ac
2026-07-17 17:02:49,900 | INFO | booking-consumer | Event collected | batch=4/10 | partition=1 | offset=1197 | event_id=197b0e55-db73-4382-86a9-5ee9bbd1273f
2026-07-17 17:02:49,902 | INFO | booking-consumer | Event collected | batch=5/10 | partition=1 | offset=1198 | event_id=c981e2a5-dc63-4506-8dd2-ac9fad63ff23
2026-07-17 17:02:49,902 | INFO | booking-consumer | Event collected | batch=6/10 | partition=1 | offset=1199 | event_id=3eba0f41-76aa-405e-b378-0386e8b115c6
2026-07-17 17:02:49,902 | INFO | booking-consumer | Event collected | batch=7/10 | partition=1 | offset=1200 | event_id=e21da668-18f1-45fd-b4d6-3e933ffc333e
2026-07-17 17:02:49,902 | INFO | booking-consumer | Event collected | batch=8/10 | partition=1 | offset=1201 | event_id=de70c25b-d6da-43f9-9c90-cc46919610cb
2026-07-17 17:02:49,903 | INFO | booking-consumer | Event collected | batch=9/10 | partition=1 | offset=1202 | event_id=9bb1a6c7-3965-43b7-b059-f8d9507fa6c2
2026-07-17 17:02:49,903 | INFO | booking-consumer | Event collected | batch=10/10 | partition=1 | offset=1203 | event_id=c0d03813-7e24-4d9e-a3f3-600867657963
2026-07-17 17:02:49,912 | INFO | booking-consumer | Batch written and offsets committed | records=10 | offsets={1: 1204}
2026-07-17 17:02:49,912 | INFO | booking-consumer | Event collected | batch=1/10 | partition=1 | offset=1204 | event_id=b4f5c422-f7f6-4f0c-877c-8b4398635aec
2026-07-17 17:02:49,913 | INFO | booking-consumer | Event collected | batch=2/10 | partition=1 | offset=1205 | event_id=7ada17f5-88d9-4339-a595-6e0f0d6fb1b6
2026-07-17 17:02:49,913 | INFO | booking-consumer | Event collected | batch=3/10 | partition=1 | offset=1206 | event_id=ae4aeaa3-3740-482b-b351-0067948e5733
2026-07-17 17:02:49,913 | INFO | booking-consumer | Event collected | batch=4/10 | partition=1 | offset=1207 | event_id=49dd081f-8c21-49f1-9b2d-e9dc247ce4bf
2026-07-17 17:02:49,913 | INFO | booking-consumer | Event collected | batch=5/10 | partition=1 | offset=1208 | event_id=1a2f9210-ac61-4bc7-a191-6b15825f0cbc
2026-07-17 17:02:49,914 | INFO | booking-consumer | Event collected | batch=6/10 | partition=1 | offset=1209 | event_id=ead931ef-5c8e-4c91-b29f-d967f73ee650
2026-07-17 17:02:49,915 | INFO | booking-consumer | Event collected | batch=7/10 | partition=1 | offset=1210 | event_id=ee0867ad-adae-4bec-ae31-a079b19929be
2026-07-17 17:02:49,915 | INFO | booking-consumer | Event collected | batch=8/10 | partition=1 | offset=1211 | event_id=4b2842c0-1025-4b13-af1a-7a8b48311e72
2026-07-17 17:02:49,915 | INFO | booking-consumer | Event collected | batch=9/10 | partition=1 | offset=1212 | event_id=2f4c0f16-7a25-42d2-b459-79b327edff51
2026-07-17 17:02:49,915 | INFO | booking-consumer | Event collected | batch=10/10 | partition=1 | offset=1213 | event_id=c1a4a520-6929-4883-a5ff-735ce1301f9e
2026-07-17 17:02:49,922 | INFO | booking-consumer | Batch written and offsets committed | records=10 | offsets={1: 1214}
2026-07-17 17:02:49,923 | INFO | booking-consumer | Event collected | batch=1/10 | partition=1 | offset=1214 | event_id=9804ad94-d415-4dd1-91e5-b92032b8e907
2026-07-17 17:02:49,924 | INFO | booking-consumer | Event collected | batch=2/10 | partition=1 | offset=1215 | event_id=d128c9fe-a90f-4fa6-b907-fd3600aabfb2
2026-07-17 17:02:49,924 | INFO | booking-consumer | Event collected | batch=3/10 | partition=1 | offset=1216 | event_id=fb4e8c66-853c-4d23-866f-55d0c5f0d918
2026-07-17 17:02:49,925 | INFO | booking-consumer | Event collected | batch=4/10 | partition=1 | offset=1217 | event_id=ac4f5fef-c95a-4cb4-bba2-be7796211c31
2026-07-17 17:02:49,926 | INFO | booking-consumer | Event collected | batch=5/10 | partition=1 | offset=1218 | event_id=4f2c3579-8b6a-4ff9-b9f1-d9a0e2f2fc4d
2026-07-17 17:02:49,926 | INFO | booking-consumer | Event collected | batch=6/10 | partition=1 | offset=1219 | event_id=4eabef19-5709-405b-ac1c-73174c1a275f
2026-07-17 17:02:49,926 | INFO | booking-consumer | Event collected | batch=7/10 | partition=1 | offset=1220 | event_id=166ce6f2-9e81-4d8c-9f0c-252902ceae39
2026-07-17 17:02:49,927 | INFO | booking-consumer | Event collected | batch=8/10 | partition=1 | offset=1221 | event_id=3dcec86e-5ec4-416c-80c1-9826f19b9de5
2026-07-17 17:02:49,927 | INFO | booking-consumer | Event collected | batch=9/10 | partition=1 | offset=1222 | event_id=4e537ea8-9403-4800-a3ed-315f7747699d
2026-07-17 17:02:49,927 | INFO | booking-consumer | Event collected | batch=10/10 | partition=1 | offset=1223 | event_id=15bde987-b00b-4ebf-854f-3d9a54347dbd
2026-07-17 17:02:49,935 | INFO | booking-consumer | Batch written and offsets committed | records=10 | offsets={1: 1224}
2026-07-17 17:02:49,935 | INFO | booking-consumer | Event collected | batch=1/10 | partition=1 | offset=1224 | event_id=cb5d0f6a-400d-4b27-aa29-8702170cfec7
2026-07-17 17:02:49,936 | INFO | booking-consumer | Event collected | batch=2/10 | partition=1 | offset=1225 | event_id=4a22549a-0603-4f9e-a2a4-bde54972c12d
2026-07-17 17:02:49,936 | INFO | booking-consumer | Event collected | batch=3/10 | partition=1 | offset=1226 | event_id=8cf39c2a-aeac-408c-bd31-92927e08db56
2026-07-17 17:02:49,936 | INFO | booking-consumer | Event collected | batch=4/10 | partition=1 | offset=1227 | event_id=b447547f-abdb-4fff-b6f7-433b2d61f941
2026-07-17 17:02:49,937 | INFO | booking-consumer | Event collected | batch=5/10 | partition=1 | offset=1228 | event_id=bee7e429-1634-4655-b81f-13c42e584538
2026-07-17 17:02:49,937 | INFO | booking-consumer | Event collected | batch=6/10 | partition=1 | offset=1229 | event_id=10c039ef-6b70-463e-9490-e657d9993d38
2026-07-17 17:02:49,938 | INFO | booking-consumer | Event collected | batch=7/10 | partition=1 | offset=1230 | event_id=690692e1-a4f5-4010-b8f7-2dc4c437c7fc
2026-07-17 17:02:49,938 | INFO | booking-consumer | Event collected | batch=8/10 | partition=1 | offset=1231 | event_id=902739c8-272b-4be8-a089-b85b7ba022e0
2026-07-17 17:02:49,939 | INFO | booking-consumer | Event collected | batch=9/10 | partition=1 | offset=1232 | event_id=7db59692-f04c-4c5e-92f6-73a065086246
2026-07-17 17:02:49,940 | INFO | booking-consumer | Event collected | batch=10/10 | partition=1 | offset=1233 | event_id=dffaeaa9-02be-43a3-9220-6b3fc93d802b
2026-07-17 17:02:49,947 | INFO | booking-consumer | Batch written and offsets committed | records=10 | offsets={1: 1234}
2026-07-17 17:02:49,947 | INFO | booking-consumer | Event collected | batch=1/10 | partition=1 | offset=1234 | event_id=dd3dfca3-0c2e-44b0-8955-ec10be10df26
2026-07-17 17:02:49,948 | INFO | booking-consumer | Event collected | batch=2/10 | partition=1 | offset=1235 | event_id=85303858-591b-48a2-b247-278aaaf915f1
2026-07-17 17:02:49,949 | INFO | booking-consumer | Event collected | batch=3/10 | partition=1 | offset=1236 | event_id=8992dae4-026b-4b55-a97d-b6ab687abf46
2026-07-17 17:02:49,949 | INFO | booking-consumer | Event collected | batch=4/10 | partition=1 | offset=1237 | event_id=81803175-e266-4fb1-89d7-69c13fa76f3f
2026-07-17 17:02:49,949 | INFO | booking-consumer | Event collected | batch=5/10 | partition=1 | offset=1238 | event_id=dc2c2bbe-8edb-453c-a7ce-1f24969aafbd
2026-07-17 17:02:49,949 | INFO | booking-consumer | Event collected | batch=6/10 | partition=1 | offset=1239 | event_id=30684472-709d-4b40-ba52-88aa8ab931e6
2026-07-17 17:02:49,950 | INFO | booking-consumer | Event collected | batch=7/10 | partition=1 | offset=1240 | event_id=dfe8c534-801b-46ee-a9ca-957ec83713ff
2026-07-17 17:02:49,951 | INFO | booking-consumer | Event collected | batch=8/10 | partition=1 | offset=1241 | event_id=b7ddbfd9-2cfc-494a-9712-460cda137644
2026-07-17 17:02:49,951 | INFO | booking-consumer | Event collected | batch=9/10 | partition=1 | offset=1242 | event_id=2459e3ba-a297-4b0c-babc-24377a5fbdeb
2026-07-17 17:02:49,951 | INFO | booking-consumer | Event collected | batch=10/10 | partition=1 | offset=1243 | event_id=43c03d18-5a5e-4d58-bed6-c78e7012130f
2026-07-17 17:02:49,958 | INFO | booking-consumer | Batch written and offsets committed | records=10 | offsets={1: 1244}
2026-07-17 17:02:49,959 | INFO | booking-consumer | Event collected | batch=1/10 | partition=1 | offset=1244 | event_id=04bcd219-47cb-495e-9282-cf866ad49b02
2026-07-17 17:02:49,959 | INFO | booking-consumer | Event collected | batch=2/10 | partition=1 | offset=1245 | event_id=8b70ba5a-f69c-450b-9cad-8cbaaaa10ec5
2026-07-17 17:02:49,960 | INFO | booking-consumer | Event collected | batch=3/10 | partition=1 | offset=1246 | event_id=ffaab3ff-d29c-4e19-a94a-5c75ec8e5597
2026-07-17 17:02:49,960 | INFO | booking-consumer | Event collected | batch=4/10 | partition=1 | offset=1247 | event_id=96429744-d7f6-40b2-96b3-77d578de4628
2026-07-17 17:02:49,961 | INFO | booking-consumer | Event collected | batch=5/10 | partition=1 | offset=1248 | event_id=f57c7900-1ac3-4d45-9fa6-bd8bbbcdd128
2026-07-17 17:02:49,961 | INFO | booking-consumer | Event collected | batch=6/10 | partition=1 | offset=1249 | event_id=900e9523-94d3-47f3-b2e9-6b6fe07a8181
2026-07-17 17:02:49,961 | INFO | booking-consumer | Event collected | batch=7/10 | partition=1 | offset=1250 | event_id=89d6105b-2f17-4500-825b-ada1a06370f4
2026-07-17 17:02:49,962 | INFO | booking-consumer | Event collected | batch=8/10 | partition=1 | offset=1251 | event_id=cb50aed2-d8e2-4bc1-bf8b-645fd121f9d3
2026-07-17 17:02:49,962 | INFO | booking-consumer | Event collected | batch=9/10 | partition=1 | offset=1252 | event_id=3480cf82-9af7-49cb-82fc-669c8600a236
2026-07-17 17:02:49,962 | INFO | booking-consumer | Event collected | batch=10/10 | partition=1 | offset=1253 | event_id=985313d8-da1d-45a5-a454-3eb1950f75ce
2026-07-17 17:02:49,969 | INFO | booking-consumer | Batch written and offsets committed | records=10 | offsets={1: 1254}
2026-07-17 17:02:49,970 | INFO | booking-consumer | Event collected | batch=1/10 | partition=1 | offset=1254 | event_id=bcc71ba2-2aeb-4f70-9cdf-9498be423f2c
2026-07-17 17:02:49,970 | INFO | booking-consumer | Event collected | batch=2/10 | partition=1 | offset=1255 | event_id=42b50de4-a683-44f9-8295-5fb42fe67d2f
2026-07-17 17:02:49,970 | INFO | booking-consumer | Event collected | batch=3/10 | partition=1 | offset=1256 | event_id=68dbf987-397e-4c4e-8a5f-433b6845668a
2026-07-17 17:02:49,971 | INFO | booking-consumer | Event collected | batch=4/10 | partition=1 | offset=1257 | event_id=d3c071a8-8d08-44e7-87f4-dcc9c97814b5
2026-07-17 17:02:49,972 | INFO | booking-consumer | Event collected | batch=5/10 | partition=1 | offset=1258 | event_id=45eb1017-8529-495f-b9d1-1787e7a57e0a
2026-07-17 17:02:49,972 | INFO | booking-consumer | Event collected | batch=6/10 | partition=1 | offset=1259 | event_id=e3b01bb4-7c74-49c7-972f-506ecccd8aed
2026-07-17 17:02:49,973 | INFO | booking-consumer | Event collected | batch=7/10 | partition=1 | offset=1260 | event_id=da26e8e6-e63e-4e6b-b9fa-94fc2875d9c3
2026-07-17 17:02:49,974 | INFO | booking-consumer | Event collected | batch=8/10 | partition=1 | offset=1261 | event_id=46ab718f-5983-4960-9dc5-9427f207488e
2026-07-17 17:02:49,974 | INFO | booking-consumer | Event collected | batch=9/10 | partition=1 | offset=1262 | event_id=81729b13-d31c-448d-a90b-e63b14fbba77
2026-07-17 17:02:49,975 | INFO | booking-consumer | Event collected | batch=10/10 | partition=1 | offset=1263 | event_id=ff8d17dc-8c22-4802-b528-56ece795e3b2
2026-07-17 17:02:49,983 | INFO | booking-consumer | Batch written and offsets committed | records=10 | offsets={1: 1264}
2026-07-17 17:02:49,983 | INFO | booking-consumer | Event collected | batch=1/10 | partition=1 | offset=1264 | event_id=70075bbd-05ae-470b-9809-ce3da4eceba4
2026-07-17 17:02:49,984 | INFO | booking-consumer | Event collected | batch=2/10 | partition=1 | offset=1265 | event_id=9f7318ec-5f21-4f20-9f35-51e1b4a1e500
2026-07-17 17:02:49,985 | INFO | booking-consumer | Event collected | batch=3/10 | partition=1 | offset=1266 | event_id=4860ae80-d81c-4743-9935-c5dbce590cf8
2026-07-17 17:02:49,985 | INFO | booking-consumer | Event collected | batch=4/10 | partition=1 | offset=1267 | event_id=62cb25f4-c4f6-44e6-95ab-f570acaf7ae4
2026-07-17 17:02:49,985 | INFO | booking-consumer | Event collected | batch=5/10 | partition=1 | offset=1268 | event_id=6c22eef4-8be0-4af5-bbc6-16b78ea5ac91
2026-07-17 17:02:49,986 | INFO | booking-consumer | Event collected | batch=6/10 | partition=1 | offset=1269 | event_id=cfb0c80f-bf9a-4374-86c3-6d023a7e03fe
2026-07-17 17:02:49,987 | INFO | booking-consumer | Event collected | batch=7/10 | partition=1 | offset=1270 | event_id=d09242b6-c5d8-40f1-8de2-7a2d9bad1bd3
2026-07-17 17:02:49,987 | INFO | booking-consumer | Event collected | batch=8/10 | partition=1 | offset=1271 | event_id=b2843391-d1bf-43e6-8d03-2a2c35eb0150
2026-07-17 17:02:49,987 | INFO | booking-consumer | Event collected | batch=9/10 | partition=1 | offset=1272 | event_id=95b1148b-ce32-4475-b3e7-a03eea400f8e
2026-07-17 17:02:49,988 | INFO | booking-consumer | Event collected | batch=10/10 | partition=1 | offset=1273 | event_id=40f2d407-2ab5-43c0-a376-37c11aaf7e4e
2026-07-17 17:02:49,996 | INFO | booking-consumer | Batch written and offsets committed | records=10 | offsets={1: 1274}
2026-07-17 17:02:49,997 | INFO | booking-consumer | Event collected | batch=1/10 | partition=1 | offset=1274 | event_id=28a73fe3-7a55-4f44-8805-67da4cfa1db4
2026-07-17 17:02:49,997 | INFO | booking-consumer | Event collected | batch=2/10 | partition=1 | offset=1275 | event_id=8131d5b9-e5d2-4fb8-806a-daf9b469ff7e
2026-07-17 17:02:49,998 | INFO | booking-consumer | Event collected | batch=3/10 | partition=1 | offset=1276 | event_id=2803bce3-60da-496f-849e-4720c58b714c
2026-07-17 17:02:49,998 | INFO | booking-consumer | Event collected | batch=4/10 | partition=1 | offset=1277 | event_id=14f0686c-cac1-414b-8ce0-3677c62a339e
2026-07-17 17:02:49,998 | INFO | booking-consumer | Event collected | batch=5/10 | partition=1 | offset=1278 | event_id=ff165d01-679a-42e9-b6e3-1b97b93079ce
2026-07-17 17:02:49,999 | INFO | booking-consumer | Event collected | batch=6/10 | partition=1 | offset=1279 | event_id=99d16b4b-2b0b-4375-9a04-ffb5081e738c
2026-07-17 17:02:49,999 | INFO | booking-consumer | Event collected | batch=7/10 | partition=1 | offset=1280 | event_id=b25e55a1-3ddc-4204-8a83-77769bfe7db5
2026-07-17 17:02:50,000 | INFO | booking-consumer | Event collected | batch=8/10 | partition=1 | offset=1281 | event_id=b4da1d79-1045-4346-ab48-ddcb455ac917
2026-07-17 17:02:50,000 | INFO | booking-consumer | Event collected | batch=9/10 | partition=1 | offset=1282 | event_id=46eb7669-5d1a-474f-b181-74266c8b1770
2026-07-17 17:02:50,001 | INFO | booking-consumer | Event collected | batch=10/10 | partition=1 | offset=1283 | event_id=4733a0a5-b5ae-4288-b4fe-2496f0734acd
2026-07-17 17:02:50,008 | INFO | booking-consumer | Batch written and offsets committed | records=10 | offsets={1: 1284}
2026-07-17 17:02:50,009 | INFO | booking-consumer | Event collected | batch=1/10 | partition=1 | offset=1284 | event_id=d785620d-a340-4f70-a6f2-7122fe7acc05
2026-07-17 17:02:50,010 | INFO | booking-consumer | Event collected | batch=2/10 | partition=1 | offset=1285 | event_id=179d2318-aacd-4131-ae19-c25c9370ac9b
2026-07-17 17:02:50,010 | INFO | booking-consumer | Event collected | batch=3/10 | partition=1 | offset=1286 | event_id=7b02cdea-0f7d-4f70-ae80-d77b9458ea20
2026-07-17 17:02:50,011 | INFO | booking-consumer | Event collected | batch=4/10 | partition=1 | offset=1287 | event_id=13d609ed-d199-43cc-9081-3e82e6e4b674
2026-07-17 17:02:50,012 | INFO | booking-consumer | Event collected | batch=5/10 | partition=1 | offset=1288 | event_id=25a6c074-28c6-4019-a038-b4660434530b
2026-07-17 17:02:50,012 | INFO | booking-consumer | Event collected | batch=6/10 | partition=1 | offset=1289 | event_id=01895597-5b39-4cff-8ab4-91d20bc7af70
2026-07-17 17:02:50,013 | INFO | booking-consumer | Event collected | batch=7/10 | partition=1 | offset=1290 | event_id=206586f2-7b30-4b19-8749-765ccfda22da
2026-07-17 17:02:50,013 | INFO | booking-consumer | Event collected | batch=8/10 | partition=1 | offset=1291 | event_id=eaee792d-64fa-4052-8233-07f99dd925d3
2026-07-17 17:02:50,013 | INFO | booking-consumer | Event collected | batch=9/10 | partition=1 | offset=1292 | event_id=b43f0892-5813-4540-b132-4874ea5adec6
2026-07-17 17:02:50,013 | INFO | booking-consumer | Event collected | batch=10/10 | partition=1 | offset=1293 | event_id=2d58b7e6-73c4-4087-8bdf-478201b58b46
2026-07-17 17:02:50,020 | INFO | booking-consumer | Batch written and offsets committed | records=10 | offsets={1: 1294}
2026-07-17 17:02:50,021 | INFO | booking-consumer | Event collected | batch=1/10 | partition=1 | offset=1294 | event_id=56708021-872c-45b1-846f-15f0942bf397
2026-07-17 17:02:50,022 | INFO | booking-consumer | Event collected | batch=2/10 | partition=1 | offset=1295 | event_id=b6c2170d-c7a2-408a-aa37-b80ead1d13b4
2026-07-17 17:02:50,022 | INFO | booking-consumer | Event collected | batch=3/10 | partition=1 | offset=1296 | event_id=51405afa-492b-4d81-b507-ccad3b9d6973
2026-07-17 17:02:50,023 | INFO | booking-consumer | Event collected | batch=4/10 | partition=1 | offset=1297 | event_id=5143dd2a-c143-4346-8b55-06d84b8792b7
2026-07-17 17:02:50,023 | INFO | booking-consumer | Event collected | batch=5/10 | partition=1 | offset=1298 | event_id=36a8d64f-5446-4f39-a44e-eded25966a5e
2026-07-17 17:02:50,024 | INFO | booking-consumer | Event collected | batch=6/10 | partition=1 | offset=1299 | event_id=5c5288bb-7f04-4c0c-98fb-457aacb4d19e
2026-07-17 17:02:50,025 | INFO | booking-consumer | Event collected | batch=7/10 | partition=1 | offset=1300 | event_id=e41ecd05-dcb3-405a-820a-76b5e210c5bd
2026-07-17 17:02:50,026 | INFO | booking-consumer | Event collected | batch=8/10 | partition=1 | offset=1301 | event_id=d1cae681-48b5-485b-8d64-ba028949f91c
2026-07-17 17:02:50,027 | INFO | booking-consumer | Event collected | batch=9/10 | partition=1 | offset=1302 | event_id=8268e81a-e726-42dc-b4be-a731f4ef6171
2026-07-17 17:02:50,028 | INFO | booking-consumer | Event collected | batch=10/10 | partition=1 | offset=1303 | event_id=3300094f-ffee-41b7-b3ae-e933eac08a6f
2026-07-17 17:02:50,035 | INFO | booking-consumer | Batch written and offsets committed | records=10 | offsets={1: 1304}
2026-07-17 17:02:50,036 | INFO | booking-consumer | Event collected | batch=1/10 | partition=1 | offset=1304 | event_id=72d251e5-de78-455e-9eaf-96548d7d40f9
2026-07-17 17:02:50,036 | INFO | booking-consumer | Event collected | batch=2/10 | partition=1 | offset=1305 | event_id=c3e62535-9294-40cf-b718-75d4c69c2c6f
2026-07-17 17:02:50,037 | INFO | booking-consumer | Event collected | batch=3/10 | partition=1 | offset=1306 | event_id=456878e2-22f7-4dbf-bfe5-88fb6b698860
2026-07-17 17:02:50,037 | INFO | booking-consumer | Event collected | batch=4/10 | partition=1 | offset=1307 | event_id=2f0ee55e-120c-4220-9546-e7c1baadcde2
2026-07-17 17:02:50,037 | INFO | booking-consumer | Event collected | batch=5/10 | partition=1 | offset=1308 | event_id=8764cda3-edb4-4bf9-a8ed-b13512d66ae9
2026-07-17 17:02:50,039 | INFO | booking-consumer | Event collected | batch=6/10 | partition=1 | offset=1309 | event_id=c0387093-3554-40a5-9168-2453e3003d00
2026-07-17 17:02:50,039 | INFO | booking-consumer | Event collected | batch=7/10 | partition=1 | offset=1310 | event_id=05a5a22a-a4d5-4c05-bbed-c0da3ccaeae9
2026-07-17 17:02:50,040 | INFO | booking-consumer | Event collected | batch=8/10 | partition=1 | offset=1311 | event_id=844e4b2b-13fe-48cd-9a29-c4f7ecb368e3
2026-07-17 17:02:50,040 | INFO | booking-consumer | Event collected | batch=9/10 | partition=1 | offset=1312 | event_id=1d5f68ae-179b-41fe-81b9-c162b100e60a
2026-07-17 17:02:50,040 | INFO | booking-consumer | Event collected | batch=10/10 | partition=1 | offset=1313 | event_id=1cdedd6a-b3d0-432a-bd8a-c97b620261ee
2026-07-17 17:02:50,049 | INFO | booking-consumer | Batch written and offsets committed | records=10 | offsets={1: 1314}
2026-07-17 17:02:50,050 | INFO | booking-consumer | Event collected | batch=1/10 | partition=1 | offset=1314 | event_id=f2c5f7a1-3648-4a3f-8fc3-2befaa2f5da9
2026-07-17 17:02:50,050 | INFO | booking-consumer | Event collected | batch=2/10 | partition=1 | offset=1315 | event_id=2af430a7-a0a8-4a6b-887c-45c6fce7e887
2026-07-17 17:02:50,051 | INFO | booking-consumer | Event collected | batch=3/10 | partition=1 | offset=1316 | event_id=a6aa57de-7b73-4388-be47-630cc136d051
2026-07-17 17:02:50,051 | INFO | booking-consumer | Event collected | batch=4/10 | partition=1 | offset=1317 | event_id=4c54663f-acfe-4988-af05-27288bce7377
2026-07-17 17:02:50,052 | INFO | booking-consumer | Event collected | batch=5/10 | partition=1 | offset=1318 | event_id=dd5f8085-60d2-4902-a928-90a243ce7ecf
2026-07-17 17:02:50,052 | INFO | booking-consumer | Event collected | batch=6/10 | partition=1 | offset=1319 | event_id=5e93694c-b33c-4cc3-b0f2-00d7f63e6beb
2026-07-17 17:02:50,052 | INFO | booking-consumer | Event collected | batch=7/10 | partition=1 | offset=1320 | event_id=6ce06799-3720-4209-bb54-f9c62628842b
2026-07-17 17:02:50,053 | INFO | booking-consumer | Event collected | batch=8/10 | partition=1 | offset=1321 | event_id=847850e7-7b68-403c-bd59-849652b60b07
2026-07-17 17:02:50,053 | INFO | booking-consumer | Event collected | batch=9/10 | partition=1 | offset=1322 | event_id=34045352-6ffc-4905-9405-37c26781a1ab
2026-07-17 17:02:50,054 | INFO | booking-consumer | Event collected | batch=10/10 | partition=1 | offset=1323 | event_id=fc6820fb-adc1-494d-b5cb-e404971499c2
2026-07-17 17:02:50,063 | INFO | booking-consumer | Batch written and offsets committed | records=10 | offsets={1: 1324}
2026-07-17 17:02:50,063 | INFO | booking-consumer | Event collected | batch=1/10 | partition=1 | offset=1324 | event_id=8a28bd46-6f8f-45d6-bb54-74cb737a89f9
2026-07-17 17:02:50,063 | INFO | booking-consumer | Event collected | batch=2/10 | partition=1 | offset=1325 | event_id=a2ba4f2f-5cf3-4ca4-aef7-a5cd093baa04
2026-07-17 17:02:50,064 | INFO | booking-consumer | Event collected | batch=3/10 | partition=1 | offset=1326 | event_id=8c4d7793-0f54-4e04-b496-f5cb9543bc52
2026-07-17 17:02:50,065 | INFO | booking-consumer | Event collected | batch=4/10 | partition=1 | offset=1327 | event_id=71636f50-cfe5-485d-a709-0961363a3c1d
2026-07-17 17:02:50,065 | INFO | booking-consumer | Event collected | batch=5/10 | partition=1 | offset=1328 | event_id=ad139d2f-a8bc-4816-a02b-06b555a9a307
2026-07-17 17:02:50,066 | INFO | booking-consumer | Event collected | batch=6/10 | partition=1 | offset=1329 | event_id=9c1f6d37-1c38-40b0-b616-2ec88f00b5e0
2026-07-17 17:02:50,066 | INFO | booking-consumer | Event collected | batch=7/10 | partition=1 | offset=1330 | event_id=3f3ca7c8-bd3d-4960-8443-c2d3294e67a2
2026-07-17 17:02:50,066 | INFO | booking-consumer | Event collected | batch=8/10 | partition=1 | offset=1331 | event_id=594d3632-0447-4251-8bcd-a0b5c8553e04
2026-07-17 17:02:50,067 | INFO | booking-consumer | Event collected | batch=9/10 | partition=1 | offset=1332 | event_id=4559894a-4b75-46d0-afb5-900243a65771
2026-07-17 17:02:50,068 | INFO | booking-consumer | Event collected | batch=10/10 | partition=1 | offset=1333 | event_id=b26bf012-c87e-427d-8830-737835f7f55a
2026-07-17 17:02:50,076 | INFO | booking-consumer | Batch written and offsets committed | records=10 | offsets={1: 1334}
2026-07-17 17:02:50,076 | INFO | booking-consumer | Event collected | batch=1/10 | partition=1 | offset=1334 | event_id=c52a1e77-9841-4f21-96ca-40a4017885b7
2026-07-17 17:02:50,077 | INFO | booking-consumer | Event collected | batch=2/10 | partition=1 | offset=1335 | event_id=e63a5a9b-1b2e-4258-b61f-4e4ec7ff2e2d
2026-07-17 17:02:50,077 | INFO | booking-consumer | Event collected | batch=3/10 | partition=1 | offset=1336 | event_id=1f77a901-2f88-4839-b926-0120b96ca6c0
2026-07-17 17:02:50,078 | INFO | booking-consumer | Event collected | batch=4/10 | partition=1 | offset=1337 | event_id=627e6178-c372-4ec8-8b7b-edabdebeb1f1
2026-07-17 17:02:50,079 | INFO | booking-consumer | Event collected | batch=5/10 | partition=1 | offset=1338 | event_id=6d8ae2e8-b052-41f1-895c-1fdabb6b10cf
2026-07-17 17:02:50,079 | INFO | booking-consumer | Event collected | batch=6/10 | partition=1 | offset=1339 | event_id=5e9b05b6-5520-428e-b96c-ed1164322670
2026-07-17 17:02:50,079 | INFO | booking-consumer | Event collected | batch=7/10 | partition=1 | offset=1340 | event_id=86e0173e-d85d-4d06-b9d5-158f2e3db2e2
2026-07-17 17:02:50,080 | INFO | booking-consumer | Event collected | batch=8/10 | partition=1 | offset=1341 | event_id=b2764ab2-5596-4f12-ad5d-41f89a638206
2026-07-17 17:02:50,081 | INFO | booking-consumer | Event collected | batch=9/10 | partition=1 | offset=1342 | event_id=aeda64e8-b8be-43c4-84dd-b00d47b70817
2026-07-17 17:02:50,081 | INFO | booking-consumer | Event collected | batch=10/10 | partition=1 | offset=1343 | event_id=bd4370d6-2f92-402c-b6c5-d181734c6ea2
2026-07-17 17:02:50,088 | INFO | booking-consumer | Batch written and offsets committed | records=10 | offsets={1: 1344}
2026-07-17 17:02:50,089 | INFO | booking-consumer | Event collected | batch=1/10 | partition=1 | offset=1344 | event_id=05a8af20-4230-49c9-b253-7a6d22f27307
2026-07-17 17:02:50,089 | INFO | booking-consumer | Event collected | batch=2/10 | partition=1 | offset=1345 | event_id=d0782622-ce63-45af-bc4d-4424ccd02c4a
2026-07-17 17:02:50,090 | INFO | booking-consumer | Event collected | batch=3/10 | partition=1 | offset=1346 | event_id=55a0b1ef-b3cd-4bf9-865e-714f3ac75091
2026-07-17 17:02:50,090 | INFO | booking-consumer | Event collected | batch=4/10 | partition=1 | offset=1347 | event_id=e8dea62a-ff10-4da8-bb0c-67e07f4ea36b
2026-07-17 17:02:50,092 | INFO | booking-consumer | Event collected | batch=5/10 | partition=1 | offset=1348 | event_id=c68a06c9-3d10-4fd7-a671-3d4831fe25ec
2026-07-17 17:02:50,092 | INFO | booking-consumer | Event collected | batch=6/10 | partition=1 | offset=1349 | event_id=acef2e8a-7420-4b07-b735-ea84c8d06b02
2026-07-17 17:02:50,093 | INFO | booking-consumer | Event collected | batch=7/10 | partition=1 | offset=1350 | event_id=953effe8-b62f-4e0e-9baf-bb0d3ea31985
2026-07-17 17:02:50,094 | INFO | booking-consumer | Event collected | batch=8/10 | partition=1 | offset=1351 | event_id=438fc3de-499f-402b-97ef-c0ba322efdf6
2026-07-17 17:02:50,095 | INFO | booking-consumer | Event collected | batch=9/10 | partition=1 | offset=1352 | event_id=ac928cb2-d13f-411d-bf18-4ca030c5a4b5
2026-07-17 17:02:50,095 | INFO | booking-consumer | Event collected | batch=10/10 | partition=1 | offset=1353 | event_id=308d3211-29bc-4487-81cc-77af1cc9bd16
2026-07-17 17:02:50,103 | INFO | booking-consumer | Batch written and offsets committed | records=10 | offsets={1: 1354}
2026-07-17 17:02:50,104 | INFO | booking-consumer | Event collected | batch=1/10 | partition=1 | offset=1354 | event_id=69cf3329-ba9d-412e-8989-4879cf33bb67
2026-07-17 17:02:50,107 | INFO | booking-consumer | Event collected | batch=2/10 | partition=1 | offset=1355 | event_id=07c17a4a-e57c-454a-a841-5308e59ffbc8
2026-07-17 17:02:50,107 | INFO | booking-consumer | Event collected | batch=3/10 | partition=1 | offset=1356 | event_id=1b99330c-ae82-449a-8580-90523c6cbb1f
2026-07-17 17:02:50,109 | INFO | booking-consumer | Event collected | batch=4/10 | partition=1 | offset=1357 | event_id=31b46d7f-4b28-46bf-a710-724ef40bfc85
2026-07-17 17:02:50,110 | INFO | booking-consumer | Event collected | batch=5/10 | partition=1 | offset=1358 | event_id=3ddc2f4b-dd0b-485c-bbe7-63a9d7ed407c
2026-07-17 17:02:50,110 | INFO | booking-consumer | Event collected | batch=6/10 | partition=1 | offset=1359 | event_id=8e4b06ae-8c0f-4312-bea1-e44a9837cbb6
2026-07-17 17:02:50,112 | INFO | booking-consumer | Event collected | batch=7/10 | partition=1 | offset=1360 | event_id=12681a50-5d7b-4a78-bb63-c1ef378a8126
2026-07-17 17:02:50,112 | INFO | booking-consumer | Event collected | batch=8/10 | partition=1 | offset=1361 | event_id=bd5d8bef-c499-4bfb-b11a-f0f56cbc0d41
2026-07-17 17:02:50,112 | INFO | booking-consumer | Event collected | batch=9/10 | partition=1 | offset=1362 | event_id=53afe1aa-8d0c-4113-8a94-4f720943f346
2026-07-17 17:02:50,113 | INFO | booking-consumer | Event collected | batch=10/10 | partition=1 | offset=1363 | event_id=91315a9f-18ec-411b-9085-bc5261f6ff63
2026-07-17 17:02:50,120 | INFO | booking-consumer | Batch written and offsets committed | records=10 | offsets={1: 1364}
2026-07-17 17:02:50,120 | INFO | booking-consumer | Event collected | batch=1/10 | partition=1 | offset=1364 | event_id=21c04ed8-8257-46cc-ad2c-f064738288aa
2026-07-17 17:02:50,121 | INFO | booking-consumer | Event collected | batch=2/10 | partition=1 | offset=1365 | event_id=11085ec8-9c4d-4a4a-8287-bb591addf7b0
2026-07-17 17:02:50,122 | INFO | booking-consumer | Event collected | batch=3/10 | partition=1 | offset=1366 | event_id=38506761-02b8-4b9e-a784-bb428d41dced
2026-07-17 17:02:50,123 | INFO | booking-consumer | Event collected | batch=4/10 | partition=1 | offset=1367 | event_id=52eb09f0-3484-4b5e-865f-2ba70e8e109c
2026-07-17 17:02:50,123 | INFO | booking-consumer | Event collected | batch=5/10 | partition=1 | offset=1368 | event_id=575ffbc5-2368-4c5f-a35d-f6f538073ae7
2026-07-17 17:02:50,124 | INFO | booking-consumer | Event collected | batch=6/10 | partition=1 | offset=1369 | event_id=ba17a905-e4bc-4fa1-beed-79b3ddfb3034
2026-07-17 17:02:50,126 | INFO | booking-consumer | Event collected | batch=7/10 | partition=1 | offset=1370 | event_id=6363d79b-12e2-4f07-a2de-d79919c5f990
2026-07-17 17:02:50,127 | INFO | booking-consumer | Event collected | batch=8/10 | partition=1 | offset=1371 | event_id=8c383e7a-e932-46cd-83c5-b8b59970ef94
2026-07-17 17:02:50,127 | INFO | booking-consumer | Event collected | batch=9/10 | partition=1 | offset=1372 | event_id=08770a99-2e20-42cb-87c2-90235229cda1
2026-07-17 17:02:50,128 | INFO | booking-consumer | Event collected | batch=10/10 | partition=1 | offset=1373 | event_id=11ade1ed-03db-4c5d-87d6-577ff7613235
2026-07-17 17:02:50,135 | INFO | booking-consumer | Batch written and offsets committed | records=10 | offsets={1: 1374}
2026-07-17 17:02:50,136 | INFO | booking-consumer | Event collected | batch=1/10 | partition=1 | offset=1374 | event_id=433d6184-ca8b-43ee-b1ae-3fc7638d5eae
2026-07-17 17:02:50,136 | INFO | booking-consumer | Event collected | batch=2/10 | partition=1 | offset=1375 | event_id=23f087a2-eb89-4db5-9122-e01874a2bea2
2026-07-17 17:02:50,137 | INFO | booking-consumer | Event collected | batch=3/10 | partition=1 | offset=1376 | event_id=cd031c16-f2d3-4fe2-981f-c4d73ef74b12
2026-07-17 17:02:50,138 | INFO | booking-consumer | Event collected | batch=4/10 | partition=1 | offset=1377 | event_id=a2898e6b-9c8b-497d-a510-fba690cba2a2
2026-07-17 17:02:50,138 | INFO | booking-consumer | Event collected | batch=5/10 | partition=1 | offset=1378 | event_id=c40d6039-9e7d-4b60-accf-4eb459d2f3df
2026-07-17 17:02:50,139 | INFO | booking-consumer | Event collected | batch=6/10 | partition=1 | offset=1379 | event_id=39722744-a3e1-4d53-96c8-a09ee35772d3
2026-07-17 17:02:50,139 | INFO | booking-consumer | Event collected | batch=7/10 | partition=1 | offset=1380 | event_id=ef6dce7a-bb5b-4da7-8cbc-0be634088e18
2026-07-17 17:02:50,140 | INFO | booking-consumer | Event collected | batch=8/10 | partition=1 | offset=1381 | event_id=a0184edc-857a-46a7-be97-d8c43a927932
2026-07-17 17:02:50,141 | INFO | booking-consumer | Event collected | batch=9/10 | partition=1 | offset=1382 | event_id=a26bd412-240d-4314-8c84-83be808dd9ba
2026-07-17 17:02:50,141 | INFO | booking-consumer | Event collected | batch=10/10 | partition=1 | offset=1383 | event_id=6adbee72-5af1-433b-8d01-3f7c537a09f7
2026-07-17 17:02:50,149 | INFO | booking-consumer | Batch written and offsets committed | records=10 | offsets={1: 1384}
2026-07-17 17:02:50,150 | INFO | booking-consumer | Event collected | batch=1/10 | partition=1 | offset=1384 | event_id=d135b7da-a47e-4a83-a220-d6e1a6e12a59
2026-07-17 17:02:50,150 | INFO | booking-consumer | Event collected | batch=2/10 | partition=1 | offset=1385 | event_id=5edeb497-d9b3-4f0c-a967-0d8a7e8a3e55
2026-07-17 17:02:50,151 | INFO | booking-consumer | Event collected | batch=3/10 | partition=1 | offset=1386 | event_id=f0a62485-7986-483f-b486-c81858bb5225
2026-07-17 17:02:50,151 | INFO | booking-consumer | Event collected | batch=4/10 | partition=1 | offset=1387 | event_id=318a6df3-a530-47e8-a9a4-fa6046994a85
2026-07-17 17:02:50,151 | INFO | booking-consumer | Event collected | batch=5/10 | partition=1 | offset=1388 | event_id=21e5d455-b2b9-444a-8b49-a8543e2d8a69
2026-07-17 17:02:50,152 | INFO | booking-consumer | Event collected | batch=6/10 | partition=1 | offset=1389 | event_id=6c29d8f2-e9ce-46bf-a20c-085ecca2493f
2026-07-17 17:02:50,153 | INFO | booking-consumer | Event collected | batch=7/10 | partition=1 | offset=1390 | event_id=7d6e1c8a-dd66-4d63-b544-6e9827134c8a
2026-07-17 17:02:50,153 | INFO | booking-consumer | Event collected | batch=8/10 | partition=1 | offset=1391 | event_id=e24eac7a-f9a8-4572-8fd7-9d58212610f1
2026-07-17 17:02:50,153 | INFO | booking-consumer | Event collected | batch=9/10 | partition=1 | offset=1392 | event_id=2d53ad1c-c20f-4204-bc21-3afc74927906
2026-07-17 17:02:50,153 | INFO | booking-consumer | Event collected | batch=10/10 | partition=1 | offset=1393 | event_id=8c2fda95-dc13-41f8-a256-200688a533a8
2026-07-17 17:02:50,162 | INFO | booking-consumer | Batch written and offsets committed | records=10 | offsets={1: 1394}
2026-07-17 17:02:50,163 | INFO | booking-consumer | Event collected | batch=1/10 | partition=1 | offset=1394 | event_id=60b40dd0-54ad-46a2-9e23-956caba81534
2026-07-17 17:02:50,163 | INFO | booking-consumer | Event collected | batch=2/10 | partition=1 | offset=1395 | event_id=e54505cf-881b-40a7-9ace-6878225c2bd5
2026-07-17 17:02:50,164 | INFO | booking-consumer | Event collected | batch=3/10 | partition=1 | offset=1396 | event_id=fb7a3f04-e0d1-410c-a4f6-87332d381763
2026-07-17 17:02:50,164 | INFO | booking-consumer | Event collected | batch=4/10 | partition=1 | offset=1397 | event_id=dedd5352-3d2f-4cae-9214-6a6a3023b932
2026-07-17 17:02:50,164 | INFO | booking-consumer | Event collected | batch=5/10 | partition=1 | offset=1398 | event_id=9a35936d-252b-4118-b0cb-835318f8754f
2026-07-17 17:02:50,165 | INFO | booking-consumer | Event collected | batch=6/10 | partition=1 | offset=1399 | event_id=2aa8e1c4-7e04-445a-b411-576249fb125c
2026-07-17 17:02:50,166 | INFO | booking-consumer | Event collected | batch=7/10 | partition=1 | offset=1400 | event_id=33ec4f3f-3d6c-46f3-8987-36bd16f5c4c1
2026-07-17 17:02:50,166 | INFO | booking-consumer | Event collected | batch=8/10 | partition=1 | offset=1401 | event_id=20cb4e10-73da-42f7-bab0-9b61426ef66d
2026-07-17 17:02:50,166 | INFO | booking-consumer | Event collected | batch=9/10 | partition=1 | offset=1402 | event_id=8e81d661-efc2-41c4-bbb3-b55f8090a081
2026-07-17 17:02:50,167 | INFO | booking-consumer | Event collected | batch=10/10 | partition=1 | offset=1403 | event_id=08c43052-f527-4957-a3e3-f87d9f60a040
2026-07-17 17:02:50,174 | INFO | booking-consumer | Batch written and offsets committed | records=10 | offsets={1: 1404}
2026-07-17 17:02:50,175 | INFO | booking-consumer | Event collected | batch=1/10 | partition=1 | offset=1404 | event_id=582fd8e3-ca43-4c61-96a7-c792d633ec47
2026-07-17 17:02:50,176 | INFO | booking-consumer | Event collected | batch=2/10 | partition=1 | offset=1405 | event_id=8efefd00-aad1-478f-89a0-e5057f9aed98
2026-07-17 17:02:50,176 | INFO | booking-consumer | Event collected | batch=3/10 | partition=1 | offset=1406 | event_id=01e4e331-8092-4be2-8be6-25e5abae76c6
2026-07-17 17:02:50,177 | INFO | booking-consumer | Event collected | batch=4/10 | partition=1 | offset=1407 | event_id=c9a6ccdd-29a4-4570-b4b7-61557cc38619
2026-07-17 17:02:50,177 | INFO | booking-consumer | Event collected | batch=5/10 | partition=1 | offset=1408 | event_id=7151174b-92d3-43e3-9e14-371712c9f54a
2026-07-17 17:02:50,178 | INFO | booking-consumer | Event collected | batch=6/10 | partition=1 | offset=1409 | event_id=9aaf2f0e-f7ae-4d6c-a465-b8b29b9b34c6
2026-07-17 17:02:50,178 | INFO | booking-consumer | Event collected | batch=7/10 | partition=1 | offset=1410 | event_id=fe9861e4-d977-4a60-b9f2-d71e0bdad1cd
2026-07-17 17:02:50,178 | INFO | booking-consumer | Event collected | batch=8/10 | partition=1 | offset=1411 | event_id=46f41edb-37cb-4e8c-9a9e-fcd3117f7c1b
2026-07-17 17:02:50,179 | INFO | booking-consumer | Event collected | batch=9/10 | partition=1 | offset=1412 | event_id=b5dac318-26d3-42a5-8e31-3da20b225854
2026-07-17 17:02:50,179 | INFO | booking-consumer | Event collected | batch=10/10 | partition=1 | offset=1413 | event_id=52316f43-95fe-4d30-bd08-2de83fc4d04a
2026-07-17 17:02:50,186 | INFO | booking-consumer | Batch written and offsets committed | records=10 | offsets={1: 1414}
2026-07-17 17:02:50,187 | INFO | booking-consumer | Event collected | batch=1/10 | partition=1 | offset=1414 | event_id=0dca28c4-5a6a-4a64-bcaa-de1cd29fabcc
2026-07-17 17:02:50,188 | INFO | booking-consumer | Event collected | batch=2/10 | partition=1 | offset=1415 | event_id=4b86d7cb-0d0f-4201-8ccf-802b50dc49c5
2026-07-17 17:02:50,189 | INFO | booking-consumer | Event collected | batch=3/10 | partition=1 | offset=1416 | event_id=ebe17664-e0df-409d-9630-b68abbb41490
2026-07-17 17:02:50,189 | INFO | booking-consumer | Event collected | batch=4/10 | partition=1 | offset=1417 | event_id=632b0520-6217-466e-888f-8ca6d5cdd814
2026-07-17 17:02:50,190 | INFO | booking-consumer | Event collected | batch=5/10 | partition=1 | offset=1418 | event_id=dfab803e-55ab-45d4-9341-d20750920c50
2026-07-17 17:02:50,191 | INFO | booking-consumer | Event collected | batch=6/10 | partition=1 | offset=1419 | event_id=aa4bcba0-ce26-4fb3-bc60-f57d200f26f6
2026-07-17 17:02:50,192 | INFO | booking-consumer | Event collected | batch=7/10 | partition=1 | offset=1420 | event_id=6c9b45b3-e0bb-43b7-a596-5fc367d4232c
2026-07-17 17:02:50,192 | INFO | booking-consumer | Event collected | batch=8/10 | partition=1 | offset=1421 | event_id=2a100bc0-a3a7-4b08-aba3-78820c74d70a
2026-07-17 17:02:50,193 | INFO | booking-consumer | Event collected | batch=9/10 | partition=1 | offset=1422 | event_id=18ebe9ea-f351-4fbf-b928-0cd21ff1374b
2026-07-17 17:02:50,193 | INFO | booking-consumer | Event collected | batch=10/10 | partition=1 | offset=1423 | event_id=710e646d-b8e0-4821-82b9-04a9d6060e90
2026-07-17 17:02:50,199 | INFO | booking-consumer | Batch written and offsets committed | records=10 | offsets={1: 1424}
2026-07-17 17:02:50,199 | INFO | booking-consumer | Event collected | batch=1/10 | partition=1 | offset=1424 | event_id=b787e8f8-6ebf-4cb3-b6a0-e484673c5c36
2026-07-17 17:02:50,199 | INFO | booking-consumer | Event collected | batch=2/10 | partition=1 | offset=1425 | event_id=a6e7642e-25a6-48fd-bf2a-7dc87dd5414d
2026-07-17 17:02:50,202 | INFO | booking-consumer | Event collected | batch=3/10 | partition=1 | offset=1426 | event_id=8c67aa0b-e95a-4cb0-8c32-c4a10b657cfe
2026-07-17 17:02:50,203 | INFO | booking-consumer | Event collected | batch=4/10 | partition=1 | offset=1427 | event_id=3239ced8-7567-4ecd-8813-b28bd36f0559
2026-07-17 17:02:50,203 | INFO | booking-consumer | Event collected | batch=5/10 | partition=1 | offset=1428 | event_id=2f02a0c9-d9f9-41e9-b8b4-73392c4301f2
2026-07-17 17:02:50,204 | INFO | booking-consumer | Event collected | batch=6/10 | partition=1 | offset=1429 | event_id=59d5fd0e-51db-43fc-b1ef-6b0522815885
2026-07-17 17:02:50,204 | INFO | booking-consumer | Event collected | batch=7/10 | partition=1 | offset=1430 | event_id=9aadbf84-aba7-48fc-8de2-ffc9c60e6725
2026-07-17 17:02:50,205 | INFO | booking-consumer | Event collected | batch=8/10 | partition=1 | offset=1431 | event_id=92c29afd-01ff-4567-8c93-f46a75c82628
2026-07-17 17:02:50,206 | INFO | booking-consumer | Event collected | batch=9/10 | partition=1 | offset=1432 | event_id=b365fe19-a337-4fa0-9ce3-5b8711f71cfc
2026-07-17 17:02:50,206 | INFO | booking-consumer | Event collected | batch=10/10 | partition=1 | offset=1433 | event_id=5164a157-bc8c-40ba-9da9-cd66880c9dab
2026-07-17 17:02:50,215 | INFO | booking-consumer | Batch written and offsets committed | records=10 | offsets={1: 1434}
2026-07-17 17:02:50,215 | INFO | booking-consumer | Event collected | batch=1/10 | partition=1 | offset=1434 | event_id=6b00f5d9-190c-44a5-a9af-69c92a5fa54f
2026-07-17 17:02:50,216 | INFO | booking-consumer | Event collected | batch=2/10 | partition=1 | offset=1435 | event_id=11e83b35-316b-45b7-99a7-11472b4b53d8
2026-07-17 17:02:50,216 | INFO | booking-consumer | Event collected | batch=3/10 | partition=1 | offset=1436 | event_id=cdc53929-e23a-4409-a56b-847024b1edc3
2026-07-17 17:02:50,216 | INFO | booking-consumer | Event collected | batch=4/10 | partition=1 | offset=1437 | event_id=d414b853-f7af-45fa-9346-87a89c766447
2026-07-17 17:02:50,217 | INFO | booking-consumer | Event collected | batch=5/10 | partition=1 | offset=1438 | event_id=badb5178-7dc7-41c9-9890-5571959033af
2026-07-17 17:02:50,217 | INFO | booking-consumer | Event collected | batch=6/10 | partition=1 | offset=1439 | event_id=1c0675ba-2dc6-4c66-977a-a568c714d91b
2026-07-17 17:02:50,218 | INFO | booking-consumer | Event collected | batch=7/10 | partition=1 | offset=1440 | event_id=99e51c6e-9d4f-470f-9b10-e8b6adb41d94
2026-07-17 17:02:50,218 | INFO | booking-consumer | Event collected | batch=8/10 | partition=1 | offset=1441 | event_id=b3852b51-cb59-4b3a-b633-4a3f4f6af470
2026-07-17 17:02:50,219 | INFO | booking-consumer | Event collected | batch=9/10 | partition=1 | offset=1442 | event_id=6b049a71-b997-49ef-a936-16493f50f794
2026-07-17 17:02:50,219 | INFO | booking-consumer | Event collected | batch=10/10 | partition=1 | offset=1443 | event_id=9da0df4a-8397-4d3a-85b6-ff4b38611ed6
2026-07-17 17:02:50,228 | INFO | booking-consumer | Batch written and offsets committed | records=10 | offsets={1: 1444}
2026-07-17 17:02:50,228 | INFO | booking-consumer | Event collected | batch=1/10 | partition=1 | offset=1444 | event_id=75d298ec-c061-4fba-a973-fc5e0549c1f6
2026-07-17 17:02:50,229 | INFO | booking-consumer | Event collected | batch=2/10 | partition=1 | offset=1445 | event_id=536ca092-df37-402b-b023-e471cd5b62b1
2026-07-17 17:02:50,229 | INFO | booking-consumer | Event collected | batch=3/10 | partition=1 | offset=1446 | event_id=8d8dfa36-322e-4bed-9d18-53ab6114fdbb
2026-07-17 17:02:50,230 | INFO | booking-consumer | Event collected | batch=4/10 | partition=1 | offset=1447 | event_id=3c6c3d0b-5d19-4ea7-a46e-daa4c952037d
2026-07-17 17:02:50,231 | INFO | booking-consumer | Event collected | batch=5/10 | partition=1 | offset=1448 | event_id=11134859-bb65-488a-ab3c-0816e9bbabd9
2026-07-17 17:02:50,231 | INFO | booking-consumer | Event collected | batch=6/10 | partition=1 | offset=1449 | event_id=720abefc-3644-47b9-8ec6-c25b22af466c
2026-07-17 17:02:50,231 | INFO | booking-consumer | Event collected | batch=7/10 | partition=1 | offset=1450 | event_id=35473af2-ca57-4bb2-83f2-002d8c32329d
2026-07-17 17:02:50,232 | INFO | booking-consumer | Event collected | batch=8/10 | partition=1 | offset=1451 | event_id=de611b47-ad36-4d2a-808d-b52205aec9ed
2026-07-17 17:02:50,232 | INFO | booking-consumer | Event collected | batch=9/10 | partition=1 | offset=1452 | event_id=94882132-66c5-4459-aa8d-fadedc6feedb
2026-07-17 17:02:50,232 | INFO | booking-consumer | Event collected | batch=10/10 | partition=1 | offset=1453 | event_id=c9b5e4cf-e5ce-4f45-b4c9-4e4255f852b9
2026-07-17 17:02:50,240 | INFO | booking-consumer | Batch written and offsets committed | records=10 | offsets={1: 1454}
2026-07-17 17:02:50,240 | INFO | booking-consumer | Event collected | batch=1/10 | partition=1 | offset=1454 | event_id=4f1c33f6-ce08-4cc8-abe5-b481abcde80f
2026-07-17 17:02:50,240 | INFO | booking-consumer | Event collected | batch=2/10 | partition=1 | offset=1455 | event_id=bf341501-937a-497f-a78e-6b8334e6f56e
2026-07-17 17:02:50,241 | INFO | booking-consumer | Event collected | batch=3/10 | partition=1 | offset=1456 | event_id=5c94a740-deef-4d72-9211-952d4c81b2ad
2026-07-17 17:02:50,242 | INFO | booking-consumer | Event collected | batch=4/10 | partition=1 | offset=1457 | event_id=fd92f444-36b0-4074-8b3a-86ff60015803
2026-07-17 17:02:50,243 | INFO | booking-consumer | Event collected | batch=5/10 | partition=1 | offset=1458 | event_id=6580995a-548f-4317-a220-a5568957ca99
2026-07-17 17:02:50,243 | INFO | booking-consumer | Event collected | batch=6/10 | partition=1 | offset=1459 | event_id=59f389cf-9907-4b03-b89e-2da2f9860c3d
2026-07-17 17:02:50,244 | INFO | booking-consumer | Event collected | batch=7/10 | partition=1 | offset=1460 | event_id=dbdfe428-858c-4ab1-8648-e052217c71c5
2026-07-17 17:02:50,244 | INFO | booking-consumer | Event collected | batch=8/10 | partition=1 | offset=1461 | event_id=794fdb60-6370-45bc-9964-a77cd83617cf
2026-07-17 17:02:50,245 | INFO | booking-consumer | Event collected | batch=9/10 | partition=1 | offset=1462 | event_id=7fd7cb84-6ab3-4127-bbb0-0516f24c8d1c
2026-07-17 17:02:50,245 | INFO | booking-consumer | Event collected | batch=10/10 | partition=1 | offset=1463 | event_id=7b2c41a5-0d72-4685-9055-0111b2639b40
2026-07-17 17:02:50,252 | INFO | booking-consumer | Batch written and offsets committed | records=10 | offsets={1: 1464}
2026-07-17 17:02:50,253 | INFO | booking-consumer | Event collected | batch=1/10 | partition=1 | offset=1464 | event_id=094b1b10-c80e-48ce-b3c9-e9f0cc5bbe0e
2026-07-17 17:02:50,253 | INFO | booking-consumer | Event collected | batch=2/10 | partition=1 | offset=1465 | event_id=9c2cdd50-564c-41aa-b3f6-eaa7019720bf
2026-07-17 17:02:50,254 | INFO | booking-consumer | Event collected | batch=3/10 | partition=1 | offset=1466 | event_id=15210c99-fe46-4f8e-a806-a994031356ff
2026-07-17 17:02:50,254 | INFO | booking-consumer | Event collected | batch=4/10 | partition=1 | offset=1467 | event_id=cb95f6bc-d3ca-438e-bdb6-867986e00998
2026-07-17 17:02:50,254 | INFO | booking-consumer | Event collected | batch=5/10 | partition=1 | offset=1468 | event_id=ba3bb4ce-f98d-4177-8cd0-7a11b8d45b53
2026-07-17 17:02:50,255 | INFO | booking-consumer | Event collected | batch=6/10 | partition=1 | offset=1469 | event_id=d961c0f2-597c-45cd-9669-363b5314fb0f
2026-07-17 17:02:50,255 | INFO | booking-consumer | Event collected | batch=7/10 | partition=1 | offset=1470 | event_id=0c363a28-f122-41c7-a5c8-d3bb51c94a12
2026-07-17 17:02:50,256 | INFO | booking-consumer | Event collected | batch=8/10 | partition=1 | offset=1471 | event_id=3b0ce6e3-b608-4abc-a960-13b15226fb09
2026-07-17 17:02:50,256 | INFO | booking-consumer | Event collected | batch=9/10 | partition=1 | offset=1472 | event_id=d5295193-9e54-4e7e-82bd-8479331b822a
2026-07-17 17:02:50,257 | INFO | booking-consumer | Event collected | batch=10/10 | partition=1 | offset=1473 | event_id=4843014c-b9e2-45f0-8bf0-0480ac256589
2026-07-17 17:02:50,264 | INFO | booking-consumer | Batch written and offsets committed | records=10 | offsets={1: 1474}
2026-07-17 17:02:50,264 | INFO | booking-consumer | Event collected | batch=1/10 | partition=1 | offset=1474 | event_id=41ab0534-f2ec-438e-b0b8-8162f720f6dc
2026-07-17 17:02:50,264 | INFO | booking-consumer | Event collected | batch=2/10 | partition=1 | offset=1475 | event_id=89609284-014e-4db6-a8d6-57194e91f491
2026-07-17 17:02:50,265 | INFO | booking-consumer | Event collected | batch=3/10 | partition=1 | offset=1476 | event_id=78762cd3-681d-4a2e-af7f-2313b3eef75a
2026-07-17 17:02:50,265 | INFO | booking-consumer | Event collected | batch=4/10 | partition=1 | offset=1477 | event_id=163d163c-8a22-4db5-9d09-8b1ea8c267e8
2026-07-17 17:02:50,266 | INFO | booking-consumer | Event collected | batch=5/10 | partition=1 | offset=1478 | event_id=99221330-8a9f-48cb-92c4-60d3d04341b9
2026-07-17 17:02:50,266 | INFO | booking-consumer | Event collected | batch=6/10 | partition=1 | offset=1479 | event_id=f6e1f795-a9a2-4f76-bb56-11f1744ee483
2026-07-17 17:02:50,267 | INFO | booking-consumer | Event collected | batch=7/10 | partition=1 | offset=1480 | event_id=be090b16-30ab-4aa0-8182-bbcc470a5b95
2026-07-17 17:02:50,267 | INFO | booking-consumer | Event collected | batch=8/10 | partition=1 | offset=1481 | event_id=5fddc8b2-3add-4d5b-a00d-89cee69d5c1f
2026-07-17 17:02:50,267 | INFO | booking-consumer | Event collected | batch=9/10 | partition=1 | offset=1482 | event_id=aee543b0-15b7-4b1c-8239-77eb5157d775
2026-07-17 17:02:50,268 | INFO | booking-consumer | Event collected | batch=10/10 | partition=1 | offset=1483 | event_id=3c538d03-b45e-452d-89c8-2bc413730b02
2026-07-17 17:02:50,276 | INFO | booking-consumer | Batch written and offsets committed | records=10 | offsets={1: 1484}
2026-07-17 17:02:50,277 | INFO | booking-consumer | Event collected | batch=1/10 | partition=1 | offset=1484 | event_id=3cd7a724-c7bc-4817-b5b1-caf0a7e4d5ad
2026-07-17 17:02:50,278 | INFO | booking-consumer | Event collected | batch=2/10 | partition=1 | offset=1485 | event_id=acb0177a-c054-468e-b1ca-b114fcd4d350
2026-07-17 17:02:50,278 | INFO | booking-consumer | Event collected | batch=3/10 | partition=1 | offset=1486 | event_id=d6957454-c51b-44a3-a06e-e8b55d3c544b
2026-07-17 17:02:50,279 | INFO | booking-consumer | Event collected | batch=4/10 | partition=1 | offset=1487 | event_id=677de54a-c284-4aec-920a-d16f14902846
2026-07-17 17:02:50,280 | INFO | booking-consumer | Event collected | batch=5/10 | partition=1 | offset=1488 | event_id=53ab5122-fa5a-4934-9007-ee8a4866524a
2026-07-17 17:02:50,280 | INFO | booking-consumer | Event collected | batch=6/10 | partition=1 | offset=1489 | event_id=c74bf925-aea0-4e26-b263-5a8e3be83b99
2026-07-17 17:02:50,280 | INFO | booking-consumer | Event collected | batch=7/10 | partition=1 | offset=1490 | event_id=cbe6b8fd-db6c-4b96-9067-e47800055ac0
2026-07-17 17:02:50,281 | INFO | booking-consumer | Event collected | batch=8/10 | partition=1 | offset=1491 | event_id=6ad1b4bb-8e3e-4c3e-8171-ca5e28f47b5b
2026-07-17 17:02:50,281 | INFO | booking-consumer | Event collected | batch=9/10 | partition=1 | offset=1492 | event_id=04908561-80a3-4926-8b2c-19205e3d0c9c
2026-07-17 17:02:50,281 | INFO | booking-consumer | Event collected | batch=10/10 | partition=1 | offset=1493 | event_id=029af611-6129-4972-8acc-65d3129b74a0
2026-07-17 17:02:50,288 | INFO | booking-consumer | Batch written and offsets committed | records=10 | offsets={1: 1494}
2026-07-17 17:02:50,289 | INFO | booking-consumer | Event collected | batch=1/10 | partition=1 | offset=1494 | event_id=b10500cd-864e-4dea-8e8f-195f58908946
2026-07-17 17:02:50,290 | INFO | booking-consumer | Event collected | batch=2/10 | partition=1 | offset=1495 | event_id=ceee8600-198b-4a73-be9a-a32c8abfe114
2026-07-17 17:02:50,291 | INFO | booking-consumer | Event collected | batch=3/10 | partition=1 | offset=1496 | event_id=11aa39d2-208e-4cff-9808-3331df828723
2026-07-17 17:02:50,292 | INFO | booking-consumer | Event collected | batch=4/10 | partition=1 | offset=1497 | event_id=157a5beb-2d1f-4997-9679-52d1ae47adcc
2026-07-17 17:02:50,292 | INFO | booking-consumer | Event collected | batch=5/10 | partition=1 | offset=1498 | event_id=7c9a32fe-c560-48fe-a189-aee6c50f6505
2026-07-17 17:02:50,293 | INFO | booking-consumer | Event collected | batch=6/10 | partition=1 | offset=1499 | event_id=2a66abd2-cdfd-448f-bde5-12f476a77267
2026-07-17 17:02:50,293 | INFO | booking-consumer | Event collected | batch=7/10 | partition=1 | offset=1500 | event_id=ae8a3539-afb9-45ad-b9b1-6786a8fdbef5
2026-07-17 17:02:50,293 | INFO | booking-consumer | Event collected | batch=8/10 | partition=1 | offset=1501 | event_id=306ab4ef-0ed1-42d9-8bd2-4a0ba24c4fbd
2026-07-17 17:02:50,294 | INFO | booking-consumer | Event collected | batch=9/10 | partition=1 | offset=1502 | event_id=2be4e280-061b-4719-966e-78a818ce33c3
2026-07-17 17:02:50,295 | INFO | booking-consumer | Event collected | batch=10/10 | partition=1 | offset=1503 | event_id=4d95238e-6eef-4a31-8c18-0fa145da23ed
2026-07-17 17:02:50,302 | INFO | booking-consumer | Batch written and offsets committed | records=10 | offsets={1: 1504}
2026-07-17 17:02:50,303 | INFO | booking-consumer | Event collected | batch=1/10 | partition=1 | offset=1504 | event_id=562fc72f-7a7a-4313-83a0-7eca9536ef39
2026-07-17 17:02:50,303 | INFO | booking-consumer | Event collected | batch=2/10 | partition=1 | offset=1505 | event_id=bd2e3cd4-d5e2-474c-9fed-08463fda9b2a
2026-07-17 17:02:50,304 | INFO | booking-consumer | Event collected | batch=3/10 | partition=1 | offset=1506 | event_id=dfdbade8-b3a5-4415-b37b-74b22d0d07be
2026-07-17 17:02:50,304 | INFO | booking-consumer | Event collected | batch=4/10 | partition=1 | offset=1507 | event_id=b08ba347-bd3d-4758-bd73-ca09347b6a93
2026-07-17 17:02:50,304 | INFO | booking-consumer | Event collected | batch=5/10 | partition=1 | offset=1508 | event_id=03d87a2c-c884-4568-989b-004b31fcf6bf
2026-07-17 17:02:50,305 | INFO | booking-consumer | Event collected | batch=6/10 | partition=1 | offset=1509 | event_id=63cb5aaf-8154-4d54-8ec7-8d4c6bdd6c18
2026-07-17 17:02:50,306 | INFO | booking-consumer | Event collected | batch=7/10 | partition=1 | offset=1510 | event_id=0c193737-826b-4085-b941-f0303880b9a9
2026-07-17 17:02:50,306 | INFO | booking-consumer | Event collected | batch=8/10 | partition=1 | offset=1511 | event_id=ca37fe15-66d2-4eda-93b3-69996e048b26
2026-07-17 17:02:50,307 | INFO | booking-consumer | Event collected | batch=9/10 | partition=1 | offset=1512 | event_id=4850530a-5813-40a6-83bd-ec3b076001bb
2026-07-17 17:02:50,307 | INFO | booking-consumer | Event collected | batch=10/10 | partition=1 | offset=1513 | event_id=535a2d25-ca89-497c-b2f9-478135d7539f
2026-07-17 17:02:50,315 | INFO | booking-consumer | Batch written and offsets committed | records=10 | offsets={1: 1514}
2026-07-17 17:02:50,316 | INFO | booking-consumer | Event collected | batch=1/10 | partition=1 | offset=1514 | event_id=030fe7b8-861a-4584-9a59-7fb9386349e9
2026-07-17 17:02:50,317 | INFO | booking-consumer | Event collected | batch=2/10 | partition=1 | offset=1515 | event_id=7672a76d-530f-4baa-ba33-fe3dd0ffde40
2026-07-17 17:02:50,317 | INFO | booking-consumer | Event collected | batch=3/10 | partition=1 | offset=1516 | event_id=47e9b1ca-e310-49e2-a246-168a0b2cd26c
2026-07-17 17:02:50,318 | INFO | booking-consumer | Event collected | batch=4/10 | partition=1 | offset=1517 | event_id=c39e7f6c-847e-4548-b79d-452544e731bc
2026-07-17 17:02:50,318 | INFO | booking-consumer | Event collected | batch=5/10 | partition=1 | offset=1518 | event_id=c3d58506-965b-4f03-8f7f-df812d73ae9f
2026-07-17 17:02:50,319 | INFO | booking-consumer | Event collected | batch=6/10 | partition=1 | offset=1519 | event_id=8486b436-4926-4495-a017-d25fccba353d
2026-07-17 17:02:50,320 | INFO | booking-consumer | Event collected | batch=7/10 | partition=1 | offset=1520 | event_id=1d605507-005c-4378-a96e-8ca23f386bb8
2026-07-17 17:02:50,320 | INFO | booking-consumer | Event collected | batch=8/10 | partition=1 | offset=1521 | event_id=c4617a92-287e-42c0-b98d-c71eb1ea1ce3
2026-07-17 17:02:50,320 | INFO | booking-consumer | Event collected | batch=9/10 | partition=1 | offset=1522 | event_id=9ec49233-3ba5-4c06-b8c8-05a62d901cca
2026-07-17 17:02:50,321 | INFO | booking-consumer | Event collected | batch=10/10 | partition=1 | offset=1523 | event_id=81a0dcd5-7ce1-4496-8da1-1bfa2fe1248a
2026-07-17 17:02:50,330 | INFO | booking-consumer | Batch written and offsets committed | records=10 | offsets={1: 1524}
2026-07-17 17:02:50,330 | INFO | booking-consumer | Event collected | batch=1/10 | partition=1 | offset=1524 | event_id=137936b4-3de2-4f0e-b7f3-4d1c869fd1c8
2026-07-17 17:02:50,331 | INFO | booking-consumer | Event collected | batch=2/10 | partition=1 | offset=1525 | event_id=0136a412-f208-4a49-93fb-047cd93e8c85
2026-07-17 17:02:50,331 | INFO | booking-consumer | Event collected | batch=3/10 | partition=1 | offset=1526 | event_id=87f01970-a9ba-49af-b1e8-21a80ace341f
2026-07-17 17:02:50,332 | INFO | booking-consumer | Event collected | batch=4/10 | partition=1 | offset=1527 | event_id=d2672742-4602-4b46-8dbe-5e32362ad5bf
2026-07-17 17:02:50,332 | INFO | booking-consumer | Event collected | batch=5/10 | partition=1 | offset=1528 | event_id=41155b0c-1a68-4e37-a925-5965a781d85d
2026-07-17 17:02:50,333 | INFO | booking-consumer | Event collected | batch=6/10 | partition=1 | offset=1529 | event_id=a39176db-2a87-4e36-88b0-ac1519d8e301
2026-07-17 17:02:50,333 | INFO | booking-consumer | Event collected | batch=7/10 | partition=1 | offset=1530 | event_id=2c9565bd-6ff9-4666-ad29-c97936e6a54f
2026-07-17 17:02:50,334 | INFO | booking-consumer | Event collected | batch=8/10 | partition=1 | offset=1531 | event_id=f949c3b3-0102-47c3-afe8-fe56c419e4ce
2026-07-17 17:02:50,334 | INFO | booking-consumer | Event collected | batch=9/10 | partition=1 | offset=1532 | event_id=c4c4338e-3283-4e1d-aeac-870360f05153
2026-07-17 17:02:50,334 | INFO | booking-consumer | Event collected | batch=10/10 | partition=1 | offset=1533 | event_id=03537bd3-e349-4db1-8e2a-e99faa14cda8
2026-07-17 17:02:50,343 | INFO | booking-consumer | Batch written and offsets committed | records=10 | offsets={1: 1534}
2026-07-17 17:02:50,343 | INFO | booking-consumer | Event collected | batch=1/10 | partition=1 | offset=1534 | event_id=6d6953da-b460-4711-b83b-0e34cd23bc23
2026-07-17 17:02:50,344 | INFO | booking-consumer | Event collected | batch=2/10 | partition=1 | offset=1535 | event_id=712af7bb-7bd1-4d49-929e-2d96508b26b6
2026-07-17 17:02:50,344 | INFO | booking-consumer | Event collected | batch=3/10 | partition=1 | offset=1536 | event_id=88add24d-eaf3-44c0-b6df-31d04161db49
2026-07-17 17:02:50,345 | INFO | booking-consumer | Event collected | batch=4/10 | partition=1 | offset=1537 | event_id=d6a5471a-1616-4722-bdb1-9b12e75baedb
2026-07-17 17:02:50,346 | INFO | booking-consumer | Event collected | batch=5/10 | partition=1 | offset=1538 | event_id=a08c0413-bcd7-4bf2-bcfb-af0551d8070f
2026-07-17 17:02:50,346 | INFO | booking-consumer | Event collected | batch=6/10 | partition=1 | offset=1539 | event_id=cf5cd526-d595-4a3f-976c-9c9d7972c4d0
2026-07-17 17:02:50,346 | INFO | booking-consumer | Event collected | batch=7/10 | partition=1 | offset=1540 | event_id=ce3ffbfa-3151-44ff-9d81-fa867cb88104
2026-07-17 17:02:50,347 | INFO | booking-consumer | Event collected | batch=8/10 | partition=1 | offset=1541 | event_id=57679ba5-7f4b-42d0-a1c3-7ad374098005
2026-07-17 17:02:50,347 | INFO | booking-consumer | Event collected | batch=9/10 | partition=1 | offset=1542 | event_id=05eef717-bcbb-4278-9dc5-9154f8ed9c13
2026-07-17 17:02:50,347 | INFO | booking-consumer | Event collected | batch=10/10 | partition=1 | offset=1543 | event_id=125a9b63-530b-443a-b151-206bdacbc2c3
2026-07-17 17:02:50,356 | INFO | booking-consumer | Batch written and offsets committed | records=10 | offsets={1: 1544}
2026-07-17 17:02:50,357 | INFO | booking-consumer | Event collected | batch=1/10 | partition=1 | offset=1544 | event_id=3a0b7e37-39b5-41d7-9165-07e8c3f96468
2026-07-17 17:02:50,358 | INFO | booking-consumer | Event collected | batch=2/10 | partition=1 | offset=1545 | event_id=9dac3f24-305e-4c54-94f6-7830182358a7
2026-07-17 17:02:50,359 | INFO | booking-consumer | Event collected | batch=3/10 | partition=1 | offset=1546 | event_id=2f74e6ae-468f-43a1-89c4-9a824fa43b75
2026-07-17 17:02:50,359 | INFO | booking-consumer | Event collected | batch=4/10 | partition=1 | offset=1547 | event_id=20ef911a-50e1-4b1d-b2a1-a0ac15095b77
2026-07-17 17:02:50,359 | INFO | booking-consumer | Event collected | batch=5/10 | partition=1 | offset=1548 | event_id=1ebde651-2527-4320-afb2-bdc09d1a3ee9
2026-07-17 17:02:50,360 | INFO | booking-consumer | Event collected | batch=6/10 | partition=1 | offset=1549 | event_id=df3de4b3-e9ce-4db3-8b13-a7c12d48a295
2026-07-17 17:02:50,361 | INFO | booking-consumer | Event collected | batch=7/10 | partition=1 | offset=1550 | event_id=f8b59832-2f98-48d1-aa2a-cfb2a85493cb
2026-07-17 17:02:50,361 | INFO | booking-consumer | Event collected | batch=8/10 | partition=1 | offset=1551 | event_id=98ed16e6-7cad-4c77-88b0-6334eaca42f7
2026-07-17 17:02:50,362 | INFO | booking-consumer | Event collected | batch=9/10 | partition=1 | offset=1552 | event_id=2505cf3d-ca33-444b-85ef-426543615b83
2026-07-17 17:02:50,362 | INFO | booking-consumer | Event collected | batch=10/10 | partition=1 | offset=1553 | event_id=05fed3d3-7356-4948-9baf-310408a15f05
2026-07-17 17:02:50,369 | INFO | booking-consumer | Batch written and offsets committed | records=10 | offsets={1: 1554}
2026-07-17 17:02:50,370 | INFO | booking-consumer | Event collected | batch=1/10 | partition=1 | offset=1554 | event_id=632967c7-1491-4c57-906f-ff37419ddd2d
2026-07-17 17:02:50,370 | INFO | booking-consumer | Event collected | batch=2/10 | partition=1 | offset=1555 | event_id=20601d54-d716-4406-aa40-1b409e6892de
2026-07-17 17:02:50,372 | INFO | booking-consumer | Event collected | batch=3/10 | partition=1 | offset=1556 | event_id=474ba1e5-7cf1-4704-a769-b99bcb1d91fc
2026-07-17 17:02:50,373 | INFO | booking-consumer | Event collected | batch=4/10 | partition=1 | offset=1557 | event_id=4248c6fb-40f7-4a46-85f2-671e2ddc869e
2026-07-17 17:02:50,374 | INFO | booking-consumer | Event collected | batch=5/10 | partition=1 | offset=1558 | event_id=944b7f08-e962-4fdc-aa9f-bd134ef04dce
2026-07-17 17:02:50,374 | INFO | booking-consumer | Event collected | batch=6/10 | partition=1 | offset=1559 | event_id=d4d15e5d-be47-49a4-a7e0-3314b721943e
2026-07-17 17:02:50,375 | INFO | booking-consumer | Event collected | batch=7/10 | partition=1 | offset=1560 | event_id=44e889ec-0500-42b1-a38c-049d616a200c
2026-07-17 17:02:50,376 | INFO | booking-consumer | Event collected | batch=8/10 | partition=1 | offset=1561 | event_id=112c1625-02ff-438a-b6d7-d82e27fd9e11
2026-07-17 17:02:50,377 | INFO | booking-consumer | Event collected | batch=9/10 | partition=1 | offset=1562 | event_id=5d775214-e477-42d9-ba29-24f9da96951b
2026-07-17 17:02:50,377 | INFO | booking-consumer | Event collected | batch=10/10 | partition=1 | offset=1563 | event_id=1c6c3c18-787b-4c50-8098-3fa1e38245f1
2026-07-17 17:02:50,385 | INFO | booking-consumer | Batch written and offsets committed | records=10 | offsets={1: 1564}
2026-07-17 17:02:50,386 | INFO | booking-consumer | Event collected | batch=1/10 | partition=1 | offset=1564 | event_id=4abf4b85-6591-491a-b0db-15d0678a9498
2026-07-17 17:02:50,386 | INFO | booking-consumer | Event collected | batch=2/10 | partition=1 | offset=1565 | event_id=e960b382-62d6-484d-9075-0a8bc8e922eb
2026-07-17 17:02:50,387 | INFO | booking-consumer | Event collected | batch=3/10 | partition=1 | offset=1566 | event_id=0f94bb6e-e685-46e0-883f-d62f6a00cb7d
2026-07-17 17:02:50,387 | INFO | booking-consumer | Event collected | batch=4/10 | partition=1 | offset=1567 | event_id=3fc41655-2383-4b1d-b76b-232ff9d1592d
2026-07-17 17:02:50,388 | INFO | booking-consumer | Event collected | batch=5/10 | partition=1 | offset=1568 | event_id=a972579f-11b7-4a84-932e-a031458c46ab
2026-07-17 17:02:50,388 | INFO | booking-consumer | Event collected | batch=6/10 | partition=1 | offset=1569 | event_id=754eda72-d78e-4e6a-b0af-1a13011fd01d
2026-07-17 17:02:50,389 | INFO | booking-consumer | Event collected | batch=7/10 | partition=1 | offset=1570 | event_id=9860f860-094b-48ba-9252-1f786ae49a4a
2026-07-17 17:02:50,389 | INFO | booking-consumer | Event collected | batch=8/10 | partition=1 | offset=1571 | event_id=4a87d073-afe6-428b-8922-9388184790b7
2026-07-17 17:02:50,390 | INFO | booking-consumer | Event collected | batch=9/10 | partition=1 | offset=1572 | event_id=26c3d42f-e401-4a00-a56b-267a31350c67
2026-07-17 17:02:50,391 | INFO | booking-consumer | Event collected | batch=10/10 | partition=1 | offset=1573 | event_id=0c78f083-1728-40e4-999e-78e6a9e423c6
2026-07-17 17:02:50,399 | INFO | booking-consumer | Batch written and offsets committed | records=10 | offsets={1: 1574}
2026-07-17 17:02:50,399 | INFO | booking-consumer | Event collected | batch=1/10 | partition=1 | offset=1574 | event_id=8002a775-c1fe-424e-939c-36f43f3e2dab
2026-07-17 17:02:50,400 | INFO | booking-consumer | Event collected | batch=2/10 | partition=1 | offset=1575 | event_id=52c3e7ae-f871-46dd-9497-9aa59d4594f0
2026-07-17 17:02:50,400 | INFO | booking-consumer | Event collected | batch=3/10 | partition=1 | offset=1576 | event_id=25fe1c96-006c-4fda-86af-d9ff6e5d6a53
2026-07-17 17:02:50,400 | INFO | booking-consumer | Event collected | batch=4/10 | partition=1 | offset=1577 | event_id=be50ec28-b611-4154-921a-dbd523af4dd1
2026-07-17 17:02:50,401 | INFO | booking-consumer | Event collected | batch=5/10 | partition=1 | offset=1578 | event_id=e6c0e785-d2b4-4c73-b4fb-1d8a37a50d6e
2026-07-17 17:02:50,401 | INFO | booking-consumer | Event collected | batch=6/10 | partition=1 | offset=1579 | event_id=77583cd2-7872-4d05-a716-7b0df5fd7489
2026-07-17 17:02:50,402 | INFO | booking-consumer | Event collected | batch=7/10 | partition=1 | offset=1580 | event_id=d5b671df-d528-433b-b8b0-bcea034d3c44
2026-07-17 17:02:50,402 | INFO | booking-consumer | Event collected | batch=8/10 | partition=1 | offset=1581 | event_id=00a71cea-163d-4586-921f-c2cfd8db97d2
2026-07-17 17:02:50,403 | INFO | booking-consumer | Event collected | batch=9/10 | partition=1 | offset=1582 | event_id=b7a157c0-179e-4e73-a3fc-7c8e1e6048e8
2026-07-17 17:02:50,403 | INFO | booking-consumer | Event collected | batch=10/10 | partition=1 | offset=1583 | event_id=4aed48e8-df2b-47f5-995b-dc6900a8a4ac
2026-07-17 17:02:50,411 | INFO | booking-consumer | Batch written and offsets committed | records=10 | offsets={1: 1584}
2026-07-17 17:02:50,411 | INFO | booking-consumer | Event collected | batch=1/10 | partition=1 | offset=1584 | event_id=d4e29ac5-bff9-42e4-812f-296956dced54
2026-07-17 17:02:50,412 | INFO | booking-consumer | Event collected | batch=2/10 | partition=1 | offset=1585 | event_id=5981d91d-1ae0-4ac2-b890-acef3e73a0f2
2026-07-17 17:02:50,412 | INFO | booking-consumer | Event collected | batch=3/10 | partition=1 | offset=1586 | event_id=a6401766-14e2-403b-8642-3dbe86b958e3
2026-07-17 17:02:50,413 | INFO | booking-consumer | Event collected | batch=4/10 | partition=1 | offset=1587 | event_id=d5c9c185-f39e-422f-9f1a-1a92b05d6eec
2026-07-17 17:02:50,414 | INFO | booking-consumer | Event collected | batch=5/10 | partition=1 | offset=1588 | event_id=4ec0cfea-bf82-4bd0-b80d-e7436e22b46a
2026-07-17 17:02:50,414 | INFO | booking-consumer | Event collected | batch=6/10 | partition=1 | offset=1589 | event_id=8f7c8031-bb3d-4382-8a34-0b4becccd3d1
2026-07-17 17:02:50,414 | INFO | booking-consumer | Event collected | batch=7/10 | partition=1 | offset=1590 | event_id=24dda08f-b727-49c2-a1a7-8c0129ae8d51
2026-07-17 17:02:50,415 | INFO | booking-consumer | Event collected | batch=8/10 | partition=1 | offset=1591 | event_id=71a8c065-9aaf-48a7-bc11-5ddc48ce8f20
2026-07-17 17:02:50,415 | INFO | booking-consumer | Event collected | batch=9/10 | partition=1 | offset=1592 | event_id=a0f97d34-d02c-4f7a-b221-65e9ee2728f5
2026-07-17 17:02:50,416 | INFO | booking-consumer | Event collected | batch=10/10 | partition=1 | offset=1593 | event_id=05bb45fe-0850-48a8-a1ef-a4fd7504acd0
2026-07-17 17:02:50,423 | INFO | booking-consumer | Batch written and offsets committed | records=10 | offsets={1: 1594}
2026-07-17 17:02:50,424 | INFO | booking-consumer | Event collected | batch=1/10 | partition=1 | offset=1594 | event_id=d17921d4-f17f-4237-a5a1-701bc6bdeb3a
2026-07-17 17:02:50,424 | INFO | booking-consumer | Event collected | batch=2/10 | partition=1 | offset=1595 | event_id=074f4957-1244-4104-b1ce-570ab685790b
2026-07-17 17:02:50,426 | INFO | booking-consumer | Event collected | batch=3/10 | partition=1 | offset=1596 | event_id=711ab588-7952-40ab-84c5-bbc70e21aa75
2026-07-17 17:02:50,426 | INFO | booking-consumer | Event collected | batch=4/10 | partition=1 | offset=1597 | event_id=9bf73c6d-ae58-456f-b9f3-5c2c65395770
2026-07-17 17:02:50,427 | INFO | booking-consumer | Event collected | batch=5/10 | partition=1 | offset=1598 | event_id=e2c27b90-2e00-4fd9-b001-9b172a414a84
2026-07-17 17:02:50,427 | INFO | booking-consumer | Event collected | batch=6/10 | partition=1 | offset=1599 | event_id=590ae2e2-6ad2-46a4-9871-7fd54f50d1f1
2026-07-17 17:02:50,427 | INFO | booking-consumer | Event collected | batch=7/10 | partition=1 | offset=1600 | event_id=997be361-657f-4f88-aa0a-9488c3922c03
2026-07-17 17:02:50,428 | INFO | booking-consumer | Event collected | batch=8/10 | partition=1 | offset=1601 | event_id=915087c8-187f-463d-8f5a-0efa0049a75d
2026-07-17 17:02:50,429 | INFO | booking-consumer | Event collected | batch=9/10 | partition=1 | offset=1602 | event_id=4e1e9a8b-baae-490e-9e13-e1adea2a9ccf
2026-07-17 17:02:50,429 | INFO | booking-consumer | Event collected | batch=10/10 | partition=1 | offset=1603 | event_id=df1fa662-7d70-4e1d-83b1-14bd3db1eb24
2026-07-17 17:02:50,436 | INFO | booking-consumer | Batch written and offsets committed | records=10 | offsets={1: 1604}
2026-07-17 17:02:50,436 | INFO | booking-consumer | Event collected | batch=1/10 | partition=1 | offset=1604 | event_id=1413850f-7d35-4d89-a32e-9924b5bcc95d
2026-07-17 17:02:50,437 | INFO | booking-consumer | Event collected | batch=2/10 | partition=1 | offset=1605 | event_id=7e39aaca-48e9-4e34-8015-564d154881db
2026-07-17 17:02:50,437 | INFO | booking-consumer | Event collected | batch=3/10 | partition=1 | offset=1606 | event_id=9734cd1d-3ded-43e3-89a3-d7a03286604e
2026-07-17 17:02:50,438 | INFO | booking-consumer | Event collected | batch=4/10 | partition=1 | offset=1607 | event_id=c5adf8a5-a7e3-4818-95c9-1740f12ff75e
2026-07-17 17:02:50,438 | INFO | booking-consumer | Event collected | batch=5/10 | partition=1 | offset=1608 | event_id=db7b629d-ad42-4f90-9753-c58d75851e6b
2026-07-17 17:02:50,439 | INFO | booking-consumer | Event collected | batch=6/10 | partition=1 | offset=1609 | event_id=3f8c4f3b-e59c-4085-9a1a-30740d4f48c0
2026-07-17 17:02:50,439 | INFO | booking-consumer | Event collected | batch=7/10 | partition=1 | offset=1610 | event_id=4fb59723-5b19-4409-8148-1882d8ea3945
2026-07-17 17:02:50,440 | INFO | booking-consumer | Event collected | batch=8/10 | partition=1 | offset=1611 | event_id=eaf40277-7176-4150-90c1-eab3af62cd1b
2026-07-17 17:02:50,440 | INFO | booking-consumer | Event collected | batch=9/10 | partition=1 | offset=1612 | event_id=df35e80f-735c-44b0-b0b4-0c2b3e530500
2026-07-17 17:02:50,441 | INFO | booking-consumer | Event collected | batch=10/10 | partition=1 | offset=1613 | event_id=973c149a-8be8-4244-8c6f-b1c013ffa971
2026-07-17 17:02:50,448 | INFO | booking-consumer | Batch written and offsets committed | records=10 | offsets={1: 1614}
2026-07-17 17:02:50,448 | INFO | booking-consumer | Event collected | batch=1/10 | partition=1 | offset=1614 | event_id=6c4f3136-d1cc-48ec-91ed-1dc07573949a
2026-07-17 17:02:50,449 | INFO | booking-consumer | Event collected | batch=2/10 | partition=1 | offset=1615 | event_id=fedb8922-7d60-4885-9ba1-48a5f3129bdb
2026-07-17 17:02:50,450 | INFO | booking-consumer | Event collected | batch=3/10 | partition=1 | offset=1616 | event_id=14817037-e619-48b6-ba0d-e094f60e953a
2026-07-17 17:02:50,450 | INFO | booking-consumer | Event collected | batch=4/10 | partition=1 | offset=1617 | event_id=9bce85b5-800c-4998-8d19-0b606ac399db
2026-07-17 17:02:50,451 | INFO | booking-consumer | Event collected | batch=5/10 | partition=1 | offset=1618 | event_id=1e2b6b29-d718-4cdf-8223-fdac794845b6
2026-07-17 17:02:50,452 | INFO | booking-consumer | Event collected | batch=6/10 | partition=1 | offset=1619 | event_id=1beb99ab-1878-4d29-9427-d1af4c146206
2026-07-17 17:02:50,452 | INFO | booking-consumer | Event collected | batch=7/10 | partition=1 | offset=1620 | event_id=34e27a9a-c110-4141-b6b8-dad99f8f7a83
2026-07-17 17:02:50,452 | INFO | booking-consumer | Event collected | batch=8/10 | partition=1 | offset=1621 | event_id=6cbc3300-44af-4023-971b-5b19e5f30edb
2026-07-17 17:02:50,453 | INFO | booking-consumer | Event collected | batch=9/10 | partition=1 | offset=1622 | event_id=dff8c7d3-4f77-4a5d-b879-22ed2b0a65ae
2026-07-17 17:02:50,453 | INFO | booking-consumer | Event collected | batch=10/10 | partition=1 | offset=1623 | event_id=320dce8d-0d77-47be-b7b9-24b40bc02dd7
2026-07-17 17:02:50,461 | INFO | booking-consumer | Batch written and offsets committed | records=10 | offsets={1: 1624}
2026-07-17 17:02:50,462 | INFO | booking-consumer | Event collected | batch=1/10 | partition=1 | offset=1624 | event_id=413a0bbb-0f85-4296-96c0-0cb45a512cf5
2026-07-17 17:02:50,462 | INFO | booking-consumer | Event collected | batch=2/10 | partition=1 | offset=1625 | event_id=4a2dba32-4673-44a4-b6e5-cf5aa98c905e
2026-07-17 17:02:50,462 | INFO | booking-consumer | Event collected | batch=3/10 | partition=1 | offset=1626 | event_id=b954b710-2d37-49fd-b0c9-4ba3a5438b78
2026-07-17 17:02:50,463 | INFO | booking-consumer | Event collected | batch=4/10 | partition=1 | offset=1627 | event_id=f07a6721-0f63-4a6f-8caf-481c9afa27a6
2026-07-17 17:02:50,463 | INFO | booking-consumer | Event collected | batch=5/10 | partition=1 | offset=1628 | event_id=0736badd-8a71-4eb0-9ffa-718c9f14c5a6
2026-07-17 17:02:50,464 | INFO | booking-consumer | Event collected | batch=6/10 | partition=1 | offset=1629 | event_id=f6f62275-5bca-4254-91cd-de8b2bf34b40
2026-07-17 17:02:50,465 | INFO | booking-consumer | Event collected | batch=7/10 | partition=1 | offset=1630 | event_id=65f761eb-3896-4870-8f61-579a605c409d
2026-07-17 17:02:50,465 | INFO | booking-consumer | Event collected | batch=8/10 | partition=1 | offset=1631 | event_id=ebe34a51-0d97-499b-aa20-cdd8fd7a865f
2026-07-17 17:02:50,465 | INFO | booking-consumer | Event collected | batch=9/10 | partition=1 | offset=1632 | event_id=7f13ea19-4a79-48d1-8497-765c62d41db0
2026-07-17 17:02:50,466 | INFO | booking-consumer | Event collected | batch=10/10 | partition=1 | offset=1633 | event_id=01d6aec5-23f0-412f-8ee7-de3f37ee0ae7
2026-07-17 17:02:50,473 | INFO | booking-consumer | Batch written and offsets committed | records=10 | offsets={1: 1634}
2026-07-17 17:02:50,474 | INFO | booking-consumer | Event collected | batch=1/10 | partition=1 | offset=1634 | event_id=d08b19f7-4c17-4d77-8b4e-e676164ad988
2026-07-17 17:02:50,475 | INFO | booking-consumer | Event collected | batch=2/10 | partition=1 | offset=1635 | event_id=758e1261-c435-446e-bfd2-0376be3343a6
2026-07-17 17:02:50,476 | INFO | booking-consumer | Event collected | batch=3/10 | partition=1 | offset=1636 | event_id=c17da6fc-6881-4dd7-96a2-0d4eb11a54c3
2026-07-17 17:02:50,477 | INFO | booking-consumer | Event collected | batch=4/10 | partition=1 | offset=1637 | event_id=8b546baa-94ed-43c0-8e0d-748e251e7605
2026-07-17 17:02:50,477 | INFO | booking-consumer | Event collected | batch=5/10 | partition=1 | offset=1638 | event_id=3337f399-6235-42b2-995f-6addfd17a8f9
2026-07-17 17:02:50,478 | INFO | booking-consumer | Event collected | batch=6/10 | partition=1 | offset=1639 | event_id=91305fa5-2926-4928-8ed0-10c5594baf98
2026-07-17 17:02:50,478 | INFO | booking-consumer | Event collected | batch=7/10 | partition=1 | offset=1640 | event_id=f14f7d1e-5c87-4670-9e25-c080765195b1
2026-07-17 17:02:50,478 | INFO | booking-consumer | Event collected | batch=8/10 | partition=1 | offset=1641 | event_id=45f7d986-8e78-4eb9-bf7c-62c655be58e3
2026-07-17 17:02:50,480 | INFO | booking-consumer | Event collected | batch=9/10 | partition=1 | offset=1642 | event_id=d91af94c-e025-4b42-b9f4-9582b12329a2
2026-07-17 17:02:50,480 | INFO | booking-consumer | Event collected | batch=10/10 | partition=1 | offset=1643 | event_id=0ef14678-2345-4817-a18f-182b708a103d
2026-07-17 17:02:50,487 | INFO | booking-consumer | Batch written and offsets committed | records=10 | offsets={1: 1644}
2026-07-17 17:02:50,488 | INFO | booking-consumer | Event collected | batch=1/10 | partition=1 | offset=1644 | event_id=c2629b05-1603-48f4-9e18-9c63f39297bf
2026-07-17 17:02:50,488 | INFO | booking-consumer | Event collected | batch=2/10 | partition=1 | offset=1645 | event_id=2ee1d1af-03fa-4eb3-821c-eb63a80da3f7
2026-07-17 17:02:50,489 | INFO | booking-consumer | Event collected | batch=3/10 | partition=1 | offset=1646 | event_id=4af8c27a-87a9-4f00-b7ea-8945f31a8a18
2026-07-17 17:02:50,489 | INFO | booking-consumer | Event collected | batch=4/10 | partition=1 | offset=1647 | event_id=2389abdc-7ebf-4b88-87bf-3ddf8aaf5d30
2026-07-17 17:02:50,491 | INFO | booking-consumer | Event collected | batch=5/10 | partition=1 | offset=1648 | event_id=5009bc90-0bde-46e4-a368-bf0af550590d
2026-07-17 17:02:50,491 | INFO | booking-consumer | Event collected | batch=6/10 | partition=1 | offset=1649 | event_id=a4e42f7e-d2b3-4bb8-8e29-289046c7f30c
2026-07-17 17:02:50,492 | INFO | booking-consumer | Event collected | batch=7/10 | partition=1 | offset=1650 | event_id=2f013d30-252e-4339-9f0a-f4efcbe3b65e
2026-07-17 17:02:50,492 | INFO | booking-consumer | Event collected | batch=8/10 | partition=1 | offset=1651 | event_id=dba04de2-4b2b-42b7-93d9-a194d61bc054
2026-07-17 17:02:50,493 | INFO | booking-consumer | Event collected | batch=9/10 | partition=1 | offset=1652 | event_id=55f098ca-c4bc-4e17-935a-f9b5f748b976
2026-07-17 17:02:50,494 | INFO | booking-consumer | Event collected | batch=10/10 | partition=1 | offset=1653 | event_id=88d49a4b-8ebc-46a0-83b0-8fe3ceb014b5
2026-07-17 17:02:50,500 | INFO | booking-consumer | Batch written and offsets committed | records=10 | offsets={1: 1654}
2026-07-17 17:02:50,501 | INFO | booking-consumer | Event collected | batch=1/10 | partition=1 | offset=1654 | event_id=5b0f5488-7920-426c-8ad3-3b6e4795f5eb
2026-07-17 17:02:50,501 | INFO | booking-consumer | Event collected | batch=2/10 | partition=1 | offset=1655 | event_id=720bc0b3-a52f-424d-97c8-6c8549bb07df
2026-07-17 17:02:50,502 | INFO | booking-consumer | Event collected | batch=3/10 | partition=1 | offset=1656 | event_id=afd77873-e10a-4b97-81a9-41c64d6517a7
2026-07-17 17:02:50,503 | INFO | booking-consumer | Event collected | batch=4/10 | partition=1 | offset=1657 | event_id=eb506115-f42b-43ad-bf00-0df34ad0bfa1
2026-07-17 17:02:50,503 | INFO | booking-consumer | Event collected | batch=5/10 | partition=1 | offset=1658 | event_id=05c73ef5-6398-4596-8aec-ba33a9682988
2026-07-17 17:02:50,503 | INFO | booking-consumer | Event collected | batch=6/10 | partition=1 | offset=1659 | event_id=2ee0190b-a2e8-4a3b-aa07-a069235543db
2026-07-17 17:02:50,504 | INFO | booking-consumer | Event collected | batch=7/10 | partition=1 | offset=1660 | event_id=4e7da819-552d-4476-9772-b47e60dd952e
2026-07-17 17:02:50,504 | INFO | booking-consumer | Event collected | batch=8/10 | partition=1 | offset=1661 | event_id=f7dc74f4-7c8c-479e-99f3-66697e37b3ab
2026-07-17 17:02:50,504 | INFO | booking-consumer | Event collected | batch=9/10 | partition=1 | offset=1662 | event_id=26d5acf7-0baf-47d0-9f11-fd601f8d9a9c
2026-07-17 17:02:50,504 | INFO | booking-consumer | Event collected | batch=10/10 | partition=1 | offset=1663 | event_id=197d1942-671b-4bc1-a461-bc39c76e47d8
2026-07-17 17:02:50,515 | INFO | booking-consumer | Batch written and offsets committed | records=10 | offsets={1: 1664}
2026-07-17 17:02:50,515 | INFO | booking-consumer | Event collected | batch=1/10 | partition=1 | offset=1664 | event_id=43afac8b-7b90-42ca-afc1-44f983b5a352
2026-07-17 17:02:50,515 | INFO | booking-consumer | Event collected | batch=2/10 | partition=1 | offset=1665 | event_id=d8fa054f-60f1-49a7-a0a1-262e77adb4cd
2026-07-17 17:02:50,516 | INFO | booking-consumer | Event collected | batch=3/10 | partition=1 | offset=1666 | event_id=6f73171e-21d8-4a31-9aaf-ce5184f7ed44
2026-07-17 17:02:50,517 | INFO | booking-consumer | Event collected | batch=4/10 | partition=1 | offset=1667 | event_id=5a2452f7-77bf-443e-81c5-95e9cc3551e8
2026-07-17 17:02:50,517 | INFO | booking-consumer | Event collected | batch=5/10 | partition=1 | offset=1668 | event_id=03d677e4-5c46-4c46-9a4f-7063d496ead6
2026-07-17 17:02:50,517 | INFO | booking-consumer | Event collected | batch=6/10 | partition=1 | offset=1669 | event_id=d24a4cea-1406-47b2-b50f-da0e49b5e2a6
2026-07-17 17:02:50,518 | INFO | booking-consumer | Event collected | batch=7/10 | partition=1 | offset=1670 | event_id=6a0c593d-8aa8-4f20-9e22-e555cd51d837
2026-07-17 17:02:50,518 | INFO | booking-consumer | Event collected | batch=8/10 | partition=1 | offset=1671 | event_id=ded044a5-cf6a-48a4-a292-a40ef4bce653
2026-07-17 17:02:50,518 | INFO | booking-consumer | Event collected | batch=9/10 | partition=1 | offset=1672 | event_id=56feb59e-276c-475c-b667-5f01761e4f18
2026-07-17 17:02:50,519 | INFO | booking-consumer | Event collected | batch=10/10 | partition=1 | offset=1673 | event_id=39c79dfc-2dc5-41cc-8414-354b71234ba3
2026-07-17 17:02:50,527 | INFO | booking-consumer | Batch written and offsets committed | records=10 | offsets={1: 1674}
2026-07-17 17:02:50,528 | INFO | booking-consumer | Event collected | batch=1/10 | partition=1 | offset=1674 | event_id=055b6949-a884-47ae-ab49-4b66a4f57501
2026-07-17 17:02:50,528 | INFO | booking-consumer | Event collected | batch=2/10 | partition=1 | offset=1675 | event_id=996ff443-f42c-403e-8f12-7f1aae1caa34
2026-07-17 17:02:50,528 | INFO | booking-consumer | Event collected | batch=3/10 | partition=1 | offset=1676 | event_id=d3466778-baa2-4342-808c-d8023e25dacd
2026-07-17 17:02:50,530 | INFO | booking-consumer | Event collected | batch=4/10 | partition=1 | offset=1677 | event_id=0f14db62-131d-4fb6-8c3d-cba7f25e09fc
2026-07-17 17:02:50,530 | INFO | booking-consumer | Event collected | batch=5/10 | partition=1 | offset=1678 | event_id=9e588b1b-631c-48b9-979d-e52e578d9000
2026-07-17 17:02:50,530 | INFO | booking-consumer | Event collected | batch=6/10 | partition=1 | offset=1679 | event_id=2f1e28b2-c249-4a44-85d8-41092e5aca1a
2026-07-17 17:02:50,531 | INFO | booking-consumer | Event collected | batch=7/10 | partition=1 | offset=1680 | event_id=ce08ddd4-30b0-4115-bb16-35830203e36e
2026-07-17 17:02:50,531 | INFO | booking-consumer | Event collected | batch=8/10 | partition=1 | offset=1681 | event_id=8f4a74c0-f796-419e-b67a-7ca3db0c65b1
2026-07-17 17:02:50,531 | INFO | booking-consumer | Event collected | batch=9/10 | partition=1 | offset=1682 | event_id=97356706-e3c0-4041-952d-cbe8595808bb
2026-07-17 17:02:50,533 | INFO | booking-consumer | Event collected | batch=10/10 | partition=1 | offset=1683 | event_id=4268bac8-11cc-4689-acee-e61089ddbe80
2026-07-17 17:02:50,560 | INFO | booking-consumer | Batch written and offsets committed | records=10 | offsets={1: 1684}
2026-07-17 17:02:50,562 | INFO | booking-consumer | Event collected | batch=1/10 | partition=1 | offset=1684 | event_id=7f762a0b-02e7-48d3-ba08-f263fa277d36
2026-07-17 17:02:50,563 | INFO | booking-consumer | Event collected | batch=2/10 | partition=1 | offset=1685 | event_id=cf29acbe-d47b-4122-ae2e-4ee1c0b8281d
2026-07-17 17:02:50,566 | INFO | booking-consumer | Event collected | batch=3/10 | partition=1 | offset=1686 | event_id=b851b82e-aaea-4231-b134-2d7ee783dcc1
2026-07-17 17:02:50,567 | INFO | booking-consumer | Event collected | batch=4/10 | partition=1 | offset=1687 | event_id=7b5e7675-3ee6-4f05-b699-cd8730c3f278
2026-07-17 17:02:50,568 | INFO | booking-consumer | Event collected | batch=5/10 | partition=1 | offset=1688 | event_id=075fc5fb-292e-4544-ac4a-2e5edcd3fbb2
2026-07-17 17:02:50,570 | INFO | booking-consumer | Event collected | batch=6/10 | partition=1 | offset=1689 | event_id=6c2c83aa-7ba5-48ce-ab4d-6f868d949d21
2026-07-17 17:02:50,570 | INFO | booking-consumer | Event collected | batch=7/10 | partition=1 | offset=1690 | event_id=e898a39d-d402-4531-9e72-a4750e33f0f2
2026-07-17 17:02:50,571 | INFO | booking-consumer | Event collected | batch=8/10 | partition=1 | offset=1691 | event_id=dbe44c7f-5a0d-4010-8672-e5be3f53ca1e
2026-07-17 17:02:50,573 | INFO | booking-consumer | Event collected | batch=9/10 | partition=1 | offset=1692 | event_id=65b8cf64-5969-4426-bc90-86a14b435541
2026-07-17 17:02:50,576 | INFO | booking-consumer | Event collected | batch=10/10 | partition=1 | offset=1693 | event_id=ebbecec5-d53f-4a39-92fd-b348e88bbc9c
2026-07-17 17:02:50,597 | INFO | booking-consumer | Batch written and offsets committed | records=10 | offsets={1: 1694}
2026-07-17 17:02:50,598 | INFO | booking-consumer | Event collected | batch=1/10 | partition=1 | offset=1694 | event_id=9c13703a-292e-4349-be17-dd61a4ff52c4
2026-07-17 17:02:50,601 | INFO | booking-consumer | Event collected | batch=2/10 | partition=1 | offset=1695 | event_id=d92b874f-7298-4b9e-8300-2f594990fa43
2026-07-17 17:02:50,602 | INFO | booking-consumer | Event collected | batch=3/10 | partition=1 | offset=1696 | event_id=e0117621-b6e2-4835-b20f-7336ce0eb7fe
2026-07-17 17:02:50,603 | INFO | booking-consumer | Event collected | batch=4/10 | partition=1 | offset=1697 | event_id=9bbbca95-bf8e-476e-b74d-37e32a9dcae5
2026-07-17 17:02:50,612 | INFO | booking-consumer | Event collected | batch=5/10 | partition=1 | offset=1698 | event_id=6023d07e-c70a-4829-8010-d01c843add63
2026-07-17 17:02:50,617 | INFO | booking-consumer | Event collected | batch=6/10 | partition=1 | offset=1699 | event_id=9db4084e-047b-4242-a540-0f589c1b7198
2026-07-17 17:02:50,620 | INFO | booking-consumer | Event collected | batch=7/10 | partition=1 | offset=1700 | event_id=97aba070-e619-4cdf-95df-584db7974112
2026-07-17 17:02:50,622 | INFO | booking-consumer | Event collected | batch=8/10 | partition=1 | offset=1701 | event_id=206fc2d2-f340-4e96-bca9-227e59e4cf60
2026-07-17 17:02:50,627 | INFO | booking-consumer | Event collected | batch=9/10 | partition=1 | offset=1702 | event_id=0670fcd0-56e7-4315-a51e-b4ab15b5940f
2026-07-17 17:02:50,629 | INFO | booking-consumer | Event collected | batch=10/10 | partition=1 | offset=1703 | event_id=ab46cc88-0d8f-452f-9581-72807e91292d
2026-07-17 17:02:50,654 | INFO | booking-consumer | Batch written and offsets committed | records=10 | offsets={1: 1704}
2026-07-17 17:02:50,656 | INFO | booking-consumer | Event collected | batch=1/10 | partition=1 | offset=1704 | event_id=1fb44899-5ba2-4571-852d-48c3ce464dc9
2026-07-17 17:02:50,657 | INFO | booking-consumer | Event collected | batch=2/10 | partition=1 | offset=1705 | event_id=12fac9f1-5eed-4c20-888e-36a220ed06cc
2026-07-17 17:02:50,659 | INFO | booking-consumer | Event collected | batch=3/10 | partition=1 | offset=1706 | event_id=1ede40ff-6915-43d0-af6d-995ac7147330
2026-07-17 17:02:50,660 | INFO | booking-consumer | Event collected | batch=4/10 | partition=1 | offset=1707 | event_id=affa5162-62cf-40cd-a716-7afa33d0d148
2026-07-17 17:02:50,662 | INFO | booking-consumer | Event collected | batch=5/10 | partition=1 | offset=1708 | event_id=03fcd22d-efa1-475f-91be-98a68e66db28
2026-07-17 17:02:50,663 | INFO | booking-consumer | Event collected | batch=6/10 | partition=1 | offset=1709 | event_id=f2ce2451-c75d-45a8-a848-ce2cdba047cc
2026-07-17 17:02:50,664 | INFO | booking-consumer | Event collected | batch=7/10 | partition=1 | offset=1710 | event_id=8da9e951-8895-4d4e-b363-97fd10da4d15
2026-07-17 17:02:50,665 | INFO | booking-consumer | Event collected | batch=8/10 | partition=1 | offset=1711 | event_id=7d8ea87e-52f2-43a9-a777-c98afc3c0829
2026-07-17 17:02:50,665 | INFO | booking-consumer | Event collected | batch=9/10 | partition=1 | offset=1712 | event_id=f4d975db-19e7-4bbb-82cc-812a4ea71c51
2026-07-17 17:02:50,667 | INFO | booking-consumer | Event collected | batch=10/10 | partition=1 | offset=1713 | event_id=7abb2fae-3698-4aea-bb0b-4c1251398480
2026-07-17 17:02:50,677 | INFO | booking-consumer | Batch written and offsets committed | records=10 | offsets={1: 1714}
2026-07-17 17:02:50,677 | INFO | booking-consumer | Event collected | batch=1/10 | partition=1 | offset=1714 | event_id=96d6338d-3cab-4941-8a31-2a17e7477d71
2026-07-17 17:02:50,678 | INFO | booking-consumer | Event collected | batch=2/10 | partition=1 | offset=1715 | event_id=ad600552-11f5-4a26-b35b-9d53c04bffed
2026-07-17 17:02:50,679 | INFO | booking-consumer | Event collected | batch=3/10 | partition=1 | offset=1716 | event_id=4ee297b5-7008-41c4-81a8-d8e138931bbb
2026-07-17 17:02:50,679 | INFO | booking-consumer | Event collected | batch=4/10 | partition=1 | offset=1717 | event_id=4204d1bb-aee5-47f6-a9ba-df64a700b493
2026-07-17 17:02:50,680 | INFO | booking-consumer | Event collected | batch=5/10 | partition=1 | offset=1718 | event_id=17918736-3d53-4fad-b591-acfae6150ce5
2026-07-17 17:02:50,680 | INFO | booking-consumer | Event collected | batch=6/10 | partition=1 | offset=1719 | event_id=4be08a4e-75c4-49f9-99fa-988adefe7d9b
2026-07-17 17:02:50,681 | INFO | booking-consumer | Event collected | batch=7/10 | partition=1 | offset=1720 | event_id=b03178c8-78a0-4fa6-9fb9-39534ea5dc36
2026-07-17 17:02:50,681 | INFO | booking-consumer | Event collected | batch=8/10 | partition=1 | offset=1721 | event_id=ff502022-5afa-4beb-bbbf-35a2b94c2181
2026-07-17 17:02:50,682 | INFO | booking-consumer | Event collected | batch=9/10 | partition=1 | offset=1722 | event_id=fe1d811b-2a38-4d02-819f-394a2666faf4
2026-07-17 17:02:50,682 | INFO | booking-consumer | Event collected | batch=10/10 | partition=1 | offset=1723 | event_id=729366e6-f147-44a1-bd9e-d4658d4bb378
2026-07-17 17:02:50,690 | INFO | booking-consumer | Batch written and offsets committed | records=10 | offsets={1: 1724}
2026-07-17 17:02:50,691 | INFO | booking-consumer | Event collected | batch=1/10 | partition=1 | offset=1724 | event_id=2708c3d8-b8b2-4c86-8b98-e2143564981d
2026-07-17 17:02:50,691 | INFO | booking-consumer | Event collected | batch=2/10 | partition=1 | offset=1725 | event_id=9ac3df51-e462-4a75-9bef-a4badd1a167f
2026-07-17 17:02:50,692 | INFO | booking-consumer | Event collected | batch=3/10 | partition=1 | offset=1726 | event_id=ec1fad56-e825-419e-b310-9b762d6feda5
2026-07-17 17:02:50,692 | INFO | booking-consumer | Event collected | batch=4/10 | partition=1 | offset=1727 | event_id=dfea26f0-67c3-4f79-ba69-d07351d0c9f7
2026-07-17 17:02:50,693 | INFO | booking-consumer | Event collected | batch=5/10 | partition=1 | offset=1728 | event_id=aebc5a0e-0020-4613-aa2b-96d75b5a8194
2026-07-17 17:02:50,693 | INFO | booking-consumer | Event collected | batch=6/10 | partition=1 | offset=1729 | event_id=accbaea1-c32c-47a5-a3b2-afa753edfb9a
2026-07-17 17:02:50,695 | INFO | booking-consumer | Event collected | batch=7/10 | partition=1 | offset=1730 | event_id=0c526102-5a4f-4991-8036-3807f36d0167
2026-07-17 17:02:50,695 | INFO | booking-consumer | Event collected | batch=8/10 | partition=1 | offset=1731 | event_id=fc75d388-8e77-472a-ac18-143d96ddb380
2026-07-17 17:02:50,695 | INFO | booking-consumer | Event collected | batch=9/10 | partition=1 | offset=1732 | event_id=56f6754d-c06d-4cbf-b234-f7faa9c40b44
2026-07-17 17:02:50,696 | INFO | booking-consumer | Event collected | batch=10/10 | partition=1 | offset=1733 | event_id=f0b5e0b8-4667-4c64-957f-6e148e1783ff
2026-07-17 17:02:50,702 | INFO | booking-consumer | Batch written and offsets committed | records=10 | offsets={1: 1734}
2026-07-17 17:02:50,704 | INFO | booking-consumer | Event collected | batch=1/10 | partition=1 | offset=1734 | event_id=fa8072e9-659c-4ed9-9098-c891fe775903
2026-07-17 17:02:50,704 | INFO | booking-consumer | Event collected | batch=2/10 | partition=1 | offset=1735 | event_id=4565c42b-dfdc-4cc7-a2b7-6f12371cfd51
2026-07-17 17:02:50,705 | INFO | booking-consumer | Event collected | batch=3/10 | partition=1 | offset=1736 | event_id=6a43a160-fa07-44a8-a66e-dd3143790e37
2026-07-17 17:02:50,705 | INFO | booking-consumer | Event collected | batch=4/10 | partition=1 | offset=1737 | event_id=ea1929e3-2cd5-46eb-aa33-ff404af1b977
2026-07-17 17:02:50,706 | INFO | booking-consumer | Event collected | batch=5/10 | partition=1 | offset=1738 | event_id=a9965f79-37c5-45a7-9165-cbc3893c06b7
2026-07-17 17:02:50,707 | INFO | booking-consumer | Event collected | batch=6/10 | partition=1 | offset=1739 | event_id=24393c01-8e09-4495-82ef-3003954ee730
2026-07-17 17:02:50,707 | INFO | booking-consumer | Event collected | batch=7/10 | partition=1 | offset=1740 | event_id=75e51319-3928-4b6c-bea9-3d7e1a080b6a
2026-07-17 17:02:50,708 | INFO | booking-consumer | Event collected | batch=8/10 | partition=1 | offset=1741 | event_id=cc1889b7-e3aa-41b9-ba62-30c1184146a0
2026-07-17 17:02:50,709 | INFO | booking-consumer | Event collected | batch=9/10 | partition=1 | offset=1742 | event_id=0ebee8e7-5c49-4ae1-995a-d313c5f3facd
2026-07-17 17:02:50,710 | INFO | booking-consumer | Event collected | batch=10/10 | partition=1 | offset=1743 | event_id=8cefb48d-b2c2-4c86-8e99-6763906b6261
2026-07-17 17:02:50,716 | INFO | booking-consumer | Batch written and offsets committed | records=10 | offsets={1: 1744}
2026-07-17 17:02:50,718 | INFO | booking-consumer | Event collected | batch=1/10 | partition=1 | offset=1744 | event_id=60985242-6b4e-441c-9b7d-6db906b9ac77
2026-07-17 17:02:50,719 | INFO | booking-consumer | Event collected | batch=2/10 | partition=1 | offset=1745 | event_id=371cfe91-3328-4bcd-aa61-6a3553237be7
2026-07-17 17:02:50,719 | INFO | booking-consumer | Event collected | batch=3/10 | partition=1 | offset=1746 | event_id=a70a0df1-548f-436d-bbdb-1769b091339e
2026-07-17 17:02:50,720 | INFO | booking-consumer | Event collected | batch=4/10 | partition=1 | offset=1747 | event_id=08b4ce7b-06c1-4cbb-ad39-a1cc505aec6e
2026-07-17 17:02:50,721 | INFO | booking-consumer | Event collected | batch=5/10 | partition=1 | offset=1748 | event_id=357d593f-285e-401c-a262-beac8606a59d
2026-07-17 17:02:50,721 | INFO | booking-consumer | Event collected | batch=6/10 | partition=1 | offset=1749 | event_id=bd72b88a-2096-4f45-87b0-c76eed1d3f7b
2026-07-17 17:02:50,722 | INFO | booking-consumer | Event collected | batch=7/10 | partition=1 | offset=1750 | event_id=e76f714c-60d9-471a-b331-f921e7aff6a3
2026-07-17 17:02:50,723 | INFO | booking-consumer | Event collected | batch=8/10 | partition=1 | offset=1751 | event_id=0cf3c5b1-0cce-45ba-afe0-34c528b3c01c
2026-07-17 17:02:50,723 | INFO | booking-consumer | Event collected | batch=9/10 | partition=1 | offset=1752 | event_id=6c8be512-3a7b-4891-ae42-b33fd0cc2737
2026-07-17 17:02:50,724 | INFO | booking-consumer | Event collected | batch=10/10 | partition=1 | offset=1753 | event_id=02f42207-f337-46ed-b10e-5fe954497b04
2026-07-17 17:02:50,732 | INFO | booking-consumer | Batch written and offsets committed | records=10 | offsets={1: 1754}
2026-07-17 17:02:50,733 | INFO | booking-consumer | Event collected | batch=1/10 | partition=1 | offset=1754 | event_id=18ce8c50-8e2e-48ba-a374-b43d27df4b08
2026-07-17 17:02:50,734 | INFO | booking-consumer | Event collected | batch=2/10 | partition=1 | offset=1755 | event_id=81b8da5d-5153-4a4c-9d0b-ed653615323c
2026-07-17 17:02:50,734 | INFO | booking-consumer | Event collected | batch=3/10 | partition=1 | offset=1756 | event_id=f9eed1fa-b695-4a6a-8886-100ed7d90676
2026-07-17 17:02:50,735 | INFO | booking-consumer | Event collected | batch=4/10 | partition=1 | offset=1757 | event_id=a9d46d90-6abc-4cc8-81f6-a6854be342fa
2026-07-17 17:02:50,735 | INFO | booking-consumer | Event collected | batch=5/10 | partition=1 | offset=1758 | event_id=1ebf6b36-14cb-4cb9-8683-9b617d1a3cf0
2026-07-17 17:02:50,735 | INFO | booking-consumer | Event collected | batch=6/10 | partition=1 | offset=1759 | event_id=6d8d353e-8366-4950-860b-5f9b0a7cb504
2026-07-17 17:02:50,736 | INFO | booking-consumer | Event collected | batch=7/10 | partition=1 | offset=1760 | event_id=487be05d-e217-4a52-af8d-6cc9f9a45fd0
2026-07-17 17:02:50,736 | INFO | booking-consumer | Event collected | batch=8/10 | partition=1 | offset=1761 | event_id=d992c5f3-3842-47cd-acc1-67089f968153
2026-07-17 17:02:50,737 | INFO | booking-consumer | Event collected | batch=9/10 | partition=1 | offset=1762 | event_id=90a4cd16-0f0f-46d5-bf50-8797f86f2c0d
2026-07-17 17:02:50,737 | INFO | booking-consumer | Event collected | batch=10/10 | partition=1 | offset=1763 | event_id=336c2aa0-f517-4b03-8823-a197fe9dd612
2026-07-17 17:02:50,746 | INFO | booking-consumer | Batch written and offsets committed | records=10 | offsets={1: 1764}
2026-07-17 17:02:50,747 | INFO | booking-consumer | Event collected | batch=1/10 | partition=1 | offset=1764 | event_id=dacb81d9-4e32-4359-b51e-6bd133991d95
2026-07-17 17:02:50,747 | INFO | booking-consumer | Event collected | batch=2/10 | partition=1 | offset=1765 | event_id=0b150f82-0998-49c5-9594-2f26f27038fd
2026-07-17 17:02:50,748 | INFO | booking-consumer | Event collected | batch=3/10 | partition=1 | offset=1766 | event_id=20b0048c-5038-4145-aaab-31a6b4c45e35
2026-07-17 17:02:50,749 | INFO | booking-consumer | Event collected | batch=4/10 | partition=1 | offset=1767 | event_id=588990d6-6f71-44b6-b9d7-2ecd990d5b97
2026-07-17 17:02:50,749 | INFO | booking-consumer | Event collected | batch=5/10 | partition=1 | offset=1768 | event_id=e680b92f-3367-41c4-8e12-4289fcb88c85
2026-07-17 17:02:50,750 | INFO | booking-consumer | Event collected | batch=6/10 | partition=1 | offset=1769 | event_id=3744a479-430a-4a0e-8031-6c0574480702
2026-07-17 17:02:50,750 | INFO | booking-consumer | Event collected | batch=7/10 | partition=1 | offset=1770 | event_id=ae672a39-c1c4-4ff6-8ecd-14b1d1301c7e
2026-07-17 17:02:50,750 | INFO | booking-consumer | Event collected | batch=8/10 | partition=1 | offset=1771 | event_id=94555eec-2640-40b0-ac54-33ee72234a0a
2026-07-17 17:02:50,751 | INFO | booking-consumer | Event collected | batch=9/10 | partition=1 | offset=1772 | event_id=560023aa-3ea1-42d9-9d2e-bef91eb1c881
2026-07-17 17:02:50,751 | INFO | booking-consumer | Event collected | batch=10/10 | partition=1 | offset=1773 | event_id=dbccb7ef-8f94-4951-9679-8e9ba3a516b7
2026-07-17 17:02:50,759 | INFO | booking-consumer | Batch written and offsets committed | records=10 | offsets={1: 1774}
2026-07-17 17:02:50,760 | INFO | booking-consumer | Event collected | batch=1/10 | partition=1 | offset=1774 | event_id=9d4a185c-a3a0-4874-b19f-f1ca4252ce85
2026-07-17 17:02:50,761 | INFO | booking-consumer | Event collected | batch=2/10 | partition=1 | offset=1775 | event_id=989aed40-0ed1-446b-8c99-10991744ddfd
2026-07-17 17:02:50,761 | INFO | booking-consumer | Event collected | batch=3/10 | partition=1 | offset=1776 | event_id=4ee567b8-8cfa-45d9-a414-f1b0fac60e88
2026-07-17 17:02:50,762 | INFO | booking-consumer | Event collected | batch=4/10 | partition=1 | offset=1777 | event_id=8bf08f0f-6307-4211-a26e-b05517f721ea
2026-07-17 17:02:50,762 | INFO | booking-consumer | Event collected | batch=5/10 | partition=1 | offset=1778 | event_id=681900d2-a915-41a9-9653-a432e98f52d7
2026-07-17 17:02:50,762 | INFO | booking-consumer | Event collected | batch=6/10 | partition=1 | offset=1779 | event_id=0b6e9a38-3ff3-4d1d-8e2e-d34bb7e28d01
2026-07-17 17:02:50,763 | INFO | booking-consumer | Event collected | batch=7/10 | partition=1 | offset=1780 | event_id=7090413f-4ee8-4ec2-bf8f-74eaf7cc54ef
2026-07-17 17:02:50,764 | INFO | booking-consumer | Event collected | batch=8/10 | partition=1 | offset=1781 | event_id=4e093e1d-3e20-49a7-b933-397317b10422
2026-07-17 17:02:50,764 | INFO | booking-consumer | Event collected | batch=9/10 | partition=1 | offset=1782 | event_id=abf8f0ef-ad1c-41ce-ab82-b96680277d8d
2026-07-17 17:02:50,765 | INFO | booking-consumer | Event collected | batch=10/10 | partition=1 | offset=1783 | event_id=b5d74c0a-14b5-4e5f-8c2b-03fbe892be2a
2026-07-17 17:02:50,772 | INFO | booking-consumer | Batch written and offsets committed | records=10 | offsets={1: 1784}
2026-07-17 17:02:50,773 | INFO | booking-consumer | Event collected | batch=1/10 | partition=1 | offset=1784 | event_id=acdcf16a-81f8-4252-b88c-afc75a5479cc
2026-07-17 17:02:50,773 | INFO | booking-consumer | Event collected | batch=2/10 | partition=1 | offset=1785 | event_id=83a2c292-8eeb-4fa5-855d-0670e9318652
2026-07-17 17:02:50,774 | INFO | booking-consumer | Event collected | batch=3/10 | partition=1 | offset=1786 | event_id=8f79c760-8870-44eb-868a-aefb27db80d2
2026-07-17 17:02:50,775 | INFO | booking-consumer | Event collected | batch=4/10 | partition=1 | offset=1787 | event_id=73f1e3dd-21a1-4b41-a71c-35e8f67da43e
2026-07-17 17:02:50,776 | INFO | booking-consumer | Event collected | batch=5/10 | partition=1 | offset=1788 | event_id=5c25696b-bbb5-4e93-a7b1-177c065084be
2026-07-17 17:02:50,776 | INFO | booking-consumer | Event collected | batch=6/10 | partition=1 | offset=1789 | event_id=554b6ea6-1b68-4ec8-ba8d-cd11fae7bccc
2026-07-17 17:02:50,777 | INFO | booking-consumer | Event collected | batch=7/10 | partition=1 | offset=1790 | event_id=906e8f95-e208-4d13-8853-03ff3fa1dd36
2026-07-17 17:02:50,778 | INFO | booking-consumer | Event collected | batch=8/10 | partition=1 | offset=1791 | event_id=fd3676c9-d103-4459-9a11-3e645a1bc1be
2026-07-17 17:02:50,778 | INFO | booking-consumer | Event collected | batch=9/10 | partition=1 | offset=1792 | event_id=543ed378-e6b5-4bc4-b93a-542947d68ac5
2026-07-17 17:02:50,778 | INFO | booking-consumer | Event collected | batch=10/10 | partition=1 | offset=1793 | event_id=40e9bfa5-4125-40ff-9f3c-e53182c869b6
2026-07-17 17:02:50,801 | INFO | booking-consumer | Batch written and offsets committed | records=10 | offsets={1: 1794}
2026-07-17 17:02:50,803 | INFO | booking-consumer | Event collected | batch=1/10 | partition=1 | offset=1794 | event_id=acae87a2-2be4-4ca9-b581-85c5ead7628e
2026-07-17 17:02:50,804 | INFO | booking-consumer | Event collected | batch=2/10 | partition=1 | offset=1795 | event_id=f36f9fec-eed6-4517-aaf1-8fbfbecf85bd
2026-07-17 17:02:50,805 | INFO | booking-consumer | Event collected | batch=3/10 | partition=1 | offset=1796 | event_id=51ef9c4e-90a6-4a0e-84cb-67ec6b4170f8
2026-07-17 17:02:50,806 | INFO | booking-consumer | Event collected | batch=4/10 | partition=1 | offset=1797 | event_id=3a960376-7a19-4fe7-a22f-a05f77bd1b89
2026-07-17 17:02:50,808 | INFO | booking-consumer | Event collected | batch=5/10 | partition=1 | offset=1798 | event_id=932e8fc5-9c35-4dd3-b5bb-2363c1ace430
2026-07-17 17:02:50,808 | INFO | booking-consumer | Event collected | batch=6/10 | partition=1 | offset=1799 | event_id=8506892f-e631-47aa-9baa-0ae186f007a1
2026-07-17 17:02:50,810 | INFO | booking-consumer | Event collected | batch=7/10 | partition=1 | offset=1800 | event_id=86ca9b53-0e25-4021-bb1a-d5d60ae9f693
2026-07-17 17:02:50,812 | INFO | booking-consumer | Event collected | batch=8/10 | partition=1 | offset=1801 | event_id=377ab038-d13c-4780-96da-6ffb3e7643b7
2026-07-17 17:02:50,813 | INFO | booking-consumer | Event collected | batch=9/10 | partition=1 | offset=1802 | event_id=4b7074d8-437e-43a1-a1de-773fe18db763
2026-07-17 17:02:50,815 | INFO | booking-consumer | Event collected | batch=10/10 | partition=1 | offset=1803 | event_id=d4c568a0-bbd6-4298-9fe7-7256ae77ec4a
2026-07-17 17:02:50,833 | INFO | booking-consumer | Batch written and offsets committed | records=10 | offsets={1: 1804}
2026-07-17 17:02:50,834 | INFO | booking-consumer | Event collected | batch=1/10 | partition=1 | offset=1804 | event_id=9f7f2a1b-c47b-45ca-a0af-91edc2e82336
2026-07-17 17:02:50,836 | INFO | booking-consumer | Event collected | batch=2/10 | partition=1 | offset=1805 | event_id=92e64dfb-8ba3-4cbd-822f-8daa494723a4
2026-07-17 17:02:50,839 | INFO | booking-consumer | Event collected | batch=3/10 | partition=1 | offset=1806 | event_id=e778de1f-d837-49d8-ae88-19bf250fea45
2026-07-17 17:02:50,842 | INFO | booking-consumer | Event collected | batch=4/10 | partition=1 | offset=1807 | event_id=aad424e2-9c40-4611-8af0-374050dbafeb
2026-07-17 17:02:50,843 | INFO | booking-consumer | Event collected | batch=5/10 | partition=1 | offset=1808 | event_id=7a47f0b9-71a0-4ac4-82f4-f6bee93a6aca
2026-07-17 17:02:50,844 | INFO | booking-consumer | Event collected | batch=6/10 | partition=1 | offset=1809 | event_id=7bb4e554-a772-4426-99f4-c451622e0dee
2026-07-17 17:02:50,846 | INFO | booking-consumer | Event collected | batch=7/10 | partition=1 | offset=1810 | event_id=8acb43c2-7d32-4065-9cb0-8c88964be056
2026-07-17 17:02:50,848 | INFO | booking-consumer | Event collected | batch=8/10 | partition=1 | offset=1811 | event_id=0946f2d1-0feb-478e-997d-3a3927a404c4
2026-07-17 17:02:50,850 | INFO | booking-consumer | Event collected | batch=9/10 | partition=1 | offset=1812 | event_id=01a55860-0eab-4c7a-904b-ba1bc3b403af
2026-07-17 17:02:50,852 | INFO | booking-consumer | Event collected | batch=10/10 | partition=1 | offset=1813 | event_id=771c7e5b-ba4b-4906-8e01-f95159c2c2c2
2026-07-17 17:02:50,881 | INFO | booking-consumer | Batch written and offsets committed | records=10 | offsets={1: 1814}
2026-07-17 17:02:50,883 | INFO | booking-consumer | Event collected | batch=1/10 | partition=1 | offset=1814 | event_id=c6e0bd2a-f11d-468b-a1fd-0ff64d47cea5
2026-07-17 17:02:50,884 | INFO | booking-consumer | Event collected | batch=2/10 | partition=1 | offset=1815 | event_id=6470cc4b-901a-4ae1-9395-070e54e69fa8
2026-07-17 17:02:50,887 | INFO | booking-consumer | Event collected | batch=3/10 | partition=1 | offset=1816 | event_id=24f39ab6-8a8f-40a6-8e9b-9eb0a52b3000
2026-07-17 17:02:50,888 | INFO | booking-consumer | Event collected | batch=4/10 | partition=1 | offset=1817 | event_id=974d9b0a-2e58-4a01-8dac-466434a7cec3
2026-07-17 17:02:50,890 | INFO | booking-consumer | Event collected | batch=5/10 | partition=1 | offset=1818 | event_id=8b15ddf1-cd8a-456a-a8db-bc6d04c949bd
2026-07-17 17:02:50,892 | INFO | booking-consumer | Event collected | batch=6/10 | partition=1 | offset=1819 | event_id=73c3683c-2ae7-47cb-b895-a8000d6a1fe9
2026-07-17 17:02:50,893 | INFO | booking-consumer | Event collected | batch=7/10 | partition=1 | offset=1820 | event_id=63dc705a-a9da-4646-a8fc-c10376a94fe8
2026-07-17 17:02:50,894 | INFO | booking-consumer | Event collected | batch=8/10 | partition=1 | offset=1821 | event_id=234dbd28-b546-4356-8201-1a9bdec1f8a7
2026-07-17 17:02:50,895 | INFO | booking-consumer | Event collected | batch=9/10 | partition=1 | offset=1822 | event_id=c369fc87-bf9a-401f-9402-9b0e4454ca0e
2026-07-17 17:02:50,897 | INFO | booking-consumer | Event collected | batch=10/10 | partition=1 | offset=1823 | event_id=c87fb585-c433-44f5-9ac3-0e9e2c226a98
2026-07-17 17:02:50,915 | INFO | booking-consumer | Batch written and offsets committed | records=10 | offsets={1: 1824}
2026-07-17 17:02:50,918 | INFO | booking-consumer | Event collected | batch=1/10 | partition=1 | offset=1824 | event_id=6d53ca74-ea10-4cd6-8fce-57d3c9d307c9
2026-07-17 17:02:50,920 | INFO | booking-consumer | Event collected | batch=2/10 | partition=1 | offset=1825 | event_id=7dd0fb38-1082-4418-b434-63eac791fbd1
2026-07-17 17:02:50,921 | INFO | booking-consumer | Event collected | batch=3/10 | partition=1 | offset=1826 | event_id=0ed07c4f-16be-4404-8f98-3b0e9a7d8cfc
2026-07-17 17:02:50,922 | INFO | booking-consumer | Event collected | batch=4/10 | partition=1 | offset=1827 | event_id=32361f8e-9414-4a02-ac04-c5f614e684a1
2026-07-17 17:02:50,924 | INFO | booking-consumer | Event collected | batch=5/10 | partition=1 | offset=1828 | event_id=f44eda7e-4ad3-49d7-9487-54f555255c57
2026-07-17 17:02:50,926 | INFO | booking-consumer | Event collected | batch=6/10 | partition=1 | offset=1829 | event_id=c7efe56b-7161-4f17-80c1-ab59f213de3a
2026-07-17 17:02:50,928 | INFO | booking-consumer | Event collected | batch=7/10 | partition=1 | offset=1830 | event_id=81a3111c-60db-4c2a-9f83-bdf457f3f056
2026-07-17 17:02:50,929 | INFO | booking-consumer | Event collected | batch=8/10 | partition=1 | offset=1831 | event_id=634d564f-d6d5-4b04-8822-236d70291f22
2026-07-17 17:02:50,931 | INFO | booking-consumer | Event collected | batch=9/10 | partition=1 | offset=1832 | event_id=e397c74e-26a1-46aa-808b-e0d191afd6de
2026-07-17 17:02:50,935 | INFO | booking-consumer | Event collected | batch=10/10 | partition=1 | offset=1833 | event_id=f3cf1bfd-c52d-458b-8a0f-99f1c67ddd9a
2026-07-17 17:02:50,954 | INFO | booking-consumer | Batch written and offsets committed | records=10 | offsets={1: 1834}
2026-07-17 17:02:50,956 | INFO | booking-consumer | Event collected | batch=1/10 | partition=1 | offset=1834 | event_id=1000249b-a4b4-40dc-b871-d2f03d178ebc
2026-07-17 17:02:50,958 | INFO | booking-consumer | Event collected | batch=2/10 | partition=1 | offset=1835 | event_id=b0ffb17f-cbd5-4aad-b837-436e2a0b91d7
2026-07-17 17:02:50,959 | INFO | booking-consumer | Event collected | batch=3/10 | partition=1 | offset=1836 | event_id=a50c4dc6-20cd-45b8-b2ac-c1573bc1a41b
2026-07-17 17:02:50,961 | INFO | booking-consumer | Event collected | batch=4/10 | partition=1 | offset=1837 | event_id=dae4c8d9-efe4-4aff-abad-64fb5aae6771
2026-07-17 17:02:50,964 | INFO | booking-consumer | Event collected | batch=5/10 | partition=1 | offset=1838 | event_id=0f616e6e-6f24-49cd-ab54-16f66b14b91b
2026-07-17 17:02:50,965 | INFO | booking-consumer | Event collected | batch=6/10 | partition=1 | offset=1839 | event_id=a91ebcc9-4352-4e62-a8f0-5b2a1d717219
2026-07-17 17:02:50,966 | INFO | booking-consumer | Event collected | batch=7/10 | partition=1 | offset=1840 | event_id=d7e20603-ab98-46bc-b596-0454601963b4
2026-07-17 17:02:50,967 | INFO | booking-consumer | Event collected | batch=8/10 | partition=1 | offset=1841 | event_id=e3c0f042-b32b-41ca-a660-ba7caf566f06
2026-07-17 17:02:50,969 | INFO | booking-consumer | Event collected | batch=9/10 | partition=1 | offset=1842 | event_id=8947a3b9-0fe4-4c47-b1e8-182a811d686e
2026-07-17 17:02:50,971 | INFO | booking-consumer | Event collected | batch=10/10 | partition=1 | offset=1843 | event_id=08349d92-bfcc-41a2-ab87-d72c1ce5382d
2026-07-17 17:02:50,990 | INFO | booking-consumer | Batch written and offsets committed | records=10 | offsets={1: 1844}
2026-07-17 17:02:50,992 | INFO | booking-consumer | Event collected | batch=1/10 | partition=1 | offset=1844 | event_id=dd455567-31d6-4bf6-9d02-6e75b29ab457
2026-07-17 17:02:50,994 | INFO | booking-consumer | Event collected | batch=2/10 | partition=1 | offset=1845 | event_id=6610e138-e888-4d58-b068-850eea6a97c6
2026-07-17 17:02:50,995 | INFO | booking-consumer | Event collected | batch=3/10 | partition=1 | offset=1846 | event_id=3680b2fe-3a7b-4828-aa53-ad7717e9042e
2026-07-17 17:02:50,996 | INFO | booking-consumer | Event collected | batch=4/10 | partition=1 | offset=1847 | event_id=10d7f0dd-5a9c-48e0-b775-d8638141d755
2026-07-17 17:02:50,997 | INFO | booking-consumer | Event collected | batch=5/10 | partition=1 | offset=1848 | event_id=4953679b-73be-4579-ba95-b74565ed64f6
2026-07-17 17:02:50,999 | INFO | booking-consumer | Event collected | batch=6/10 | partition=1 | offset=1849 | event_id=24031ac3-2210-4ef8-997f-968dc751b5b4
2026-07-17 17:02:51,000 | INFO | booking-consumer | Event collected | batch=7/10 | partition=1 | offset=1850 | event_id=db19ac24-4696-4509-839b-a8749ddf145b
2026-07-17 17:02:51,002 | INFO | booking-consumer | Event collected | batch=8/10 | partition=1 | offset=1851 | event_id=8f19a5b8-ebf0-4a8f-b238-b7a5c80b678d
2026-07-17 17:02:51,003 | INFO | booking-consumer | Event collected | batch=9/10 | partition=1 | offset=1852 | event_id=9bd673cb-30c6-4edb-99a7-33c16e493f8f
2026-07-17 17:02:51,005 | INFO | booking-consumer | Event collected | batch=10/10 | partition=1 | offset=1853 | event_id=f29f360f-fecc-45e3-8628-705f2335f801
2026-07-17 17:02:51,023 | INFO | booking-consumer | Batch written and offsets committed | records=10 | offsets={1: 1854}
2026-07-17 17:02:51,027 | INFO | booking-consumer | Event collected | batch=1/10 | partition=1 | offset=1854 | event_id=ef065f91-20a0-4763-b1c3-19c238534d1a
2026-07-17 17:02:51,029 | INFO | booking-consumer | Event collected | batch=2/10 | partition=1 | offset=1855 | event_id=22a3560c-b08d-4e8d-8cdf-6ef649d5ea27
2026-07-17 17:02:51,032 | INFO | booking-consumer | Event collected | batch=3/10 | partition=1 | offset=1856 | event_id=b801d86e-33a7-43ac-954e-241fea742bf7
2026-07-17 17:02:51,033 | INFO | booking-consumer | Event collected | batch=4/10 | partition=1 | offset=1857 | event_id=a94ce4b0-f063-485b-9b32-a508fc9f6f63
2026-07-17 17:02:51,035 | INFO | booking-consumer | Event collected | batch=5/10 | partition=1 | offset=1858 | event_id=054c8360-202a-460c-b7f9-d8f19b0fb570
2026-07-17 17:02:51,036 | INFO | booking-consumer | Event collected | batch=6/10 | partition=1 | offset=1859 | event_id=3e6806de-9f77-43af-8a66-b18c30207ff5
2026-07-17 17:02:51,039 | INFO | booking-consumer | Event collected | batch=7/10 | partition=1 | offset=1860 | event_id=5a833183-8c2b-4b03-b821-2587473b72bf
2026-07-17 17:02:51,041 | INFO | booking-consumer | Event collected | batch=8/10 | partition=1 | offset=1861 | event_id=90fd3a96-fc0e-488e-bf1d-d8b3ffccaf2b
2026-07-17 17:02:51,043 | INFO | booking-consumer | Event collected | batch=9/10 | partition=1 | offset=1862 | event_id=b579a258-d236-488b-a6df-2e649ccb7f0e
2026-07-17 17:02:51,044 | INFO | booking-consumer | Event collected | batch=10/10 | partition=1 | offset=1863 | event_id=6907b8fe-93af-4422-b22a-777afd1da2a2
2026-07-17 17:02:51,063 | INFO | booking-consumer | Batch written and offsets committed | records=10 | offsets={1: 1864}
2026-07-17 17:02:51,064 | INFO | booking-consumer | Event collected | batch=1/10 | partition=1 | offset=1864 | event_id=ed4a635b-bef7-4ff9-af83-2f85b7c6aaaa
2026-07-17 17:02:51,066 | INFO | booking-consumer | Event collected | batch=2/10 | partition=1 | offset=1865 | event_id=03611a33-37ab-4c42-8483-6b1a63da2d4c
2026-07-17 17:02:51,067 | INFO | booking-consumer | Event collected | batch=3/10 | partition=1 | offset=1866 | event_id=400de6c9-f867-4d73-8ce4-807faa5b8377
2026-07-17 17:02:51,068 | INFO | booking-consumer | Event collected | batch=4/10 | partition=1 | offset=1867 | event_id=55954aa5-169a-43f7-a8f7-9c306e8c5c8f
2026-07-17 17:02:51,070 | INFO | booking-consumer | Event collected | batch=5/10 | partition=1 | offset=1868 | event_id=3c80b08f-21bd-48b7-8bb6-dc79a1926c2e
2026-07-17 17:02:51,071 | INFO | booking-consumer | Event collected | batch=6/10 | partition=1 | offset=1869 | event_id=806ebd70-2933-45e8-bbf0-929310408946
2026-07-17 17:02:51,073 | INFO | booking-consumer | Event collected | batch=7/10 | partition=1 | offset=1870 | event_id=55ae1a20-c6f6-4395-bcdc-109a1f6a406d
2026-07-17 17:02:51,075 | INFO | booking-consumer | Event collected | batch=8/10 | partition=1 | offset=1871 | event_id=e44fbd01-1575-42b9-a47a-1686fb119115
2026-07-17 17:02:51,079 | INFO | booking-consumer | Event collected | batch=9/10 | partition=1 | offset=1872 | event_id=5a02d5c3-3348-49ac-bfd5-935b23395d41
2026-07-17 17:02:51,083 | INFO | booking-consumer | Event collected | batch=10/10 | partition=1 | offset=1873 | event_id=efffaf1c-f720-475a-aeed-c4398a4cbf0c
2026-07-17 17:02:51,101 | INFO | booking-consumer | Batch written and offsets committed | records=10 | offsets={1: 1874}
2026-07-17 17:02:51,103 | INFO | booking-consumer | Event collected | batch=1/10 | partition=1 | offset=1874 | event_id=8bb4e79b-d1e6-46a8-8462-c305d354c366
2026-07-17 17:02:51,104 | INFO | booking-consumer | Event collected | batch=2/10 | partition=1 | offset=1875 | event_id=68e4306a-fab4-4672-96ae-004dc1ef697a
2026-07-17 17:02:51,105 | INFO | booking-consumer | Event collected | batch=3/10 | partition=1 | offset=1876 | event_id=84a71d0a-66db-41e5-b228-11c1e3e66a52
2026-07-17 17:02:51,105 | INFO | booking-consumer | Event collected | batch=4/10 | partition=1 | offset=1877 | event_id=3d21b41f-9145-4fbf-87db-17dc695e76cd
2026-07-17 17:02:51,107 | INFO | booking-consumer | Event collected | batch=5/10 | partition=1 | offset=1878 | event_id=6696f9af-638d-42f2-998c-31f33ad7bcf7
2026-07-17 17:02:51,107 | INFO | booking-consumer | Event collected | batch=6/10 | partition=1 | offset=1879 | event_id=21064e52-8784-40b3-b7cc-dc8a110578a3
2026-07-17 17:02:51,108 | INFO | booking-consumer | Event collected | batch=7/10 | partition=1 | offset=1880 | event_id=f636aed8-2c8b-4ef5-ba50-6082d5bfb449
2026-07-17 17:02:51,109 | INFO | booking-consumer | Event collected | batch=8/10 | partition=1 | offset=1881 | event_id=5c8b6467-36f2-40e9-81ce-785104ac2ccd
2026-07-17 17:02:51,110 | INFO | booking-consumer | Event collected | batch=9/10 | partition=1 | offset=1882 | event_id=0b36e873-045a-43eb-8a86-63b73c193abc
2026-07-17 17:02:51,111 | INFO | booking-consumer | Event collected | batch=10/10 | partition=1 | offset=1883 | event_id=a1bc95fb-491c-4e20-8bee-963baac8e3a3
2026-07-17 17:02:51,121 | INFO | booking-consumer | Batch written and offsets committed | records=10 | offsets={1: 1884}
2026-07-17 17:02:51,123 | INFO | booking-consumer | Event collected | batch=1/10 | partition=1 | offset=1884 | event_id=4b5acd62-7f49-4e2b-a21e-8fb7a2c07f56
2026-07-17 17:02:51,123 | INFO | booking-consumer | Event collected | batch=2/10 | partition=1 | offset=1885 | event_id=63c2d63c-15c5-4f2d-b65d-977531ef76ce
2026-07-17 17:02:51,124 | INFO | booking-consumer | Event collected | batch=3/10 | partition=1 | offset=1886 | event_id=e0a6a796-ef68-4a70-ab43-cbb55f5f841a
2026-07-17 17:02:51,125 | INFO | booking-consumer | Event collected | batch=4/10 | partition=1 | offset=1887 | event_id=703a2e79-35f7-4a9a-b674-49d16295ad14
2026-07-17 17:02:51,126 | INFO | booking-consumer | Event collected | batch=5/10 | partition=1 | offset=1888 | event_id=a6f3eb3d-a873-4d05-82fb-033a73119b56
2026-07-17 17:02:51,127 | INFO | booking-consumer | Event collected | batch=6/10 | partition=1 | offset=1889 | event_id=b84b92dc-ce87-4b74-90aa-6d7b73eeb3eb
2026-07-17 17:02:51,127 | INFO | booking-consumer | Event collected | batch=7/10 | partition=1 | offset=1890 | event_id=ddb80016-4eb3-4376-8226-40e669c501c8
2026-07-17 17:02:51,128 | INFO | booking-consumer | Event collected | batch=8/10 | partition=1 | offset=1891 | event_id=201f8463-b569-4ef7-83bd-e2106a1baa1f
2026-07-17 17:02:51,129 | INFO | booking-consumer | Event collected | batch=9/10 | partition=1 | offset=1892 | event_id=5cdef637-8ed6-4d3f-861d-e830a4334712
2026-07-17 17:02:51,130 | INFO | booking-consumer | Event collected | batch=10/10 | partition=1 | offset=1893 | event_id=294936c8-5355-40a7-bcf4-bb5d59b1fb11
2026-07-17 17:02:51,136 | INFO | booking-consumer | Batch written and offsets committed | records=10 | offsets={1: 1894}
2026-07-17 17:02:51,137 | INFO | booking-consumer | Event collected | batch=1/10 | partition=1 | offset=1894 | event_id=f0d7f000-c120-4705-8aa3-867094de4a94
2026-07-17 17:02:51,137 | INFO | booking-consumer | Event collected | batch=2/10 | partition=1 | offset=1895 | event_id=22cc62b3-fb10-4878-9329-7cae17b70542
2026-07-17 17:02:51,138 | INFO | booking-consumer | Event collected | batch=3/10 | partition=1 | offset=1896 | event_id=158ae888-5226-4952-94df-9dd37f1ce516
2026-07-17 17:02:51,139 | INFO | booking-consumer | Event collected | batch=4/10 | partition=1 | offset=1897 | event_id=f7bcc29d-80dd-4bf4-bf10-dd9b7df362d5
2026-07-17 17:02:51,139 | INFO | booking-consumer | Event collected | batch=5/10 | partition=1 | offset=1898 | event_id=6a8da609-26bd-4284-912b-22297751b770
2026-07-17 17:02:51,140 | INFO | booking-consumer | Event collected | batch=6/10 | partition=1 | offset=1899 | event_id=fd5998ab-cd51-44ec-a91b-8462819ec04f
2026-07-17 17:02:51,141 | INFO | booking-consumer | Event collected | batch=7/10 | partition=1 | offset=1900 | event_id=8623b884-6eba-4a1d-a48b-0f10d9fb76fd
2026-07-17 17:02:51,141 | INFO | booking-consumer | Event collected | batch=8/10 | partition=1 | offset=1901 | event_id=39b4abf5-d015-4b9d-aa66-cfd955a400d0
2026-07-17 17:02:51,142 | INFO | booking-consumer | Event collected | batch=9/10 | partition=1 | offset=1902 | event_id=79f2a1d5-bf18-46b4-af0b-21f755f4aa6f
2026-07-17 17:02:51,142 | INFO | booking-consumer | Event collected | batch=10/10 | partition=1 | offset=1903 | event_id=0254bf31-2772-4345-8d87-3f65c7c23449
2026-07-17 17:02:51,149 | INFO | booking-consumer | Batch written and offsets committed | records=10 | offsets={1: 1904}
2026-07-17 17:02:51,150 | INFO | booking-consumer | Event collected | batch=1/10 | partition=1 | offset=1904 | event_id=b4e506a5-fbd8-45c3-917c-dcd117f9923a
2026-07-17 17:02:51,150 | INFO | booking-consumer | Event collected | batch=2/10 | partition=1 | offset=1905 | event_id=63cb1d0a-4d0b-4898-9504-3aef23569bde
2026-07-17 17:02:51,150 | INFO | booking-consumer | Event collected | batch=3/10 | partition=1 | offset=1906 | event_id=afbcf0a8-0a41-4928-8d46-3c6613921b96
2026-07-17 17:02:51,151 | INFO | booking-consumer | Event collected | batch=4/10 | partition=1 | offset=1907 | event_id=2ac38c5a-0748-4a8c-9e5a-6c1ab2da8d6c
2026-07-17 17:02:51,151 | INFO | booking-consumer | Event collected | batch=5/10 | partition=1 | offset=1908 | event_id=b39f371e-fa90-4c57-8b01-cfd3aa6b3949
2026-07-17 17:02:51,152 | INFO | booking-consumer | Event collected | batch=6/10 | partition=1 | offset=1909 | event_id=3f0d97d0-f8ce-4fb8-9065-2f508653f4cc
2026-07-17 17:02:51,152 | INFO | booking-consumer | Event collected | batch=7/10 | partition=1 | offset=1910 | event_id=cf2a0161-137b-421a-9ff9-7d7287af5c46
2026-07-17 17:02:51,152 | INFO | booking-consumer | Event collected | batch=8/10 | partition=1 | offset=1911 | event_id=c5c242a1-8427-4776-b834-228d88f8818f
2026-07-17 17:02:51,153 | INFO | booking-consumer | Event collected | batch=9/10 | partition=1 | offset=1912 | event_id=888cf72f-01d2-4734-bad8-f7a6b0fed725
2026-07-17 17:02:51,153 | INFO | booking-consumer | Event collected | batch=10/10 | partition=1 | offset=1913 | event_id=873c76b5-a936-4a22-829e-6d76a65c2bea
2026-07-17 17:02:51,160 | INFO | booking-consumer | Batch written and offsets committed | records=10 | offsets={1: 1914}
2026-07-17 17:02:51,160 | INFO | booking-consumer | Event collected | batch=1/10 | partition=1 | offset=1914 | event_id=5c32fae5-e50e-445a-a8a9-2dadb9fafed6
2026-07-17 17:02:51,161 | INFO | booking-consumer | Event collected | batch=2/10 | partition=1 | offset=1915 | event_id=36a85c71-e402-43f3-9265-44d8bdfc8b5c
2026-07-17 17:02:51,162 | INFO | booking-consumer | Event collected | batch=3/10 | partition=1 | offset=1916 | event_id=3a4ca86e-29b7-4ef4-9ef2-6ecc74c95e1c
2026-07-17 17:02:51,162 | INFO | booking-consumer | Event collected | batch=4/10 | partition=1 | offset=1917 | event_id=b1859bd8-6aad-4312-bf7d-e00b0b3d3619
2026-07-17 17:02:51,163 | INFO | booking-consumer | Event collected | batch=5/10 | partition=1 | offset=1918 | event_id=46d9cd15-888c-48b7-8156-dcd896caf0a6
2026-07-17 17:02:51,163 | INFO | booking-consumer | Event collected | batch=6/10 | partition=1 | offset=1919 | event_id=4e471df0-f34e-44f0-aa3e-81444ecb0222
2026-07-17 17:02:51,163 | INFO | booking-consumer | Event collected | batch=7/10 | partition=1 | offset=1920 | event_id=7be0a3f5-0892-49fb-830d-129c6db6faca
2026-07-17 17:02:51,164 | INFO | booking-consumer | Event collected | batch=8/10 | partition=1 | offset=1921 | event_id=53353b81-610a-43f6-adc7-b7e424c930da
2026-07-17 17:02:51,164 | INFO | booking-consumer | Event collected | batch=9/10 | partition=1 | offset=1922 | event_id=3c600adb-6f06-4cdf-bc46-3345a328d3b2
2026-07-17 17:02:51,165 | INFO | booking-consumer | Event collected | batch=10/10 | partition=1 | offset=1923 | event_id=e08fbe37-0cb5-45dc-8ddc-90dbd53d01a8
2026-07-17 17:02:51,170 | INFO | booking-consumer | Batch written and offsets committed | records=10 | offsets={1: 1924}
2026-07-17 17:02:51,172 | INFO | booking-consumer | Event collected | batch=1/10 | partition=1 | offset=1924 | event_id=598230b4-4920-4f68-a218-9c6568815097
2026-07-17 17:02:51,172 | INFO | booking-consumer | Event collected | batch=2/10 | partition=1 | offset=1925 | event_id=7abb2388-3ddf-45cd-b694-66f2d8874b4d
2026-07-17 17:02:51,173 | INFO | booking-consumer | Event collected | batch=3/10 | partition=1 | offset=1926 | event_id=42b39c42-864c-4542-a9ec-985b2f48bd0b
2026-07-17 17:02:51,174 | INFO | booking-consumer | Event collected | batch=4/10 | partition=1 | offset=1927 | event_id=a7253924-e6bc-483a-bb65-d6a24189d9a9
2026-07-17 17:02:51,174 | INFO | booking-consumer | Event collected | batch=5/10 | partition=1 | offset=1928 | event_id=921e3cb2-fc70-4e25-b173-44a7c9cf7c87
2026-07-17 17:02:51,175 | INFO | booking-consumer | Event collected | batch=6/10 | partition=1 | offset=1929 | event_id=13bb7317-8c2e-4f6a-a9d6-1f9a8f1f4d78
2026-07-17 17:02:51,175 | INFO | booking-consumer | Event collected | batch=7/10 | partition=1 | offset=1930 | event_id=5a1f4174-c5b4-44ce-8f36-ba2fe57961fb
2026-07-17 17:02:51,176 | INFO | booking-consumer | Event collected | batch=8/10 | partition=1 | offset=1931 | event_id=a9ce5996-5be5-4ee1-95b2-a33c5b586a7e
2026-07-17 17:02:51,177 | INFO | booking-consumer | Event collected | batch=9/10 | partition=1 | offset=1932 | event_id=acea8693-4bf6-4108-863f-d445d2247ff0
2026-07-17 17:02:51,177 | INFO | booking-consumer | Event collected | batch=10/10 | partition=1 | offset=1933 | event_id=9b41e6be-7989-47de-98b1-396c8c904a25
2026-07-17 17:02:51,184 | INFO | booking-consumer | Batch written and offsets committed | records=10 | offsets={1: 1934}
2026-07-17 17:02:51,185 | INFO | booking-consumer | Event collected | batch=1/10 | partition=1 | offset=1934 | event_id=45e5d53e-bc9e-4580-af19-2fedc4e7220e
2026-07-17 17:02:51,186 | INFO | booking-consumer | Event collected | batch=2/10 | partition=1 | offset=1935 | event_id=7ea6e443-5b15-43aa-bf80-0111c43f3606
2026-07-17 17:02:51,187 | INFO | booking-consumer | Event collected | batch=3/10 | partition=1 | offset=1936 | event_id=6a21c28d-e564-4347-a62c-c276532affbf
2026-07-17 17:02:51,187 | INFO | booking-consumer | Event collected | batch=4/10 | partition=1 | offset=1937 | event_id=57343cce-dfbc-4c92-bca9-bffc155c7c2e
2026-07-17 17:02:51,187 | INFO | booking-consumer | Event collected | batch=5/10 | partition=1 | offset=1938 | event_id=7298b73b-1835-4570-951a-138ce93d71d3
2026-07-17 17:02:51,188 | INFO | booking-consumer | Event collected | batch=6/10 | partition=1 | offset=1939 | event_id=6c958ecd-df63-4892-89c6-0f1f8e099e48
2026-07-17 17:02:51,188 | INFO | booking-consumer | Event collected | batch=7/10 | partition=1 | offset=1940 | event_id=c7497cbb-ecb0-4af9-88b0-5cd23fcad659
2026-07-17 17:02:51,190 | INFO | booking-consumer | Event collected | batch=8/10 | partition=1 | offset=1941 | event_id=0db0108d-6820-4d8b-9152-d17664848a1e
2026-07-17 17:02:51,190 | INFO | booking-consumer | Event collected | batch=9/10 | partition=1 | offset=1942 | event_id=4028fe8b-c87b-41cd-b9ba-d4dd24d45b2c
2026-07-17 17:02:51,191 | INFO | booking-consumer | Event collected | batch=10/10 | partition=1 | offset=1943 | event_id=03418255-93e8-4e8c-88c4-8e67d3f38509
2026-07-17 17:02:51,199 | INFO | booking-consumer | Batch written and offsets committed | records=10 | offsets={1: 1944}
2026-07-17 17:02:51,200 | INFO | booking-consumer | Event collected | batch=1/10 | partition=1 | offset=1944 | event_id=6b019ec0-0bbd-4d1b-8175-6b8d01bdfd16
2026-07-17 17:02:51,200 | INFO | booking-consumer | Event collected | batch=2/10 | partition=1 | offset=1945 | event_id=c2616efd-4a1e-4caa-981d-b0f0c68b0b20
2026-07-17 17:02:51,201 | INFO | booking-consumer | Event collected | batch=3/10 | partition=1 | offset=1946 | event_id=c1f83908-cc4b-4103-8ce2-52405c1cb50d
2026-07-17 17:02:51,202 | INFO | booking-consumer | Event collected | batch=4/10 | partition=1 | offset=1947 | event_id=0ac8a6d5-ce86-4926-a6fa-f7bdbbf1caae
2026-07-17 17:02:51,202 | INFO | booking-consumer | Event collected | batch=5/10 | partition=1 | offset=1948 | event_id=98c294ca-7770-4332-be92-cbb6bbea57eb
2026-07-17 17:02:51,202 | INFO | booking-consumer | Event collected | batch=6/10 | partition=1 | offset=1949 | event_id=271f54ec-19ef-47f6-98b8-fcc6d8c10ebf
2026-07-17 17:02:51,203 | INFO | booking-consumer | Event collected | batch=7/10 | partition=1 | offset=1950 | event_id=a11049bc-44d0-4a1e-a9d5-2f2253f5a520
2026-07-17 17:02:51,203 | INFO | booking-consumer | Event collected | batch=8/10 | partition=1 | offset=1951 | event_id=b4524052-5adf-489c-aa25-1c5f25441adb
2026-07-17 17:02:51,203 | INFO | booking-consumer | Event collected | batch=9/10 | partition=1 | offset=1952 | event_id=8b79b8c5-4797-4c19-84e1-42880b6b52a0
2026-07-17 17:02:51,204 | INFO | booking-consumer | Event collected | batch=10/10 | partition=1 | offset=1953 | event_id=2f128dfc-bf51-4172-a731-3e15b54cf08c
2026-07-17 17:02:51,211 | INFO | booking-consumer | Batch written and offsets committed | records=10 | offsets={1: 1954}
2026-07-17 17:02:51,212 | INFO | booking-consumer | Event collected | batch=1/10 | partition=1 | offset=1954 | event_id=a8b6c753-2420-419f-9ef4-d4f7d74c2502
2026-07-17 17:02:51,212 | INFO | booking-consumer | Event collected | batch=2/10 | partition=1 | offset=1955 | event_id=a622823f-b251-40be-b4d7-6a59761eb06e
2026-07-17 17:02:51,213 | INFO | booking-consumer | Event collected | batch=3/10 | partition=1 | offset=1956 | event_id=eaec4979-1949-4ac0-9daf-4373f8d662bf
2026-07-17 17:02:51,213 | INFO | booking-consumer | Event collected | batch=4/10 | partition=1 | offset=1957 | event_id=c656c299-975e-4635-9ece-2179c3e42021
2026-07-17 17:02:51,214 | INFO | booking-consumer | Event collected | batch=5/10 | partition=1 | offset=1958 | event_id=f853febb-2bfc-4052-89ae-7fc3fda019d3
2026-07-17 17:02:51,214 | INFO | booking-consumer | Event collected | batch=6/10 | partition=1 | offset=1959 | event_id=67f4a61b-9a6f-4ed1-9a10-6b5c07ab6da1
2026-07-17 17:02:51,214 | INFO | booking-consumer | Event collected | batch=7/10 | partition=1 | offset=1960 | event_id=a4923c72-b506-44d5-a5c9-46875a870d4f
2026-07-17 17:02:51,214 | INFO | booking-consumer | Event collected | batch=8/10 | partition=1 | offset=1961 | event_id=498996ba-8c6b-4d13-b870-b0cdd2b27566
2026-07-17 17:02:51,215 | INFO | booking-consumer | Event collected | batch=9/10 | partition=1 | offset=1962 | event_id=3bea7722-ad87-478a-8cca-f8bc6ef1c022
2026-07-17 17:02:51,215 | INFO | booking-consumer | Event collected | batch=10/10 | partition=1 | offset=1963 | event_id=17b5a32a-d47f-4bf6-b2d4-ebd14338e668
2026-07-17 17:02:51,221 | INFO | booking-consumer | Batch written and offsets committed | records=10 | offsets={1: 1964}
2026-07-17 17:02:51,222 | INFO | booking-consumer | Event collected | batch=1/10 | partition=1 | offset=1964 | event_id=78e9df24-b0e3-4112-a9fc-ed942fc56f5c
2026-07-17 17:02:51,222 | INFO | booking-consumer | Event collected | batch=2/10 | partition=1 | offset=1965 | event_id=0bc92098-76a9-4255-85ed-67985cd08a18
2026-07-17 17:02:51,223 | INFO | booking-consumer | Event collected | batch=3/10 | partition=1 | offset=1966 | event_id=64068f8a-5b61-4e23-a222-a6f7eaa39a45
2026-07-17 17:02:51,224 | INFO | booking-consumer | Event collected | batch=4/10 | partition=1 | offset=1967 | event_id=a5efc9f1-f8f6-45e7-ae3d-acc07c7ff418
2026-07-17 17:02:51,224 | INFO | booking-consumer | Event collected | batch=5/10 | partition=1 | offset=1968 | event_id=bb7c838a-9abf-4cf6-b4b1-98620ddd420d
2026-07-17 17:02:51,226 | INFO | booking-consumer | Event collected | batch=6/10 | partition=1 | offset=1969 | event_id=02ed3e4a-b1c4-4c98-9702-b5282d397c44
2026-07-17 17:02:51,226 | INFO | booking-consumer | Event collected | batch=7/10 | partition=1 | offset=1970 | event_id=9d8c6c95-2261-46b2-9bb5-540ede0b766c
2026-07-17 17:02:51,228 | INFO | booking-consumer | Event collected | batch=8/10 | partition=1 | offset=1971 | event_id=16ee2db6-264a-4208-9943-76fcc658475b
2026-07-17 17:02:51,228 | INFO | booking-consumer | Event collected | batch=9/10 | partition=1 | offset=1972 | event_id=79feadc8-217d-4041-9970-2786dec0bb68
2026-07-17 17:02:51,229 | INFO | booking-consumer | Event collected | batch=10/10 | partition=1 | offset=1973 | event_id=5405d859-3704-44b3-93c7-8736d5674c59
2026-07-17 17:02:51,235 | INFO | booking-consumer | Batch written and offsets committed | records=10 | offsets={1: 1974}
2026-07-17 17:02:51,236 | INFO | booking-consumer | Event collected | batch=1/10 | partition=1 | offset=1974 | event_id=61c94b7e-2257-43ee-95f8-d8acfa2b1118
2026-07-17 17:02:51,236 | INFO | booking-consumer | Event collected | batch=2/10 | partition=1 | offset=1975 | event_id=9d58a47f-d718-4d1b-82bc-cab97b0884b6
2026-07-17 17:02:51,237 | INFO | booking-consumer | Event collected | batch=3/10 | partition=1 | offset=1976 | event_id=c8e62e10-6307-42e7-b7f0-77dd978b27a8
2026-07-17 17:02:51,237 | INFO | booking-consumer | Event collected | batch=4/10 | partition=1 | offset=1977 | event_id=cf128dba-f1f3-43a1-87ad-604393f293a6
2026-07-17 17:02:51,238 | INFO | booking-consumer | Event collected | batch=5/10 | partition=1 | offset=1978 | event_id=8dfa32be-4048-44ba-abde-a242b69ffea1
2026-07-17 17:02:51,238 | INFO | booking-consumer | Event collected | batch=6/10 | partition=1 | offset=1979 | event_id=54ee20f0-1840-4cce-8cfc-568b1a49c9ba
2026-07-17 17:02:51,239 | INFO | booking-consumer | Event collected | batch=7/10 | partition=1 | offset=1980 | event_id=1fa210ea-443c-4777-b202-07fc1ade3635
2026-07-17 17:02:51,239 | INFO | booking-consumer | Event collected | batch=8/10 | partition=1 | offset=1981 | event_id=c7144fe8-919e-4188-b09b-faa93e29919f
2026-07-17 17:02:51,240 | INFO | booking-consumer | Event collected | batch=9/10 | partition=1 | offset=1982 | event_id=aaa29dd9-e42e-43c4-ba62-ce9a0e1a7de2
2026-07-17 17:02:51,241 | INFO | booking-consumer | Event collected | batch=10/10 | partition=1 | offset=1983 | event_id=727f60bb-9c9b-4fee-b29a-60f877e56d53
2026-07-17 17:02:51,248 | INFO | booking-consumer | Batch written and offsets committed | records=10 | offsets={1: 1984}
2026-07-17 17:02:51,249 | INFO | booking-consumer | Event collected | batch=1/10 | partition=1 | offset=1984 | event_id=55b38340-2f12-4d52-b03a-58411e286547
2026-07-17 17:02:51,249 | INFO | booking-consumer | Event collected | batch=2/10 | partition=1 | offset=1985 | event_id=839fb45d-98e1-480f-b412-aa1a09142bc2
2026-07-17 17:02:51,249 | INFO | booking-consumer | Event collected | batch=3/10 | partition=1 | offset=1986 | event_id=0121873f-f7cc-49e5-9d83-1ee68d59b312
2026-07-17 17:02:51,250 | INFO | booking-consumer | Event collected | batch=4/10 | partition=1 | offset=1987 | event_id=a613b96a-951d-4bc9-9812-a7b6b17de4d4
2026-07-17 17:02:51,250 | INFO | booking-consumer | Event collected | batch=5/10 | partition=1 | offset=1988 | event_id=6d3095f9-b323-4572-a220-68bd524816dd
2026-07-17 17:02:51,251 | INFO | booking-consumer | Event collected | batch=6/10 | partition=1 | offset=1989 | event_id=0d372577-dbff-42c1-819d-56ba14d8b7df
2026-07-17 17:02:51,252 | INFO | booking-consumer | Event collected | batch=7/10 | partition=1 | offset=1990 | event_id=930c9334-f219-4116-911d-896d22ec98dd
2026-07-17 17:02:51,252 | INFO | booking-consumer | Event collected | batch=8/10 | partition=1 | offset=1991 | event_id=80eee9cc-5d72-4079-bcdf-c0d29daf65fd
2026-07-17 17:02:51,252 | INFO | booking-consumer | Event collected | batch=9/10 | partition=1 | offset=1992 | event_id=d1c35cc1-8cc6-4a58-8d09-24ddf702eb0c
2026-07-17 17:02:51,253 | INFO | booking-consumer | Event collected | batch=10/10 | partition=1 | offset=1993 | event_id=f3c47a2a-f63e-4c3d-beee-35dad3e3e99c
2026-07-17 17:02:51,260 | INFO | booking-consumer | Batch written and offsets committed | records=10 | offsets={1: 1994}
2026-07-17 17:02:51,261 | INFO | booking-consumer | Event collected | batch=1/10 | partition=1 | offset=1994 | event_id=16be0e49-c84e-4c47-9e5e-a787b56ad023
2026-07-17 17:02:51,262 | INFO | booking-consumer | Event collected | batch=2/10 | partition=1 | offset=1995 | event_id=f530dbf5-ece9-491d-bf9c-a6fc7a79598f
2026-07-17 17:02:51,262 | INFO | booking-consumer | Event collected | batch=3/10 | partition=1 | offset=1996 | event_id=1271df4a-594c-47ea-b446-e05a92f23b2e
2026-07-17 17:02:51,263 | INFO | booking-consumer | Event collected | batch=4/10 | partition=1 | offset=1997 | event_id=0cdd0412-859b-4d37-9416-7199494ab97b
2026-07-17 17:02:51,263 | INFO | booking-consumer | Event collected | batch=5/10 | partition=1 | offset=1998 | event_id=c74c6bf8-4dc4-430d-99c3-07ce6c80ba6a
2026-07-17 17:02:51,263 | INFO | booking-consumer | Event collected | batch=6/10 | partition=1 | offset=1999 | event_id=930d8252-3b37-4da3-9217-ab630beea724
2026-07-17 17:02:51,264 | INFO | booking-consumer | Event collected | batch=7/10 | partition=1 | offset=2000 | event_id=77b89866-bb41-44ed-8866-696ed97518c4
2026-07-17 17:02:51,264 | INFO | booking-consumer | Event collected | batch=8/10 | partition=1 | offset=2001 | event_id=5d2094a4-2a65-4b8b-a437-eaf053a8d5e0
2026-07-17 17:02:51,265 | INFO | booking-consumer | Event collected | batch=9/10 | partition=1 | offset=2002 | event_id=69cfdf88-f7f5-4e36-b1ff-b0f1e51aec1a
2026-07-17 17:02:51,265 | INFO | booking-consumer | Event collected | batch=10/10 | partition=1 | offset=2003 | event_id=7f5fb0a4-593f-4632-b0e3-d67e4a734b33
2026-07-17 17:02:51,272 | INFO | booking-consumer | Batch written and offsets committed | records=10 | offsets={1: 2004}
2026-07-17 17:02:51,273 | INFO | booking-consumer | Event collected | batch=1/10 | partition=1 | offset=2004 | event_id=658986d2-ef3b-473a-b936-3a2bf57d90ba
2026-07-17 17:02:51,274 | INFO | booking-consumer | Event collected | batch=2/10 | partition=1 | offset=2005 | event_id=04038467-b06a-4f0d-8f02-c75b87a77ff4
2026-07-17 17:02:51,274 | INFO | booking-consumer | Event collected | batch=3/10 | partition=1 | offset=2006 | event_id=6f285546-e7f6-4666-8f17-65218dfca5f2
2026-07-17 17:02:51,275 | INFO | booking-consumer | Event collected | batch=4/10 | partition=1 | offset=2007 | event_id=7dd71575-8cc7-4503-b980-7351da758724
2026-07-17 17:02:51,275 | INFO | booking-consumer | Event collected | batch=5/10 | partition=1 | offset=2008 | event_id=b349c5ce-d17e-434d-bac6-042829510cd3
2026-07-17 17:02:51,276 | INFO | booking-consumer | Event collected | batch=6/10 | partition=1 | offset=2009 | event_id=369696cf-6376-450a-bbdb-f8f79b814b16
2026-07-17 17:02:51,277 | INFO | booking-consumer | Event collected | batch=7/10 | partition=1 | offset=2010 | event_id=ccea0ba0-39c7-48be-bd02-02d8b44ec15c
2026-07-17 17:02:51,277 | INFO | booking-consumer | Event collected | batch=8/10 | partition=1 | offset=2011 | event_id=ecdbcef4-e4d7-4a9f-b5a2-fe318fcf50aa
2026-07-17 17:02:51,278 | INFO | booking-consumer | Event collected | batch=9/10 | partition=1 | offset=2012 | event_id=9c80e38f-cf23-4c3b-bf8e-929db6c44aa3
2026-07-17 17:02:51,278 | INFO | booking-consumer | Event collected | batch=10/10 | partition=1 | offset=2013 | event_id=aa8a7a38-c061-4eed-9eaf-90b05245fa66
2026-07-17 17:02:51,284 | INFO | booking-consumer | Batch written and offsets committed | records=10 | offsets={1: 2014}
2026-07-17 17:02:51,285 | INFO | booking-consumer | Event collected | batch=1/10 | partition=1 | offset=2014 | event_id=a2609775-2a1a-45f8-94ea-6fe1909af796
2026-07-17 17:02:51,285 | INFO | booking-consumer | Event collected | batch=2/10 | partition=1 | offset=2015 | event_id=c5e49513-b80b-4bf6-bcd8-3cc6e9076938
2026-07-17 17:02:51,286 | INFO | booking-consumer | Event collected | batch=3/10 | partition=1 | offset=2016 | event_id=b1f92b39-f60f-44ee-bbc9-a06578fba82e
2026-07-17 17:02:51,286 | INFO | booking-consumer | Event collected | batch=4/10 | partition=1 | offset=2017 | event_id=be311d95-56c8-4f66-888e-9df86f4950ec
2026-07-17 17:02:51,286 | INFO | booking-consumer | Event collected | batch=5/10 | partition=1 | offset=2018 | event_id=1084fb91-3c54-4e95-89a9-fefd00468f8e
2026-07-17 17:02:51,287 | INFO | booking-consumer | Event collected | batch=6/10 | partition=1 | offset=2019 | event_id=6c1897a5-2e91-4320-b697-9b984fd2e1d5
2026-07-17 17:02:51,287 | INFO | booking-consumer | Event collected | batch=7/10 | partition=1 | offset=2020 | event_id=78123ab5-9faf-4e82-9909-71769ddf7a72
2026-07-17 17:02:51,288 | INFO | booking-consumer | Event collected | batch=8/10 | partition=1 | offset=2021 | event_id=0fa616c1-c7db-4ade-9b17-b5b8c04ac691
2026-07-17 17:02:51,288 | INFO | booking-consumer | Event collected | batch=9/10 | partition=1 | offset=2022 | event_id=71b8552a-8ec7-4666-ac07-78d94a27d6fd
2026-07-17 17:02:51,289 | INFO | booking-consumer | Event collected | batch=10/10 | partition=1 | offset=2023 | event_id=8cba2d32-f5c6-4eb5-9c72-0fa1e1e65675
2026-07-17 17:02:51,297 | INFO | booking-consumer | Batch written and offsets committed | records=10 | offsets={1: 2024}
2026-07-17 17:02:51,297 | INFO | booking-consumer | Event collected | batch=1/10 | partition=1 | offset=2024 | event_id=19851b9a-7d2b-45b0-887a-61bbaa55749e
2026-07-17 17:02:51,298 | INFO | booking-consumer | Event collected | batch=2/10 | partition=1 | offset=2025 | event_id=d34613c7-3f44-400a-ad93-7adcc233ad74
2026-07-17 17:02:51,298 | INFO | booking-consumer | Event collected | batch=3/10 | partition=1 | offset=2026 | event_id=fe9c44c0-92c4-4026-86a4-8ba601aa83f8
2026-07-17 17:02:51,298 | INFO | booking-consumer | Event collected | batch=4/10 | partition=1 | offset=2027 | event_id=ad4231c8-a87d-46bf-a8e2-7200f43fea84
2026-07-17 17:02:51,299 | INFO | booking-consumer | Event collected | batch=5/10 | partition=1 | offset=2028 | event_id=f9ad4ff9-9059-4454-9906-9ec493597801
2026-07-17 17:02:51,299 | INFO | booking-consumer | Event collected | batch=6/10 | partition=1 | offset=2029 | event_id=5f39e2a0-da84-4d00-b0fb-2ded7532612a
2026-07-17 17:02:51,299 | INFO | booking-consumer | Event collected | batch=7/10 | partition=1 | offset=2030 | event_id=e3b567ff-057f-466e-8386-df4e401f7222
2026-07-17 17:02:51,299 | INFO | booking-consumer | Event collected | batch=8/10 | partition=1 | offset=2031 | event_id=4a9d0904-74b7-41a3-8a8f-51ed9836247c
2026-07-17 17:02:51,300 | INFO | booking-consumer | Event collected | batch=9/10 | partition=1 | offset=2032 | event_id=cd5ce6f2-6321-43fc-8c1f-32ddd3b483f9
2026-07-17 17:02:51,300 | INFO | booking-consumer | Event collected | batch=10/10 | partition=1 | offset=2033 | event_id=6d627c4c-c1dc-43d6-b085-3d85bd1cc02d
2026-07-17 17:02:51,307 | INFO | booking-consumer | Batch written and offsets committed | records=10 | offsets={1: 2034}
2026-07-17 17:02:51,307 | INFO | booking-consumer | Event collected | batch=1/10 | partition=1 | offset=2034 | event_id=e644109d-fe86-48ba-97e9-cb0f3655b279
2026-07-17 17:02:51,308 | INFO | booking-consumer | Event collected | batch=2/10 | partition=1 | offset=2035 | event_id=b91e2418-2569-4949-9f03-038ed1295198
2026-07-17 17:02:51,309 | INFO | booking-consumer | Event collected | batch=3/10 | partition=1 | offset=2036 | event_id=5504ed60-09b2-4553-abc0-343bdb10afb3
2026-07-17 17:02:51,309 | INFO | booking-consumer | Event collected | batch=4/10 | partition=1 | offset=2037 | event_id=14715176-bfa3-4c99-9b32-a288e348bf3c
2026-07-17 17:02:51,310 | INFO | booking-consumer | Event collected | batch=5/10 | partition=1 | offset=2038 | event_id=7af9a9b4-89af-49a6-9d88-85d17ae06d60
2026-07-17 17:02:51,311 | INFO | booking-consumer | Event collected | batch=6/10 | partition=1 | offset=2039 | event_id=d7cd77a8-3697-4578-9d1a-57d82ae7a130
2026-07-17 17:02:51,311 | INFO | booking-consumer | Event collected | batch=7/10 | partition=1 | offset=2040 | event_id=b0f7ebe4-8cad-4e0c-94b0-d419752b406c
2026-07-17 17:02:51,312 | INFO | booking-consumer | Event collected | batch=8/10 | partition=1 | offset=2041 | event_id=60390724-08a1-43a6-bc40-78a7a466f42f
2026-07-17 17:02:51,312 | INFO | booking-consumer | Event collected | batch=9/10 | partition=1 | offset=2042 | event_id=51070f1a-7ed3-4f8b-b12b-7ecc5043ff7c
2026-07-17 17:02:51,313 | INFO | booking-consumer | Event collected | batch=10/10 | partition=1 | offset=2043 | event_id=e0f8092b-c45b-4199-a58e-ab101e8a1e95
2026-07-17 17:02:51,320 | INFO | booking-consumer | Batch written and offsets committed | records=10 | offsets={1: 2044}
2026-07-17 17:02:51,320 | INFO | booking-consumer | Event collected | batch=1/10 | partition=1 | offset=2044 | event_id=fd4cf7d1-084b-41fa-bc6f-47a192bb31ab
2026-07-17 17:02:51,321 | INFO | booking-consumer | Event collected | batch=2/10 | partition=1 | offset=2045 | event_id=05e6be24-b624-4d72-bfb2-efbe82b9faa3
2026-07-17 17:02:51,321 | INFO | booking-consumer | Event collected | batch=3/10 | partition=1 | offset=2046 | event_id=b74e86d1-2b05-4d19-9e9f-4f40e9bbda72
2026-07-17 17:02:51,322 | INFO | booking-consumer | Event collected | batch=4/10 | partition=1 | offset=2047 | event_id=489d7830-5160-4d37-96b0-d6250e1bfb23
2026-07-17 17:02:51,323 | INFO | booking-consumer | Event collected | batch=5/10 | partition=1 | offset=2048 | event_id=d1b3647f-c539-40ac-b9ac-69033f992cbe
2026-07-17 17:02:51,323 | INFO | booking-consumer | Event collected | batch=6/10 | partition=1 | offset=2049 | event_id=2d6ed99d-aa3a-47d4-a4bc-fc45c66f2bab
2026-07-17 17:02:51,324 | INFO | booking-consumer | Event collected | batch=7/10 | partition=1 | offset=2050 | event_id=fde067bb-1aa0-4e62-974f-da7e6ec45533
2026-07-17 17:02:51,324 | INFO | booking-consumer | Event collected | batch=8/10 | partition=1 | offset=2051 | event_id=8eec2c7b-5dcc-4669-9a54-1b04bc7290a2
2026-07-17 17:02:51,325 | INFO | booking-consumer | Event collected | batch=9/10 | partition=1 | offset=2052 | event_id=fd07428c-313f-4599-bc69-215a23663648
2026-07-17 17:02:51,326 | INFO | booking-consumer | Event collected | batch=10/10 | partition=1 | offset=2053 | event_id=3dde6cc6-1e69-42a0-9eef-841f26a2d44c
2026-07-17 17:02:51,332 | INFO | booking-consumer | Batch written and offsets committed | records=10 | offsets={1: 2054}
2026-07-17 17:02:51,333 | INFO | booking-consumer | Event collected | batch=1/10 | partition=1 | offset=2054 | event_id=3afec4a5-b79a-4a9f-81fb-8e84d2838056
2026-07-17 17:02:51,333 | INFO | booking-consumer | Event collected | batch=2/10 | partition=1 | offset=2055 | event_id=aa6a9416-7ffa-47b9-adf0-f6be05c5c899
2026-07-17 17:02:51,334 | INFO | booking-consumer | Event collected | batch=3/10 | partition=1 | offset=2056 | event_id=cda844ca-ed5a-41e6-b917-6b2455ce4326
2026-07-17 17:02:51,334 | INFO | booking-consumer | Event collected | batch=4/10 | partition=1 | offset=2057 | event_id=6b134458-1319-4969-9c7e-2592fc84a4e7
2026-07-17 17:02:51,334 | INFO | booking-consumer | Event collected | batch=5/10 | partition=1 | offset=2058 | event_id=fd333d26-ce8a-47bb-97c5-553f2f5cae88
2026-07-17 17:02:51,335 | INFO | booking-consumer | Event collected | batch=6/10 | partition=1 | offset=2059 | event_id=1cb4896a-d5cb-497a-b594-1f357ea3610c
2026-07-17 17:02:51,335 | INFO | booking-consumer | Event collected | batch=7/10 | partition=1 | offset=2060 | event_id=bdb7d420-3fea-475f-9e6b-f831ccbd98c1
2026-07-17 17:02:51,336 | INFO | booking-consumer | Event collected | batch=8/10 | partition=1 | offset=2061 | event_id=47bfd7f0-c6d5-4f41-85f7-d506087c118f
2026-07-17 17:02:51,336 | INFO | booking-consumer | Event collected | batch=9/10 | partition=1 | offset=2062 | event_id=4b7cae0f-2901-4614-9bc1-19341174cda9
2026-07-17 17:02:51,336 | INFO | booking-consumer | Event collected | batch=10/10 | partition=1 | offset=2063 | event_id=5564dcc0-3702-4fc7-ad17-b43ab604fd4c
2026-07-17 17:02:51,343 | INFO | booking-consumer | Batch written and offsets committed | records=10 | offsets={1: 2064}
2026-07-17 17:02:51,344 | INFO | booking-consumer | Event collected | batch=1/10 | partition=1 | offset=2064 | event_id=6e8742f3-532b-4e23-9740-cc0c6f6f7f0e
2026-07-17 17:02:51,345 | INFO | booking-consumer | Event collected | batch=2/10 | partition=1 | offset=2065 | event_id=c996f6c6-08cc-4fd9-847e-24d5d1736d76
2026-07-17 17:02:51,345 | INFO | booking-consumer | Event collected | batch=3/10 | partition=1 | offset=2066 | event_id=7eeaa818-83f0-4773-9f1f-67046d088915
2026-07-17 17:02:51,345 | INFO | booking-consumer | Event collected | batch=4/10 | partition=1 | offset=2067 | event_id=2002faa5-a684-45e5-a496-939fbcc15692
2026-07-17 17:02:51,346 | INFO | booking-consumer | Event collected | batch=5/10 | partition=1 | offset=2068 | event_id=d9fc7821-4e59-4c82-a199-60e6708caef7
2026-07-17 17:02:51,346 | INFO | booking-consumer | Event collected | batch=6/10 | partition=1 | offset=2069 | event_id=9a5d6d1d-965f-4140-b8fb-0c35469434e4
2026-07-17 17:02:51,347 | INFO | booking-consumer | Event collected | batch=7/10 | partition=1 | offset=2070 | event_id=64c464f1-8f25-4fed-b1ca-883036e01bf3
2026-07-17 17:02:51,347 | INFO | booking-consumer | Event collected | batch=8/10 | partition=1 | offset=2071 | event_id=c6c5545a-5044-47bb-9bef-9c894a920d85
2026-07-17 17:02:51,348 | INFO | booking-consumer | Event collected | batch=9/10 | partition=1 | offset=2072 | event_id=6b32a68a-c924-4bca-98ee-17906e0be57d
2026-07-17 17:02:51,348 | INFO | booking-consumer | Event collected | batch=10/10 | partition=1 | offset=2073 | event_id=31789831-30d6-4930-b90c-8d729dbd6487
2026-07-17 17:02:51,354 | INFO | booking-consumer | Batch written and offsets committed | records=10 | offsets={1: 2074}
2026-07-17 17:02:51,355 | INFO | booking-consumer | Event collected | batch=1/10 | partition=1 | offset=2074 | event_id=cca95c38-0f04-4ec5-a38a-032339080c9b
2026-07-17 17:02:51,356 | INFO | booking-consumer | Event collected | batch=2/10 | partition=1 | offset=2075 | event_id=55ac628a-08f5-43ae-af93-68f81f6a9bd7
2026-07-17 17:02:51,356 | INFO | booking-consumer | Event collected | batch=3/10 | partition=1 | offset=2076 | event_id=7aa59be1-ee9a-46ab-b2ce-4df5af2ff2d2
2026-07-17 17:02:51,357 | INFO | booking-consumer | Event collected | batch=4/10 | partition=1 | offset=2077 | event_id=bf7884ce-c987-4f60-9903-3dac68aced6f
2026-07-17 17:02:51,357 | INFO | booking-consumer | Event collected | batch=5/10 | partition=1 | offset=2078 | event_id=61a01989-eaf3-48fe-bb6a-2fa42b920ce8
2026-07-17 17:02:51,358 | INFO | booking-consumer | Event collected | batch=6/10 | partition=1 | offset=2079 | event_id=3771e39a-2fb3-454b-957d-3a5628fb84bf
2026-07-17 17:02:51,359 | INFO | booking-consumer | Event collected | batch=7/10 | partition=1 | offset=2080 | event_id=4a415d0b-0541-460e-af08-59429244a291
2026-07-17 17:02:51,359 | INFO | booking-consumer | Event collected | batch=8/10 | partition=1 | offset=2081 | event_id=15bd5070-0895-4941-a444-4325e797a6e0
2026-07-17 17:02:51,360 | INFO | booking-consumer | Event collected | batch=9/10 | partition=1 | offset=2082 | event_id=1c2298ce-f2a3-4045-a595-a73642c6d2dd
2026-07-17 17:02:51,361 | INFO | booking-consumer | Event collected | batch=10/10 | partition=1 | offset=2083 | event_id=beab4770-9844-4a2e-927d-be635db24e65
2026-07-17 17:02:51,368 | INFO | booking-consumer | Batch written and offsets committed | records=10 | offsets={1: 2084}
2026-07-17 17:02:51,368 | INFO | booking-consumer | Event collected | batch=1/10 | partition=1 | offset=2084 | event_id=a3d911db-8fa1-4991-b984-3ddd22d2f935
2026-07-17 17:02:51,369 | INFO | booking-consumer | Event collected | batch=2/10 | partition=1 | offset=2085 | event_id=1a4067b1-db84-4a95-9c33-fb09b54b90c0
2026-07-17 17:02:51,369 | INFO | booking-consumer | Event collected | batch=3/10 | partition=1 | offset=2086 | event_id=ddc55ae4-9823-4dfa-9e55-7b33b0f2b209
2026-07-17 17:02:51,369 | INFO | booking-consumer | Event collected | batch=4/10 | partition=1 | offset=2087 | event_id=7fd86123-5c6a-4f4a-9869-089a3b426192
2026-07-17 17:02:51,370 | INFO | booking-consumer | Event collected | batch=5/10 | partition=1 | offset=2088 | event_id=18c819cc-a4d1-41c0-ae8d-306e7071022c
2026-07-17 17:02:51,370 | INFO | booking-consumer | Event collected | batch=6/10 | partition=1 | offset=2089 | event_id=44f6e570-761f-4756-80b2-39182a304274
2026-07-17 17:02:51,371 | INFO | booking-consumer | Event collected | batch=7/10 | partition=1 | offset=2090 | event_id=77c639e3-f4e9-4c9c-a45e-4b2ba0e8e92c
2026-07-17 17:02:51,371 | INFO | booking-consumer | Event collected | batch=8/10 | partition=1 | offset=2091 | event_id=45841fa8-980d-43ab-8b30-3952df9b71ca
2026-07-17 17:02:51,371 | INFO | booking-consumer | Event collected | batch=9/10 | partition=1 | offset=2092 | event_id=dc070d38-36f4-4c5a-896c-e0c380a9a696
2026-07-17 17:02:51,372 | INFO | booking-consumer | Event collected | batch=10/10 | partition=1 | offset=2093 | event_id=08bda0cf-0792-4b9f-be82-9ed403f0170a
2026-07-17 17:02:51,380 | INFO | booking-consumer | Batch written and offsets committed | records=10 | offsets={1: 2094}
2026-07-17 17:02:51,380 | INFO | booking-consumer | Event collected | batch=1/10 | partition=1 | offset=2094 | event_id=805bdeab-277a-4ce0-9218-0f40be077f71
2026-07-17 17:02:51,381 | INFO | booking-consumer | Event collected | batch=2/10 | partition=1 | offset=2095 | event_id=a03a094f-ec35-42ba-88a5-9517503f8ea1
2026-07-17 17:02:51,382 | INFO | booking-consumer | Event collected | batch=3/10 | partition=1 | offset=2096 | event_id=f98abbca-1939-4a1c-bdd2-112abd1f1138
2026-07-17 17:02:51,382 | INFO | booking-consumer | Event collected | batch=4/10 | partition=1 | offset=2097 | event_id=61f2254f-c756-48a6-884e-6caffe414cfd
2026-07-17 17:02:51,383 | INFO | booking-consumer | Event collected | batch=5/10 | partition=1 | offset=2098 | event_id=bc593e88-d441-4f51-bb7c-2143387ecca8
2026-07-17 17:02:51,383 | INFO | booking-consumer | Event collected | batch=6/10 | partition=1 | offset=2099 | event_id=4b899d40-072c-4234-89d4-48837b3b338b
2026-07-17 17:02:51,383 | INFO | booking-consumer | Event collected | batch=7/10 | partition=1 | offset=2100 | event_id=014361dd-1f42-45c5-afcb-4ce1013c3db7
2026-07-17 17:02:51,383 | INFO | booking-consumer | Event collected | batch=8/10 | partition=1 | offset=2101 | event_id=9b0da730-4953-46cd-a04b-9d963599c7ae
2026-07-17 17:02:51,384 | INFO | booking-consumer | Event collected | batch=9/10 | partition=1 | offset=2102 | event_id=539ba2e0-ada8-4482-8966-1df7ffb96926
2026-07-17 17:02:51,384 | INFO | booking-consumer | Event collected | batch=10/10 | partition=1 | offset=2103 | event_id=d5d613ef-39bd-45d2-a6f4-5634ad5e2c0a
2026-07-17 17:02:51,390 | INFO | booking-consumer | Batch written and offsets committed | records=10 | offsets={1: 2104}
2026-07-17 17:02:51,391 | INFO | booking-consumer | Event collected | batch=1/10 | partition=1 | offset=2104 | event_id=059f000c-b386-4a35-94a7-d9476dfa5da9
2026-07-17 17:02:51,392 | INFO | booking-consumer | Event collected | batch=2/10 | partition=1 | offset=2105 | event_id=73d0820d-ec62-43e2-8b33-627fbe5cba18
2026-07-17 17:02:51,392 | INFO | booking-consumer | Event collected | batch=3/10 | partition=1 | offset=2106 | event_id=3c10a9c5-8bf3-4d87-8c5c-19744f8c7265
2026-07-17 17:02:51,393 | INFO | booking-consumer | Event collected | batch=4/10 | partition=1 | offset=2107 | event_id=a8435e15-d89e-4ae5-bdd4-70a7e80e3117
2026-07-17 17:02:51,393 | INFO | booking-consumer | Event collected | batch=5/10 | partition=1 | offset=2108 | event_id=cfc90f02-6bc6-48d6-9988-d138de4d08e2
2026-07-17 17:02:51,394 | INFO | booking-consumer | Event collected | batch=6/10 | partition=1 | offset=2109 | event_id=2ca8f57c-8ace-43ec-adb9-2094c5af708d
2026-07-17 17:02:51,395 | INFO | booking-consumer | Event collected | batch=7/10 | partition=1 | offset=2110 | event_id=397b5876-a325-454f-bd88-6c5edf1ec79a
2026-07-17 17:02:51,395 | INFO | booking-consumer | Event collected | batch=8/10 | partition=1 | offset=2111 | event_id=ca659373-07a6-4fda-8a93-59de81550053
2026-07-17 17:02:51,395 | INFO | booking-consumer | Event collected | batch=9/10 | partition=1 | offset=2112 | event_id=b0d7bf26-790c-476f-ad46-cbd7dec73b13
2026-07-17 17:02:51,395 | INFO | booking-consumer | Event collected | batch=10/10 | partition=1 | offset=2113 | event_id=b40177ab-b597-4cf0-b5d3-6f279809fd6c
2026-07-17 17:02:51,401 | INFO | booking-consumer | Batch written and offsets committed | records=10 | offsets={1: 2114}
2026-07-17 17:02:51,402 | INFO | booking-consumer | Event collected | batch=1/10 | partition=1 | offset=2114 | event_id=6d8bc1e9-357f-4277-91ab-1baa0b29eae4
2026-07-17 17:02:51,402 | INFO | booking-consumer | Event collected | batch=2/10 | partition=1 | offset=2115 | event_id=21b23bca-7853-4610-a46b-75fbfe7d272a
2026-07-17 17:02:51,402 | INFO | booking-consumer | Event collected | batch=3/10 | partition=1 | offset=2116 | event_id=60307ed7-2e72-4591-a0cb-0f1642aa91d9
2026-07-17 17:02:51,402 | INFO | booking-consumer | Event collected | batch=4/10 | partition=1 | offset=2117 | event_id=118496ee-774b-4b41-8476-b78793ef0edc
2026-07-17 17:02:51,403 | INFO | booking-consumer | Event collected | batch=5/10 | partition=1 | offset=2118 | event_id=bf9610e7-85eb-4d7e-8404-fe3cac08c155
2026-07-17 17:02:51,403 | INFO | booking-consumer | Event collected | batch=6/10 | partition=1 | offset=2119 | event_id=03bce76b-2e70-4df3-8253-bffd116b82f6
2026-07-17 17:02:51,404 | INFO | booking-consumer | Event collected | batch=7/10 | partition=1 | offset=2120 | event_id=05b37ff8-0e5b-4606-b4ed-392d4a5efa1b
2026-07-17 17:02:51,404 | INFO | booking-consumer | Event collected | batch=8/10 | partition=1 | offset=2121 | event_id=595ea6e2-3053-4c97-88e4-d1cba9e73049
2026-07-17 17:02:51,404 | INFO | booking-consumer | Event collected | batch=9/10 | partition=1 | offset=2122 | event_id=6ce89b9e-e950-429b-b6fe-81e66a05094b
2026-07-17 17:02:51,406 | INFO | booking-consumer | Event collected | batch=10/10 | partition=1 | offset=2123 | event_id=c5c944e2-517d-4a00-bc34-851a1b75624d
2026-07-17 17:02:51,413 | INFO | booking-consumer | Batch written and offsets committed | records=10 | offsets={1: 2124}
2026-07-17 17:02:51,414 | INFO | booking-consumer | Event collected | batch=1/10 | partition=1 | offset=2124 | event_id=ba31bbfa-c39d-460c-bb47-e8bad40ac05d
2026-07-17 17:02:51,414 | INFO | booking-consumer | Event collected | batch=2/10 | partition=1 | offset=2125 | event_id=475c480c-a4e9-448e-87c6-1a430dc186cd
2026-07-17 17:02:51,414 | INFO | booking-consumer | Event collected | batch=3/10 | partition=1 | offset=2126 | event_id=ed05a4ef-1d60-4844-a900-c3a996ec92a8
2026-07-17 17:02:51,414 | INFO | booking-consumer | Event collected | batch=4/10 | partition=1 | offset=2127 | event_id=8df482aa-31ec-4983-96d3-9845af0b1302
2026-07-17 17:02:51,415 | INFO | booking-consumer | Event collected | batch=5/10 | partition=1 | offset=2128 | event_id=7bac6046-44fe-45f0-b0a1-499743444551
2026-07-17 17:02:51,415 | INFO | booking-consumer | Event collected | batch=6/10 | partition=1 | offset=2129 | event_id=afa7c9e1-ee03-4504-8a72-8fe800ebd3e5
2026-07-17 17:02:51,416 | INFO | booking-consumer | Event collected | batch=7/10 | partition=1 | offset=2130 | event_id=df6d73a0-1a8d-4240-9d80-e93ad7e2c452
2026-07-17 17:02:51,416 | INFO | booking-consumer | Event collected | batch=8/10 | partition=1 | offset=2131 | event_id=9e669397-82de-46b2-b541-afc07ba30a44
2026-07-17 17:02:51,416 | INFO | booking-consumer | Event collected | batch=9/10 | partition=1 | offset=2132 | event_id=0df80151-f112-44e0-a245-cc00c74038cf
2026-07-17 17:02:51,417 | INFO | booking-consumer | Event collected | batch=10/10 | partition=2 | offset=1114 | event_id=84b8cc5e-422e-4051-8e40-fa9697bd07ca
2026-07-17 17:02:51,424 | INFO | booking-consumer | Batch written and offsets committed | records=10 | offsets={1: 2133, 2: 1115}
2026-07-17 17:02:51,425 | INFO | booking-consumer | Event collected | batch=1/10 | partition=2 | offset=1115 | event_id=54808754-17eb-4730-8101-c69837af777d
2026-07-17 17:02:51,426 | INFO | booking-consumer | Event collected | batch=2/10 | partition=2 | offset=1116 | event_id=82e5b6d6-95e9-4b99-8a72-bb53094c7d41
2026-07-17 17:02:51,427 | INFO | booking-consumer | Event collected | batch=3/10 | partition=2 | offset=1117 | event_id=c2a6bfe4-168e-4e3f-8141-d3118bf3dfcd
2026-07-17 17:02:51,428 | INFO | booking-consumer | Event collected | batch=4/10 | partition=2 | offset=1118 | event_id=73d7ee19-89e7-498f-9baa-25806e979ee3
2026-07-17 17:02:51,429 | INFO | booking-consumer | Event collected | batch=5/10 | partition=2 | offset=1119 | event_id=f663361f-e9b9-4b75-91bb-bc20838d6cbb
2026-07-17 17:02:51,430 | INFO | booking-consumer | Event collected | batch=6/10 | partition=2 | offset=1120 | event_id=a75a0e70-4e31-4917-a887-79107c3e2ff1
2026-07-17 17:02:51,430 | INFO | booking-consumer | Event collected | batch=7/10 | partition=2 | offset=1121 | event_id=e5e30b40-22a6-4de7-859d-61bc91d80026
2026-07-17 17:02:51,430 | INFO | booking-consumer | Event collected | batch=8/10 | partition=2 | offset=1122 | event_id=044da59c-1ac3-4003-8ae3-32b5291e0b32
2026-07-17 17:02:51,430 | INFO | booking-consumer | Event collected | batch=9/10 | partition=2 | offset=1123 | event_id=6c537557-a91a-4b94-b53c-cd2a210be376
2026-07-17 17:02:51,431 | INFO | booking-consumer | Event collected | batch=10/10 | partition=2 | offset=1124 | event_id=ca653461-e248-4ceb-95de-c82c20444e0f
2026-07-17 17:02:51,437 | INFO | booking-consumer | Batch written and offsets committed | records=10 | offsets={2: 1125}
2026-07-17 17:02:51,438 | INFO | booking-consumer | Event collected | batch=1/10 | partition=2 | offset=1125 | event_id=c29ba313-3d84-4b4f-9c74-949b932e0e9b
2026-07-17 17:02:51,438 | INFO | booking-consumer | Event collected | batch=2/10 | partition=2 | offset=1126 | event_id=db1644b4-97ea-419f-b5f2-f0e459e77419
2026-07-17 17:02:51,440 | INFO | booking-consumer | Event collected | batch=3/10 | partition=2 | offset=1127 | event_id=bfd75390-2161-4470-9606-9032807315bf
2026-07-17 17:02:51,440 | INFO | booking-consumer | Event collected | batch=4/10 | partition=2 | offset=1128 | event_id=3f76d0ea-7c56-4ca8-ae54-1dc351b886c8
2026-07-17 17:02:51,441 | INFO | booking-consumer | Event collected | batch=5/10 | partition=2 | offset=1129 | event_id=16527bc6-269f-4ada-b330-bf23764d9e06
2026-07-17 17:02:51,441 | INFO | booking-consumer | Event collected | batch=6/10 | partition=2 | offset=1130 | event_id=48fb7873-da48-4640-88e3-e7acdfe67c17
2026-07-17 17:02:51,443 | INFO | booking-consumer | Event collected | batch=7/10 | partition=2 | offset=1131 | event_id=5944e3ba-a4cf-4632-b717-90838f993826
2026-07-17 17:02:51,443 | INFO | booking-consumer | Event collected | batch=8/10 | partition=2 | offset=1132 | event_id=d1b9afda-24e6-4e6e-925d-ac5f77af03dc
2026-07-17 17:02:51,444 | INFO | booking-consumer | Event collected | batch=9/10 | partition=2 | offset=1133 | event_id=65f9b971-8a4d-405a-a587-a0db0c6ac974
2026-07-17 17:02:51,444 | INFO | booking-consumer | Event collected | batch=10/10 | partition=2 | offset=1134 | event_id=3c89bc05-f533-4a22-86c5-52da22e7abd1
2026-07-17 17:02:51,451 | INFO | booking-consumer | Batch written and offsets committed | records=10 | offsets={2: 1135}
2026-07-17 17:02:51,452 | INFO | booking-consumer | Event collected | batch=1/10 | partition=2 | offset=1135 | event_id=e3943e57-3962-4332-9565-f751cf9d7920
2026-07-17 17:02:51,452 | INFO | booking-consumer | Event collected | batch=2/10 | partition=2 | offset=1136 | event_id=8d6ba2d2-2043-4cc5-9181-dc2870cc12a3
2026-07-17 17:02:51,453 | INFO | booking-consumer | Event collected | batch=3/10 | partition=2 | offset=1137 | event_id=ebded33b-71b1-4475-baab-b76e193fd750
2026-07-17 17:02:51,454 | INFO | booking-consumer | Event collected | batch=4/10 | partition=2 | offset=1138 | event_id=2efacd31-3b55-4dc5-87db-b24ebee504ab
2026-07-17 17:02:51,454 | INFO | booking-consumer | Event collected | batch=5/10 | partition=2 | offset=1139 | event_id=918a132f-78a7-4404-88d1-d6d1400ff0a1
2026-07-17 17:02:51,454 | INFO | booking-consumer | Event collected | batch=6/10 | partition=2 | offset=1140 | event_id=66607e75-1e4f-4c0a-97ad-06d71a22589e
2026-07-17 17:02:51,455 | INFO | booking-consumer | Event collected | batch=7/10 | partition=2 | offset=1141 | event_id=5867d8b9-e2e9-4070-8b4b-87fa93764b66
2026-07-17 17:02:51,455 | INFO | booking-consumer | Event collected | batch=8/10 | partition=2 | offset=1142 | event_id=d5d78469-080f-41f3-a021-6a9601c67776
2026-07-17 17:02:51,456 | INFO | booking-consumer | Event collected | batch=9/10 | partition=2 | offset=1143 | event_id=a5adf7da-b07a-4d4d-a632-f004a0542511
2026-07-17 17:02:51,457 | INFO | booking-consumer | Event collected | batch=10/10 | partition=2 | offset=1144 | event_id=443a998d-a36c-4531-bb96-daddaf92dd12
2026-07-17 17:02:51,464 | INFO | booking-consumer | Batch written and offsets committed | records=10 | offsets={2: 1145}
2026-07-17 17:02:51,465 | INFO | booking-consumer | Event collected | batch=1/10 | partition=2 | offset=1145 | event_id=b05c319b-4313-41b5-9511-79ec8f3c815d
2026-07-17 17:02:51,465 | INFO | booking-consumer | Event collected | batch=2/10 | partition=2 | offset=1146 | event_id=4e6f17eb-1e0e-4f1d-9a87-accc4f8d8d73
2026-07-17 17:02:51,466 | INFO | booking-consumer | Event collected | batch=3/10 | partition=2 | offset=1147 | event_id=01cf0e2e-5f62-4d16-873f-98ad7cc8e5f6
2026-07-17 17:02:51,467 | INFO | booking-consumer | Event collected | batch=4/10 | partition=2 | offset=1148 | event_id=0648dbd9-db60-439e-9c16-b31d2536f15e
2026-07-17 17:02:51,467 | INFO | booking-consumer | Event collected | batch=5/10 | partition=2 | offset=1149 | event_id=3f7fa5d0-8096-45a7-86c0-7963fa5a354a
2026-07-17 17:02:51,468 | INFO | booking-consumer | Event collected | batch=6/10 | partition=2 | offset=1150 | event_id=d8caa01a-facd-49e8-9c45-1102a90928bd
2026-07-17 17:02:51,468 | INFO | booking-consumer | Event collected | batch=7/10 | partition=2 | offset=1151 | event_id=2f7efb87-debb-487d-a54c-cd356721975b
2026-07-17 17:02:51,468 | INFO | booking-consumer | Event collected | batch=8/10 | partition=2 | offset=1152 | event_id=fa6a91dc-b07b-4951-827c-b8feb7a88691
2026-07-17 17:02:51,469 | INFO | booking-consumer | Event collected | batch=9/10 | partition=2 | offset=1153 | event_id=b1c54881-373b-4dc2-be0c-bcfa7e93c6a7
2026-07-17 17:02:51,469 | INFO | booking-consumer | Event collected | batch=10/10 | partition=2 | offset=1154 | event_id=694f9306-7640-4656-be82-01b15682fdd0
2026-07-17 17:02:51,476 | INFO | booking-consumer | Batch written and offsets committed | records=10 | offsets={2: 1155}
2026-07-17 17:02:51,477 | INFO | booking-consumer | Event collected | batch=1/10 | partition=2 | offset=1155 | event_id=65acc43c-7bbd-422a-9e0b-27ee7b7136e7
2026-07-17 17:02:51,477 | INFO | booking-consumer | Event collected | batch=2/10 | partition=2 | offset=1156 | event_id=9fde31eb-3f8a-47d5-9b3a-11379c26931e
2026-07-17 17:02:51,478 | INFO | booking-consumer | Event collected | batch=3/10 | partition=2 | offset=1157 | event_id=5b5969ce-98cd-4623-99de-e283e9d4e549
2026-07-17 17:02:51,479 | INFO | booking-consumer | Event collected | batch=4/10 | partition=2 | offset=1158 | event_id=8c0c68f9-ec11-4624-8e4c-d7a5728150a9
2026-07-17 17:02:51,479 | INFO | booking-consumer | Event collected | batch=5/10 | partition=2 | offset=1159 | event_id=6c7cf860-962e-490c-bb6b-05da70f4bbee
2026-07-17 17:02:51,479 | INFO | booking-consumer | Event collected | batch=6/10 | partition=2 | offset=1160 | event_id=c4c5fa6c-f0fe-4813-be62-acf802b4759b
2026-07-17 17:02:51,480 | INFO | booking-consumer | Event collected | batch=7/10 | partition=2 | offset=1161 | event_id=ac627a4f-17ec-4380-a014-6d572965f54c
2026-07-17 17:02:51,480 | INFO | booking-consumer | Event collected | batch=8/10 | partition=2 | offset=1162 | event_id=e7adda3f-b3ca-481f-b790-7a68bf74d218
2026-07-17 17:02:51,480 | INFO | booking-consumer | Event collected | batch=9/10 | partition=2 | offset=1163 | event_id=6fbcacb8-e25c-4f7c-94d9-c346465677a8
2026-07-17 17:02:51,480 | INFO | booking-consumer | Event collected | batch=10/10 | partition=2 | offset=1164 | event_id=e1dbeed4-321a-42ba-becc-4f5c2f5caa4b
2026-07-17 17:02:51,486 | INFO | booking-consumer | Batch written and offsets committed | records=10 | offsets={2: 1165}
2026-07-17 17:02:51,487 | INFO | booking-consumer | Event collected | batch=1/10 | partition=2 | offset=1165 | event_id=13bd0e1a-c7e7-4be3-92ef-4aff166991bc
2026-07-17 17:02:51,487 | INFO | booking-consumer | Event collected | batch=2/10 | partition=2 | offset=1166 | event_id=bf81479e-9e9b-41f7-9709-dc5b9836b1e4
2026-07-17 17:02:51,487 | INFO | booking-consumer | Event collected | batch=3/10 | partition=2 | offset=1167 | event_id=8e52a45c-2660-48d0-88cf-3bf11d029a6a
2026-07-17 17:02:51,488 | INFO | booking-consumer | Event collected | batch=4/10 | partition=2 | offset=1168 | event_id=b5f42634-55e1-4860-bae2-4f2e7436bfa8
2026-07-17 17:02:51,489 | INFO | booking-consumer | Event collected | batch=5/10 | partition=2 | offset=1169 | event_id=91928085-17e5-4911-be00-74854a286ce9
2026-07-17 17:02:51,489 | INFO | booking-consumer | Event collected | batch=6/10 | partition=2 | offset=1170 | event_id=d4a29de3-0eff-480e-a227-8d760c06c301
2026-07-17 17:02:51,490 | INFO | booking-consumer | Event collected | batch=7/10 | partition=2 | offset=1171 | event_id=61726d4c-1bf7-4231-a5f0-8ddc720abe55
2026-07-17 17:02:51,490 | INFO | booking-consumer | Event collected | batch=8/10 | partition=2 | offset=1172 | event_id=73b6fe90-d1c9-4199-ab8e-8f9dd566b311
2026-07-17 17:02:51,490 | INFO | booking-consumer | Event collected | batch=9/10 | partition=2 | offset=1173 | event_id=be3dba25-ee92-4880-8f3a-0eedd79c0342
2026-07-17 17:02:51,490 | INFO | booking-consumer | Event collected | batch=10/10 | partition=2 | offset=1174 | event_id=0135daf5-6b05-4e0f-895a-0f3d437f2723
2026-07-17 17:02:51,498 | INFO | booking-consumer | Batch written and offsets committed | records=10 | offsets={2: 1175}
2026-07-17 17:02:51,498 | INFO | booking-consumer | Event collected | batch=1/10 | partition=2 | offset=1175 | event_id=8064b50a-2467-423b-ba85-5900e2aa6671
2026-07-17 17:02:51,499 | INFO | booking-consumer | Event collected | batch=2/10 | partition=2 | offset=1176 | event_id=90a22789-00cb-4d52-a3df-6d1720290c77
2026-07-17 17:02:51,500 | INFO | booking-consumer | Event collected | batch=3/10 | partition=2 | offset=1177 | event_id=71f44211-82f5-45b9-af52-3103e3a7647a
2026-07-17 17:02:51,500 | INFO | booking-consumer | Event collected | batch=4/10 | partition=2 | offset=1178 | event_id=dceffbaf-9cc9-4b0e-b19d-83a275ae06f8
2026-07-17 17:02:51,501 | INFO | booking-consumer | Event collected | batch=5/10 | partition=2 | offset=1179 | event_id=d09642b6-9f33-4859-a194-7d96ef55cf1b
2026-07-17 17:02:51,501 | INFO | booking-consumer | Event collected | batch=6/10 | partition=2 | offset=1180 | event_id=a21ff473-ee2f-4649-ab17-623e44c1a9ec
2026-07-17 17:02:51,501 | INFO | booking-consumer | Event collected | batch=7/10 | partition=2 | offset=1181 | event_id=edaf89af-f576-44a8-a2eb-28f1760e6877
2026-07-17 17:02:51,501 | INFO | booking-consumer | Event collected | batch=8/10 | partition=2 | offset=1182 | event_id=3a77518a-e611-4b7c-be34-348655ddb169
2026-07-17 17:02:51,502 | INFO | booking-consumer | Event collected | batch=9/10 | partition=2 | offset=1183 | event_id=bb91f7a0-9c5b-49b1-aaeb-27d332b3e5c4
2026-07-17 17:02:51,503 | INFO | booking-consumer | Event collected | batch=10/10 | partition=2 | offset=1184 | event_id=65a7ebfa-a4ed-4bcb-a9f1-85d534599ec4
2026-07-17 17:02:51,509 | INFO | booking-consumer | Batch written and offsets committed | records=10 | offsets={2: 1185}
2026-07-17 17:02:51,510 | INFO | booking-consumer | Event collected | batch=1/10 | partition=2 | offset=1185 | event_id=f24de49f-d286-4325-8fae-819e86191704
2026-07-17 17:02:51,510 | INFO | booking-consumer | Event collected | batch=2/10 | partition=2 | offset=1186 | event_id=46e58f42-ba03-4c78-aba3-b788be3bd328
2026-07-17 17:02:51,510 | INFO | booking-consumer | Event collected | batch=3/10 | partition=2 | offset=1187 | event_id=abc170cf-fa96-44e9-b2f0-1e6f3b2f8e59
2026-07-17 17:02:51,511 | INFO | booking-consumer | Event collected | batch=4/10 | partition=2 | offset=1188 | event_id=0634df8b-c00d-4f25-923e-a73d5ec39a90
2026-07-17 17:02:51,511 | INFO | booking-consumer | Event collected | batch=5/10 | partition=2 | offset=1189 | event_id=cf06ab06-eae6-49d7-ab87-4fc9a709d1d8
2026-07-17 17:02:51,511 | INFO | booking-consumer | Event collected | batch=6/10 | partition=2 | offset=1190 | event_id=68ae4587-d484-4f9a-a028-d8f13da58922
2026-07-17 17:02:51,512 | INFO | booking-consumer | Event collected | batch=7/10 | partition=2 | offset=1191 | event_id=4e6741f5-fc81-4193-b233-6ff15ed876e7
2026-07-17 17:02:51,512 | INFO | booking-consumer | Event collected | batch=8/10 | partition=2 | offset=1192 | event_id=eb840fa8-a3f3-46d5-b788-ab4f4e2c4bed
2026-07-17 17:02:51,512 | INFO | booking-consumer | Event collected | batch=9/10 | partition=2 | offset=1193 | event_id=0a66ef25-91b9-44bf-b5cb-1a585b7a7a3f
2026-07-17 17:02:51,513 | INFO | booking-consumer | Event collected | batch=10/10 | partition=2 | offset=1194 | event_id=47716a5e-b66c-4d24-9e46-2fedcff6143d
2026-07-17 17:02:51,519 | INFO | booking-consumer | Batch written and offsets committed | records=10 | offsets={2: 1195}
2026-07-17 17:02:51,520 | INFO | booking-consumer | Event collected | batch=1/10 | partition=2 | offset=1195 | event_id=abf97cd4-92dc-4d62-9157-f995a3295661
2026-07-17 17:02:51,520 | INFO | booking-consumer | Event collected | batch=2/10 | partition=2 | offset=1196 | event_id=e6e0e4d4-d324-4b7d-8863-39c5ad665347
2026-07-17 17:02:51,521 | INFO | booking-consumer | Event collected | batch=3/10 | partition=2 | offset=1197 | event_id=187bcc17-7250-4519-a9f8-b6b015ef5997
2026-07-17 17:02:51,522 | INFO | booking-consumer | Event collected | batch=4/10 | partition=2 | offset=1198 | event_id=a0a16d90-47d6-45f2-96c5-0bdcc4e26e7d
2026-07-17 17:02:51,522 | INFO | booking-consumer | Event collected | batch=5/10 | partition=2 | offset=1199 | event_id=02c380cb-eeb2-463a-a364-4d667c436a5b
2026-07-17 17:02:51,523 | INFO | booking-consumer | Event collected | batch=6/10 | partition=2 | offset=1200 | event_id=ec7bd17f-22cc-4f06-ab1a-96e0fd1e8c1a
2026-07-17 17:02:51,524 | INFO | booking-consumer | Event collected | batch=7/10 | partition=2 | offset=1201 | event_id=f430a305-20bb-411a-a7d4-c1f92051ebee
2026-07-17 17:02:51,524 | INFO | booking-consumer | Event collected | batch=8/10 | partition=2 | offset=1202 | event_id=3a95bb94-4b4e-4e0b-929f-ffc80f4e2aaf
2026-07-17 17:02:51,525 | INFO | booking-consumer | Event collected | batch=9/10 | partition=2 | offset=1203 | event_id=e53f4790-2cb0-442e-b0c1-718bffc4e589
2026-07-17 17:02:51,525 | INFO | booking-consumer | Event collected | batch=10/10 | partition=2 | offset=1204 | event_id=100f4b90-f0a8-4d17-9e07-49e72a900181
2026-07-17 17:02:51,533 | INFO | booking-consumer | Batch written and offsets committed | records=10 | offsets={2: 1205}
2026-07-17 17:02:51,534 | INFO | booking-consumer | Event collected | batch=1/10 | partition=2 | offset=1205 | event_id=b2bfd2b8-8995-431f-b58f-edd015f9e270
2026-07-17 17:02:51,534 | INFO | booking-consumer | Event collected | batch=2/10 | partition=2 | offset=1206 | event_id=4a13fd6a-a5ae-4243-908c-084d16b8d585
2026-07-17 17:02:51,535 | INFO | booking-consumer | Event collected | batch=3/10 | partition=2 | offset=1207 | event_id=80d12a25-5aef-43db-b3eb-a8ac354d61b2
2026-07-17 17:02:51,536 | INFO | booking-consumer | Event collected | batch=4/10 | partition=2 | offset=1208 | event_id=a38f5e19-49b9-48bc-9925-6f97a1e22915
2026-07-17 17:02:51,536 | INFO | booking-consumer | Event collected | batch=5/10 | partition=2 | offset=1209 | event_id=3bc8facd-033f-4f89-92f2-27e68f2bb9af
2026-07-17 17:02:51,537 | INFO | booking-consumer | Event collected | batch=6/10 | partition=2 | offset=1210 | event_id=81ed9af5-965a-40da-b485-c054966bec20
2026-07-17 17:02:51,537 | INFO | booking-consumer | Event collected | batch=7/10 | partition=2 | offset=1211 | event_id=348a665e-50eb-454c-89bf-e2fbe755bb76
2026-07-17 17:02:51,537 | INFO | booking-consumer | Event collected | batch=8/10 | partition=2 | offset=1212 | event_id=4b42e20e-eb5c-438e-b4b0-a38f5278cbb7
2026-07-17 17:02:51,538 | INFO | booking-consumer | Event collected | batch=9/10 | partition=2 | offset=1213 | event_id=d790794b-76f6-4044-b660-d1e7c3d6feaf
2026-07-17 17:02:51,538 | INFO | booking-consumer | Event collected | batch=10/10 | partition=2 | offset=1214 | event_id=88e937e9-b1cb-4609-a960-9d837e9eb30a
2026-07-17 17:02:51,547 | INFO | booking-consumer | Batch written and offsets committed | records=10 | offsets={2: 1215}
2026-07-17 17:02:51,547 | INFO | booking-consumer | Event collected | batch=1/10 | partition=2 | offset=1215 | event_id=74911054-c35f-4830-8641-738d1be0f025
2026-07-17 17:02:51,548 | INFO | booking-consumer | Event collected | batch=2/10 | partition=2 | offset=1216 | event_id=67147b70-faa2-48f1-a568-547468047c20
2026-07-17 17:02:51,549 | INFO | booking-consumer | Event collected | batch=3/10 | partition=2 | offset=1217 | event_id=d701714b-cd6d-46fe-aead-c396471fa9bb
2026-07-17 17:02:51,549 | INFO | booking-consumer | Event collected | batch=4/10 | partition=2 | offset=1218 | event_id=ec7cd658-73a1-42ba-8027-d064f35fd3d4
2026-07-17 17:02:51,550 | INFO | booking-consumer | Event collected | batch=5/10 | partition=2 | offset=1219 | event_id=d34855cb-c2f8-4f5f-ba6d-a4deaeb4ffa1
2026-07-17 17:02:51,550 | INFO | booking-consumer | Event collected | batch=6/10 | partition=2 | offset=1220 | event_id=62a689a3-95ae-41b1-8771-ad8fdabf4c49
2026-07-17 17:02:51,550 | INFO | booking-consumer | Event collected | batch=7/10 | partition=2 | offset=1221 | event_id=cdffaa90-ba28-4a92-bac1-f7aa40e73b72
2026-07-17 17:02:51,551 | INFO | booking-consumer | Event collected | batch=8/10 | partition=2 | offset=1222 | event_id=13abe39a-9172-462c-a8d7-e55a5de541d0
2026-07-17 17:02:51,551 | INFO | booking-consumer | Event collected | batch=9/10 | partition=2 | offset=1223 | event_id=79b9433e-6bf9-4581-b5d8-415682090ca6
2026-07-17 17:02:51,552 | INFO | booking-consumer | Event collected | batch=10/10 | partition=2 | offset=1224 | event_id=0fc7e9be-3bb8-4827-83d7-45bafc3bea08
2026-07-17 17:02:51,560 | INFO | booking-consumer | Batch written and offsets committed | records=10 | offsets={2: 1225}
2026-07-17 17:02:51,561 | INFO | booking-consumer | Event collected | batch=1/10 | partition=2 | offset=1225 | event_id=1ef59612-29d0-4b77-b81e-70212eb11e08
2026-07-17 17:02:51,561 | INFO | booking-consumer | Event collected | batch=2/10 | partition=2 | offset=1226 | event_id=57559fb4-aad9-42c1-8f08-35e555df2c0f
2026-07-17 17:02:51,562 | INFO | booking-consumer | Event collected | batch=3/10 | partition=2 | offset=1227 | event_id=7dc2d164-d5b5-4963-8950-36a5438c9e3d
2026-07-17 17:02:51,562 | INFO | booking-consumer | Event collected | batch=4/10 | partition=2 | offset=1228 | event_id=d508d1ea-3aaf-4ff4-a72b-993a820594a7
2026-07-17 17:02:51,562 | INFO | booking-consumer | Event collected | batch=5/10 | partition=2 | offset=1229 | event_id=304fbc43-5995-423d-988d-63964eaa89ce
2026-07-17 17:02:51,563 | INFO | booking-consumer | Event collected | batch=6/10 | partition=2 | offset=1230 | event_id=5d9ca26d-d77d-427b-bf42-68f54e6db185
2026-07-17 17:02:51,563 | INFO | booking-consumer | Event collected | batch=7/10 | partition=2 | offset=1231 | event_id=b21af38f-07c9-4cf0-ad6b-fd15d9e94252
2026-07-17 17:02:51,563 | INFO | booking-consumer | Event collected | batch=8/10 | partition=2 | offset=1232 | event_id=80f1397f-9d59-444f-9658-700e0435d6e8
2026-07-17 17:02:51,564 | INFO | booking-consumer | Event collected | batch=9/10 | partition=2 | offset=1233 | event_id=260dc13f-3f2d-40e3-be8e-aadf92380933
2026-07-17 17:02:51,565 | INFO | booking-consumer | Event collected | batch=10/10 | partition=2 | offset=1234 | event_id=0a81f11d-51f5-40fb-b4f5-b903eb452664
2026-07-17 17:02:51,571 | INFO | booking-consumer | Batch written and offsets committed | records=10 | offsets={2: 1235}
2026-07-17 17:02:51,572 | INFO | booking-consumer | Event collected | batch=1/10 | partition=2 | offset=1235 | event_id=60e5b3c2-4a25-4560-941b-8b99d58ee740
2026-07-17 17:02:51,573 | INFO | booking-consumer | Event collected | batch=2/10 | partition=2 | offset=1236 | event_id=702a0d0c-5776-4e4e-a18d-200b5517e977
2026-07-17 17:02:51,574 | INFO | booking-consumer | Event collected | batch=3/10 | partition=2 | offset=1237 | event_id=6e38d116-ebdc-43a7-bedf-7ec80ba9313c
2026-07-17 17:02:51,574 | INFO | booking-consumer | Event collected | batch=4/10 | partition=2 | offset=1238 | event_id=bbc00f9a-9561-4ea4-b82e-f1aea5cbe489
2026-07-17 17:02:51,575 | INFO | booking-consumer | Event collected | batch=5/10 | partition=2 | offset=1239 | event_id=10116ea5-2703-4426-ba1c-e72c67ef1f68
2026-07-17 17:02:51,575 | INFO | booking-consumer | Event collected | batch=6/10 | partition=2 | offset=1240 | event_id=b9f502e4-03ae-49ae-ba17-c0048576d956
2026-07-17 17:02:51,576 | INFO | booking-consumer | Event collected | batch=7/10 | partition=2 | offset=1241 | event_id=95536691-5e20-44da-97a4-b7c8ca02e5de
2026-07-17 17:02:51,577 | INFO | booking-consumer | Event collected | batch=8/10 | partition=2 | offset=1242 | event_id=b4cf1a6b-dd4d-45e6-8348-0197b105a653
2026-07-17 17:02:51,577 | INFO | booking-consumer | Event collected | batch=9/10 | partition=2 | offset=1243 | event_id=8f602801-c9df-4ce3-98a6-9d637a0827b9
2026-07-17 17:02:51,577 | INFO | booking-consumer | Event collected | batch=10/10 | partition=2 | offset=1244 | event_id=fd4bac6e-e0cb-49d6-9e40-60a619e633a8
2026-07-17 17:02:51,584 | INFO | booking-consumer | Batch written and offsets committed | records=10 | offsets={2: 1245}
2026-07-17 17:02:51,584 | INFO | booking-consumer | Event collected | batch=1/10 | partition=2 | offset=1245 | event_id=04704c86-37e7-429d-8523-ab17f088cc82
2026-07-17 17:02:51,586 | INFO | booking-consumer | Event collected | batch=2/10 | partition=2 | offset=1246 | event_id=0e99f64c-1f51-43bc-9186-7a2da5d5935e
2026-07-17 17:02:51,586 | INFO | booking-consumer | Event collected | batch=3/10 | partition=2 | offset=1247 | event_id=eaadb5a1-4904-47a2-9237-01206b61bb8c
2026-07-17 17:02:51,586 | INFO | booking-consumer | Event collected | batch=4/10 | partition=2 | offset=1248 | event_id=1bbac908-055b-4fc6-8acd-7bd5739bfeb1
2026-07-17 17:02:51,587 | INFO | booking-consumer | Event collected | batch=5/10 | partition=2 | offset=1249 | event_id=423ab365-9212-46a4-9165-cd3d142f676d
2026-07-17 17:02:51,587 | INFO | booking-consumer | Event collected | batch=6/10 | partition=2 | offset=1250 | event_id=f6d2ec4b-8eed-4af1-a7c3-5ade8a5ce5a2
2026-07-17 17:02:51,588 | INFO | booking-consumer | Event collected | batch=7/10 | partition=2 | offset=1251 | event_id=beec9020-e5d2-4656-bb77-e03289804963
2026-07-17 17:02:51,588 | INFO | booking-consumer | Event collected | batch=8/10 | partition=2 | offset=1252 | event_id=f8b7366a-6482-4755-87cf-0df232fc735d
2026-07-17 17:02:51,589 | INFO | booking-consumer | Event collected | batch=9/10 | partition=2 | offset=1253 | event_id=828ffe4e-8564-48e1-b830-179015c73ea1
2026-07-17 17:02:51,590 | INFO | booking-consumer | Event collected | batch=10/10 | partition=2 | offset=1254 | event_id=16ded06d-354a-4bad-bb82-6f1e8971dad1
2026-07-17 17:02:51,598 | INFO | booking-consumer | Batch written and offsets committed | records=10 | offsets={2: 1255}
2026-07-17 17:02:51,599 | INFO | booking-consumer | Event collected | batch=1/10 | partition=2 | offset=1255 | event_id=60e5695e-45a9-418b-a935-c696fc1f68de
2026-07-17 17:02:51,599 | INFO | booking-consumer | Event collected | batch=2/10 | partition=2 | offset=1256 | event_id=20bfc886-8943-4b79-a4dd-fb80b11d69a8
2026-07-17 17:02:51,600 | INFO | booking-consumer | Event collected | batch=3/10 | partition=2 | offset=1257 | event_id=8f91d29d-7256-4d88-9d23-90281b70dffd
2026-07-17 17:02:51,600 | INFO | booking-consumer | Event collected | batch=4/10 | partition=2 | offset=1258 | event_id=0408f1dd-2b73-4db7-941a-4f6bb710721e
2026-07-17 17:02:51,600 | INFO | booking-consumer | Event collected | batch=5/10 | partition=2 | offset=1259 | event_id=27e76185-8b3e-4ec9-aefc-487d64e510ec
2026-07-17 17:02:51,601 | INFO | booking-consumer | Event collected | batch=6/10 | partition=2 | offset=1260 | event_id=048bf149-78f1-49e1-be90-d0f2d67f1298
2026-07-17 17:02:51,601 | INFO | booking-consumer | Event collected | batch=7/10 | partition=2 | offset=1261 | event_id=5614d151-da7c-4acd-a560-0be61adc6c2b
2026-07-17 17:02:51,601 | INFO | booking-consumer | Event collected | batch=8/10 | partition=2 | offset=1262 | event_id=a84d1587-f562-4d02-8194-01b327574690
2026-07-17 17:02:51,602 | INFO | booking-consumer | Event collected | batch=9/10 | partition=2 | offset=1263 | event_id=55e4f312-d8d5-47f9-9197-6a21dff8631c
2026-07-17 17:02:51,602 | INFO | booking-consumer | Event collected | batch=10/10 | partition=2 | offset=1264 | event_id=66692d3d-b13c-42be-9c3d-a5e6e0dc3142
2026-07-17 17:02:51,609 | INFO | booking-consumer | Batch written and offsets committed | records=10 | offsets={2: 1265}
2026-07-17 17:02:51,610 | INFO | booking-consumer | Event collected | batch=1/10 | partition=2 | offset=1265 | event_id=9121d79a-ba8c-4b62-9b85-835772b2792a
2026-07-17 17:02:51,611 | INFO | booking-consumer | Event collected | batch=2/10 | partition=2 | offset=1266 | event_id=2e75f095-f112-46c1-b330-72f21537b826
2026-07-17 17:02:51,611 | INFO | booking-consumer | Event collected | batch=3/10 | partition=2 | offset=1267 | event_id=98b5e92a-c7b7-4a4d-b6ab-eebd81f191e5
2026-07-17 17:02:51,612 | INFO | booking-consumer | Event collected | batch=4/10 | partition=2 | offset=1268 | event_id=a5537ff2-f8bd-4020-9591-3208fc92e5f7
2026-07-17 17:02:51,612 | INFO | booking-consumer | Event collected | batch=5/10 | partition=2 | offset=1269 | event_id=40329447-8395-47f9-bf29-64b877d0e585
2026-07-17 17:02:51,613 | INFO | booking-consumer | Event collected | batch=6/10 | partition=2 | offset=1270 | event_id=fabe0992-772a-44e1-af44-ba27231a729e
2026-07-17 17:02:51,613 | INFO | booking-consumer | Event collected | batch=7/10 | partition=2 | offset=1271 | event_id=7de5323e-9508-4412-b08f-8ea64a17c3a3
2026-07-17 17:02:51,613 | INFO | booking-consumer | Event collected | batch=8/10 | partition=2 | offset=1272 | event_id=1ed5943d-246e-4acb-8632-ab3c6c3533b8
2026-07-17 17:02:51,614 | INFO | booking-consumer | Event collected | batch=9/10 | partition=2 | offset=1273 | event_id=401f37dd-e3e3-49dd-8bc3-4fa9c9d40f42
2026-07-17 17:02:51,615 | INFO | booking-consumer | Event collected | batch=10/10 | partition=2 | offset=1274 | event_id=9d038b1e-e0b1-4841-a1ac-f9ca6c01c9c2
2026-07-17 17:02:51,621 | INFO | booking-consumer | Batch written and offsets committed | records=10 | offsets={2: 1275}
2026-07-17 17:02:51,622 | INFO | booking-consumer | Event collected | batch=1/10 | partition=2 | offset=1275 | event_id=f94a46de-9a54-4d36-ba59-d86ed1634942
2026-07-17 17:02:51,624 | INFO | booking-consumer | Event collected | batch=2/10 | partition=2 | offset=1276 | event_id=b7160ac7-6b0b-4604-9de1-6200dede8ab0
2026-07-17 17:02:51,625 | INFO | booking-consumer | Event collected | batch=3/10 | partition=2 | offset=1277 | event_id=4db871e0-b021-4e59-b477-a9cbf8b9b53d
2026-07-17 17:02:51,626 | INFO | booking-consumer | Event collected | batch=4/10 | partition=2 | offset=1278 | event_id=15e34085-6f26-4b57-8633-7a08fdbf03f5
2026-07-17 17:02:51,626 | INFO | booking-consumer | Event collected | batch=5/10 | partition=2 | offset=1279 | event_id=f626967d-ab22-420f-885c-a4a17ca1225a
2026-07-17 17:02:51,627 | INFO | booking-consumer | Event collected | batch=6/10 | partition=2 | offset=1280 | event_id=0fdbcf83-0e35-4790-9022-a70f7fc10089
2026-07-17 17:02:51,628 | INFO | booking-consumer | Event collected | batch=7/10 | partition=2 | offset=1281 | event_id=dae62e24-0557-4c91-aa2b-1c1b8d29dada
2026-07-17 17:02:51,628 | INFO | booking-consumer | Event collected | batch=8/10 | partition=2 | offset=1282 | event_id=3055306d-80c4-4eb4-8e63-6254bf567eba
2026-07-17 17:02:51,629 | INFO | booking-consumer | Event collected | batch=9/10 | partition=2 | offset=1283 | event_id=5f68845c-0107-4990-a80d-1f23682dffbe
2026-07-17 17:02:51,629 | INFO | booking-consumer | Event collected | batch=10/10 | partition=2 | offset=1284 | event_id=a50a3411-6d9d-483a-8d0c-e59311bfb641
2026-07-17 17:02:51,636 | INFO | booking-consumer | Batch written and offsets committed | records=10 | offsets={2: 1285}
2026-07-17 17:02:51,637 | INFO | booking-consumer | Event collected | batch=1/10 | partition=2 | offset=1285 | event_id=461c0302-3f91-4165-9f00-08ffeb5226e1
2026-07-17 17:02:51,637 | INFO | booking-consumer | Event collected | batch=2/10 | partition=2 | offset=1286 | event_id=6e7bf4b8-11d4-40c5-8232-8ca99a29ac69
2026-07-17 17:02:51,637 | INFO | booking-consumer | Event collected | batch=3/10 | partition=2 | offset=1287 | event_id=6eb81002-2e07-4a5e-b4c7-fa91acf94e61
2026-07-17 17:02:51,638 | INFO | booking-consumer | Event collected | batch=4/10 | partition=2 | offset=1288 | event_id=9e91331b-784d-49c0-a320-d44d7a598e94
2026-07-17 17:02:51,638 | INFO | booking-consumer | Event collected | batch=5/10 | partition=2 | offset=1289 | event_id=3df9997f-32a5-45d6-aee3-a6a1ae76ad94
2026-07-17 17:02:51,640 | INFO | booking-consumer | Event collected | batch=6/10 | partition=2 | offset=1290 | event_id=23609e47-5b69-4897-b5ab-09d8d13924b8
2026-07-17 17:02:51,641 | INFO | booking-consumer | Event collected | batch=7/10 | partition=2 | offset=1291 | event_id=8f839038-8813-45c8-8170-d4c4a4ded7d0
2026-07-17 17:02:51,641 | INFO | booking-consumer | Event collected | batch=8/10 | partition=2 | offset=1292 | event_id=c447307a-2a5c-41e9-98be-c5307d53279e
2026-07-17 17:02:51,642 | INFO | booking-consumer | Event collected | batch=9/10 | partition=2 | offset=1293 | event_id=d9416e3f-266b-4383-afe5-2e32fb56deb0
2026-07-17 17:02:51,643 | INFO | booking-consumer | Event collected | batch=10/10 | partition=2 | offset=1294 | event_id=db544fcc-97fa-4cce-8905-2034c9ecd508
2026-07-17 17:02:51,648 | INFO | booking-consumer | Batch written and offsets committed | records=10 | offsets={2: 1295}
2026-07-17 17:02:51,649 | INFO | booking-consumer | Event collected | batch=1/10 | partition=2 | offset=1295 | event_id=2c523443-a34b-494b-93fc-82a451066949
2026-07-17 17:02:51,650 | INFO | booking-consumer | Event collected | batch=2/10 | partition=2 | offset=1296 | event_id=7db352f2-f649-4de1-92c3-a40c86388c62
2026-07-17 17:02:51,651 | INFO | booking-consumer | Event collected | batch=3/10 | partition=2 | offset=1297 | event_id=c0be7e91-3916-4959-85c6-e4e11c1ec1b9
2026-07-17 17:02:51,651 | INFO | booking-consumer | Event collected | batch=4/10 | partition=2 | offset=1298 | event_id=1e70b6ec-d4de-4f48-a204-aea0ec4f259e
2026-07-17 17:02:51,652 | INFO | booking-consumer | Event collected | batch=5/10 | partition=2 | offset=1299 | event_id=ceab2dc8-23c6-4192-b69e-026dc2abf3db
2026-07-17 17:02:51,652 | INFO | booking-consumer | Event collected | batch=6/10 | partition=2 | offset=1300 | event_id=86c41c84-73ee-4e9f-b249-587bda05011e
2026-07-17 17:02:51,652 | INFO | booking-consumer | Event collected | batch=7/10 | partition=2 | offset=1301 | event_id=6a71e2b3-9615-4f26-8e1e-e51fa301ae3a
2026-07-17 17:02:51,653 | INFO | booking-consumer | Event collected | batch=8/10 | partition=2 | offset=1302 | event_id=6a3c0ad4-a83b-4ee0-8f78-3c8ece0b950e
2026-07-17 17:02:51,653 | INFO | booking-consumer | Event collected | batch=9/10 | partition=2 | offset=1303 | event_id=0991f9fc-b423-4fda-9184-8b8a19af41c8
2026-07-17 17:02:51,653 | INFO | booking-consumer | Event collected | batch=10/10 | partition=2 | offset=1304 | event_id=cef3d02c-a148-4e3f-a82c-f8e647c1308b
2026-07-17 17:02:51,661 | INFO | booking-consumer | Batch written and offsets committed | records=10 | offsets={2: 1305}
2026-07-17 17:02:51,662 | INFO | booking-consumer | Event collected | batch=1/10 | partition=2 | offset=1305 | event_id=06924252-8dd8-4923-a9d6-c6f74f83b27a
2026-07-17 17:02:51,663 | INFO | booking-consumer | Event collected | batch=2/10 | partition=2 | offset=1306 | event_id=38f346c3-6a25-4068-8e23-7a2abd7b4fc5
2026-07-17 17:02:51,663 | INFO | booking-consumer | Event collected | batch=3/10 | partition=2 | offset=1307 | event_id=3d17f5a7-1acf-4773-8d4c-8a95e753bb62
2026-07-17 17:02:51,664 | INFO | booking-consumer | Event collected | batch=4/10 | partition=2 | offset=1308 | event_id=b7386585-ba97-4291-aece-6049bdbc0e4c
2026-07-17 17:02:51,664 | INFO | booking-consumer | Event collected | batch=5/10 | partition=2 | offset=1309 | event_id=ef3ef9f1-47f7-4d04-af11-a011c9de7513
2026-07-17 17:02:51,665 | INFO | booking-consumer | Event collected | batch=6/10 | partition=2 | offset=1310 | event_id=90a13d27-2c14-4710-8e0d-a5520aa78f0e
2026-07-17 17:02:51,665 | INFO | booking-consumer | Event collected | batch=7/10 | partition=2 | offset=1311 | event_id=e4119135-54ab-4ddd-9737-b424afd71c84
2026-07-17 17:02:51,665 | INFO | booking-consumer | Event collected | batch=8/10 | partition=2 | offset=1312 | event_id=02e0980a-d173-485f-aaaf-6e462a9a17c5
2026-07-17 17:02:51,666 | INFO | booking-consumer | Event collected | batch=9/10 | partition=2 | offset=1313 | event_id=3a0085f6-2298-4b93-bd68-8f8bf0af19ac
2026-07-17 17:02:51,666 | INFO | booking-consumer | Event collected | batch=10/10 | partition=2 | offset=1314 | event_id=e9660a02-6126-4edf-b655-be2704cde70e
2026-07-17 17:02:51,672 | INFO | booking-consumer | Batch written and offsets committed | records=10 | offsets={2: 1315}
2026-07-17 17:02:51,674 | INFO | booking-consumer | Event collected | batch=1/10 | partition=2 | offset=1315 | event_id=565afb15-db6a-4c20-9273-6e8150e08381
2026-07-17 17:02:51,675 | INFO | booking-consumer | Event collected | batch=2/10 | partition=2 | offset=1316 | event_id=0413cdf3-8bc6-4197-b11c-623df5048f8c
2026-07-17 17:02:51,676 | INFO | booking-consumer | Event collected | batch=3/10 | partition=2 | offset=1317 | event_id=7e6bf5bd-17fb-4203-b956-bfa3af46c9ba
2026-07-17 17:02:51,676 | INFO | booking-consumer | Event collected | batch=4/10 | partition=2 | offset=1318 | event_id=1aa857e2-1c8d-457b-883b-b8d5c86b5275
2026-07-17 17:02:51,677 | INFO | booking-consumer | Event collected | batch=5/10 | partition=2 | offset=1319 | event_id=b37b5719-0b1d-439d-8219-59455ef1102b
2026-07-17 17:02:51,677 | INFO | booking-consumer | Event collected | batch=6/10 | partition=2 | offset=1320 | event_id=a37e9e39-5edb-4b51-b2bf-5c8d3637cc7c
2026-07-17 17:02:51,677 | INFO | booking-consumer | Event collected | batch=7/10 | partition=2 | offset=1321 | event_id=9ac44475-e472-4c1d-90e7-9dc77f094dbd
2026-07-17 17:02:51,678 | INFO | booking-consumer | Event collected | batch=8/10 | partition=2 | offset=1322 | event_id=c323f6bd-be08-41a5-a48b-9e0b217b74de
2026-07-17 17:02:51,678 | INFO | booking-consumer | Event collected | batch=9/10 | partition=2 | offset=1323 | event_id=e75c842d-4e83-4021-b1db-0c6a63f8b01d
2026-07-17 17:02:51,679 | INFO | booking-consumer | Event collected | batch=10/10 | partition=2 | offset=1324 | event_id=03c36378-12d3-4beb-ab63-3c9d33a5c3b4
2026-07-17 17:02:51,685 | INFO | booking-consumer | Batch written and offsets committed | records=10 | offsets={2: 1325}
2026-07-17 17:02:51,686 | INFO | booking-consumer | Event collected | batch=1/10 | partition=2 | offset=1325 | event_id=75eff5da-1b53-4bc2-ab9f-25e5c87c3e9e
2026-07-17 17:02:51,686 | INFO | booking-consumer | Event collected | batch=2/10 | partition=2 | offset=1326 | event_id=6cdf59a4-396f-4811-89e3-0671723da4a3
2026-07-17 17:02:51,687 | INFO | booking-consumer | Event collected | batch=3/10 | partition=2 | offset=1327 | event_id=d17da2b3-091b-4416-a841-ce653862871c
2026-07-17 17:02:51,688 | INFO | booking-consumer | Event collected | batch=4/10 | partition=2 | offset=1328 | event_id=07974111-5fca-4083-a251-85d219c41dbc
2026-07-17 17:02:51,688 | INFO | booking-consumer | Event collected | batch=5/10 | partition=2 | offset=1329 | event_id=44b6d9ea-833a-405c-b3cf-a1751caa9c45
2026-07-17 17:02:51,689 | INFO | booking-consumer | Event collected | batch=6/10 | partition=2 | offset=1330 | event_id=2f672d6b-3986-472a-a5bd-babcd4ad7c1e
2026-07-17 17:02:51,691 | INFO | booking-consumer | Event collected | batch=7/10 | partition=2 | offset=1331 | event_id=7f08f2b8-0ad3-4e22-83cf-0b78ea8f73fc
2026-07-17 17:02:51,692 | INFO | booking-consumer | Event collected | batch=8/10 | partition=2 | offset=1332 | event_id=fc3a6d63-5957-450c-a16b-665bcf629506
2026-07-17 17:02:51,692 | INFO | booking-consumer | Event collected | batch=9/10 | partition=2 | offset=1333 | event_id=21736df0-ea71-4812-a5e7-70147e05444a
2026-07-17 17:02:51,693 | INFO | booking-consumer | Event collected | batch=10/10 | partition=2 | offset=1334 | event_id=2cf1b732-348f-4ded-8bf7-dab33a9312bd
2026-07-17 17:02:51,699 | INFO | booking-consumer | Batch written and offsets committed | records=10 | offsets={2: 1335}
2026-07-17 17:02:51,700 | INFO | booking-consumer | Event collected | batch=1/10 | partition=2 | offset=1335 | event_id=b8c9f289-d95d-41cb-8abb-e56037dbc99e
2026-07-17 17:02:51,700 | INFO | booking-consumer | Event collected | batch=2/10 | partition=2 | offset=1336 | event_id=b7f3acb6-f62e-4feb-b8f1-31c90b364a67
2026-07-17 17:02:51,701 | INFO | booking-consumer | Event collected | batch=3/10 | partition=2 | offset=1337 | event_id=067a524b-8289-45ba-b31e-31da41533f94
2026-07-17 17:02:51,701 | INFO | booking-consumer | Event collected | batch=4/10 | partition=2 | offset=1338 | event_id=12e70a98-d623-414c-b409-cf70e9d90eab
2026-07-17 17:02:51,702 | INFO | booking-consumer | Event collected | batch=5/10 | partition=2 | offset=1339 | event_id=33c24812-1070-4e23-80fe-d8b754232ff1
2026-07-17 17:02:51,702 | INFO | booking-consumer | Event collected | batch=6/10 | partition=2 | offset=1340 | event_id=d8cb5993-32d6-4ad8-98ff-05f4fb2fa8b9
2026-07-17 17:02:51,703 | INFO | booking-consumer | Event collected | batch=7/10 | partition=2 | offset=1341 | event_id=8b2e5e2c-6381-47d8-8454-dd02563ccd7d
2026-07-17 17:02:51,703 | INFO | booking-consumer | Event collected | batch=8/10 | partition=2 | offset=1342 | event_id=488c01bb-4cd1-45e5-9003-763980da7964
2026-07-17 17:02:51,704 | INFO | booking-consumer | Event collected | batch=9/10 | partition=2 | offset=1343 | event_id=6d81d4f2-6acf-4e50-afe7-e892877784b9
2026-07-17 17:02:51,704 | INFO | booking-consumer | Event collected | batch=10/10 | partition=2 | offset=1344 | event_id=91dd1a97-e599-42c0-b143-cfb9e26ce288
2026-07-17 17:02:51,713 | INFO | booking-consumer | Batch written and offsets committed | records=10 | offsets={2: 1345}
2026-07-17 17:02:51,713 | INFO | booking-consumer | Event collected | batch=1/10 | partition=2 | offset=1345 | event_id=f3e64c42-c8b3-4b9b-9132-085c19bb699f
2026-07-17 17:02:51,714 | INFO | booking-consumer | Event collected | batch=2/10 | partition=2 | offset=1346 | event_id=92eeab13-95dc-4b9e-9337-2b31ebf1e84c
2026-07-17 17:02:51,715 | INFO | booking-consumer | Event collected | batch=3/10 | partition=2 | offset=1347 | event_id=762ca96d-80e7-4593-8026-8c74b3846d81
2026-07-17 17:02:51,715 | INFO | booking-consumer | Event collected | batch=4/10 | partition=2 | offset=1348 | event_id=290ad4dd-509a-420d-95b1-553a8f374aac
2026-07-17 17:02:51,715 | INFO | booking-consumer | Event collected | batch=5/10 | partition=2 | offset=1349 | event_id=582306eb-1667-4b9d-a002-4e77d71185ec
2026-07-17 17:02:51,716 | INFO | booking-consumer | Event collected | batch=6/10 | partition=2 | offset=1350 | event_id=ab9a8383-02ac-40fe-bf74-9eafede73215
2026-07-17 17:02:51,716 | INFO | booking-consumer | Event collected | batch=7/10 | partition=2 | offset=1351 | event_id=6f01ae78-11f5-4df5-8a97-3dd9618c2a22
2026-07-17 17:02:51,717 | INFO | booking-consumer | Event collected | batch=8/10 | partition=2 | offset=1352 | event_id=a8c27c93-aa95-4837-a582-d973b917d7f6
2026-07-17 17:02:51,718 | INFO | booking-consumer | Event collected | batch=9/10 | partition=2 | offset=1353 | event_id=65258527-171c-44cb-b7eb-58cc13f382e3
2026-07-17 17:02:51,718 | INFO | booking-consumer | Event collected | batch=10/10 | partition=2 | offset=1354 | event_id=9054526b-3eee-482a-8bb2-ebba0bc75479
2026-07-17 17:02:51,727 | INFO | booking-consumer | Batch written and offsets committed | records=10 | offsets={2: 1355}
2026-07-17 17:02:51,728 | INFO | booking-consumer | Event collected | batch=1/10 | partition=2 | offset=1355 | event_id=97538f60-7f1c-41d7-933f-f3fc16f33570
2026-07-17 17:02:51,728 | INFO | booking-consumer | Event collected | batch=2/10 | partition=2 | offset=1356 | event_id=41d62c04-aa7c-4163-8e0c-37fbbce38438
2026-07-17 17:02:51,729 | INFO | booking-consumer | Event collected | batch=3/10 | partition=2 | offset=1357 | event_id=dc2c4e0c-751a-426f-b8f8-ac74838c57c9
2026-07-17 17:02:51,729 | INFO | booking-consumer | Event collected | batch=4/10 | partition=2 | offset=1358 | event_id=99993ef0-1652-4101-8c9e-92580fbb551c
2026-07-17 17:02:51,730 | INFO | booking-consumer | Event collected | batch=5/10 | partition=2 | offset=1359 | event_id=4d235379-1c42-4d77-8bdd-fa10d8ead5d2
2026-07-17 17:02:51,730 | INFO | booking-consumer | Event collected | batch=6/10 | partition=2 | offset=1360 | event_id=f6c5afdc-77c8-4c4e-ac76-a4aefb3cdbfa
2026-07-17 17:02:51,730 | INFO | booking-consumer | Event collected | batch=7/10 | partition=2 | offset=1361 | event_id=53c1b5b1-2653-49b7-b978-5eaff1d62221
2026-07-17 17:02:51,731 | INFO | booking-consumer | Event collected | batch=8/10 | partition=2 | offset=1362 | event_id=33250144-5598-410c-a9f6-8c79e0fb9ac4
2026-07-17 17:02:51,732 | INFO | booking-consumer | Event collected | batch=9/10 | partition=2 | offset=1363 | event_id=8e0e2c77-9118-4899-aa54-2896aad358c9
2026-07-17 17:02:51,732 | INFO | booking-consumer | Event collected | batch=10/10 | partition=2 | offset=1364 | event_id=efab4183-98c0-43f8-91ff-8a7fdcfda0cd
2026-07-17 17:02:51,739 | INFO | booking-consumer | Batch written and offsets committed | records=10 | offsets={2: 1365}
2026-07-17 17:02:51,739 | INFO | booking-consumer | Event collected | batch=1/10 | partition=2 | offset=1365 | event_id=294183d3-19ff-4617-b0a6-108c30dc2781
2026-07-17 17:02:51,740 | INFO | booking-consumer | Event collected | batch=2/10 | partition=2 | offset=1366 | event_id=998e646d-2768-44d0-a98a-fab8cdbbdb02
2026-07-17 17:02:51,740 | INFO | booking-consumer | Event collected | batch=3/10 | partition=2 | offset=1367 | event_id=edb8b019-36a3-478b-9543-780ca586e5ef
2026-07-17 17:02:51,742 | INFO | booking-consumer | Event collected | batch=4/10 | partition=2 | offset=1368 | event_id=ef50b27c-4b9b-4376-8118-4ecdc0889fac
2026-07-17 17:02:51,742 | INFO | booking-consumer | Event collected | batch=5/10 | partition=2 | offset=1369 | event_id=315967a7-1dd1-4adb-b673-a137203a934e
2026-07-17 17:02:51,743 | INFO | booking-consumer | Event collected | batch=6/10 | partition=2 | offset=1370 | event_id=4eb2405c-964e-4ca9-ba3b-b665f20ed996
2026-07-17 17:02:51,743 | INFO | booking-consumer | Event collected | batch=7/10 | partition=2 | offset=1371 | event_id=403bdcc3-2be5-4e83-b1b0-1fd77768d6b5
2026-07-17 17:02:51,743 | INFO | booking-consumer | Event collected | batch=8/10 | partition=2 | offset=1372 | event_id=b983d2c0-9374-459e-bd10-bf63fe42cc01
2026-07-17 17:02:51,744 | INFO | booking-consumer | Event collected | batch=9/10 | partition=2 | offset=1373 | event_id=529d8ce7-8990-4e0c-835a-b78e84672b6e
2026-07-17 17:02:51,744 | INFO | booking-consumer | Event collected | batch=10/10 | partition=2 | offset=1374 | event_id=3d7e6759-c608-40f0-9870-bb10e3790685
2026-07-17 17:02:51,751 | INFO | booking-consumer | Batch written and offsets committed | records=10 | offsets={2: 1375}
2026-07-17 17:02:51,752 | INFO | booking-consumer | Event collected | batch=1/10 | partition=2 | offset=1375 | event_id=367c6e70-52f1-4ca2-969f-708c97258f22
2026-07-17 17:02:51,753 | INFO | booking-consumer | Event collected | batch=2/10 | partition=2 | offset=1376 | event_id=1e0f780a-ac31-4f40-90a7-42a8386e33b0
2026-07-17 17:02:51,753 | INFO | booking-consumer | Event collected | batch=3/10 | partition=2 | offset=1377 | event_id=0760bed9-efd0-4521-baed-c0cd6a0f4a62
2026-07-17 17:02:51,754 | INFO | booking-consumer | Event collected | batch=4/10 | partition=2 | offset=1378 | event_id=8c3348ef-ce75-4c06-ac10-a048ece3728d
2026-07-17 17:02:51,754 | INFO | booking-consumer | Event collected | batch=5/10 | partition=2 | offset=1379 | event_id=afbf581e-e260-456e-9a8b-c674c557534f
2026-07-17 17:02:51,755 | INFO | booking-consumer | Event collected | batch=6/10 | partition=2 | offset=1380 | event_id=1dca7e90-c2ea-4b4a-a833-4c89e65d63e7
2026-07-17 17:02:51,756 | INFO | booking-consumer | Event collected | batch=7/10 | partition=2 | offset=1381 | event_id=8ebe8959-a57d-46ec-92fe-9486b82f303b
2026-07-17 17:02:51,756 | INFO | booking-consumer | Event collected | batch=8/10 | partition=2 | offset=1382 | event_id=ce718019-7d07-4076-87b7-3001b4a363df
2026-07-17 17:02:51,758 | INFO | booking-consumer | Event collected | batch=9/10 | partition=2 | offset=1383 | event_id=760aaa6a-830f-40e3-ad56-411fd4d791e8
2026-07-17 17:02:51,758 | INFO | booking-consumer | Event collected | batch=10/10 | partition=2 | offset=1384 | event_id=427cbc5d-13d0-42cf-8158-e92563b6780e
2026-07-17 17:02:51,766 | INFO | booking-consumer | Batch written and offsets committed | records=10 | offsets={2: 1385}
2026-07-17 17:02:51,767 | INFO | booking-consumer | Event collected | batch=1/10 | partition=2 | offset=1385 | event_id=6cc9e439-b9a6-4295-8f47-7674211d6a67
2026-07-17 17:02:51,767 | INFO | booking-consumer | Event collected | batch=2/10 | partition=2 | offset=1386 | event_id=7c16ff29-3040-4093-9cfa-147b80af057f
2026-07-17 17:02:51,767 | INFO | booking-consumer | Event collected | batch=3/10 | partition=2 | offset=1387 | event_id=b21e04d7-0784-4ea6-bc99-85129aaa2b4f
2026-07-17 17:02:51,768 | INFO | booking-consumer | Event collected | batch=4/10 | partition=2 | offset=1388 | event_id=2cc1f90a-9510-4868-bb85-9dfbca5e4b49
2026-07-17 17:02:51,768 | INFO | booking-consumer | Event collected | batch=5/10 | partition=2 | offset=1389 | event_id=430738e7-c96b-4afb-94ab-441f73ec0de7
2026-07-17 17:02:51,769 | INFO | booking-consumer | Event collected | batch=6/10 | partition=2 | offset=1390 | event_id=75b14c73-b277-4064-aa29-41480de2b449
2026-07-17 17:02:51,769 | INFO | booking-consumer | Event collected | batch=7/10 | partition=2 | offset=1391 | event_id=171c24e2-17bb-4dae-b6a4-30c3b9877d23
2026-07-17 17:02:51,769 | INFO | booking-consumer | Event collected | batch=8/10 | partition=2 | offset=1392 | event_id=264e06f7-a243-4c0b-b2d4-d8b641765555
2026-07-17 17:02:51,770 | INFO | booking-consumer | Event collected | batch=9/10 | partition=2 | offset=1393 | event_id=ec82aba6-1f0a-4dfd-a95a-17d40848e4d3
2026-07-17 17:02:51,770 | INFO | booking-consumer | Event collected | batch=10/10 | partition=2 | offset=1394 | event_id=07faf931-ccc2-4d0b-b374-e60d0f13103a
2026-07-17 17:02:51,778 | INFO | booking-consumer | Batch written and offsets committed | records=10 | offsets={2: 1395}
2026-07-17 17:02:51,779 | INFO | booking-consumer | Event collected | batch=1/10 | partition=2 | offset=1395 | event_id=cf16ae6e-3978-419d-a05f-0f2b0be36743
2026-07-17 17:02:51,779 | INFO | booking-consumer | Event collected | batch=2/10 | partition=2 | offset=1396 | event_id=4e4061a9-a430-45b6-9164-ad1787ac8cce
2026-07-17 17:02:51,779 | INFO | booking-consumer | Event collected | batch=3/10 | partition=2 | offset=1397 | event_id=9858288c-64ca-4b5f-b095-7e76292369ed
2026-07-17 17:02:51,780 | INFO | booking-consumer | Event collected | batch=4/10 | partition=2 | offset=1398 | event_id=a7d6c438-ab9a-4aa2-bd5d-c738ae482e83
2026-07-17 17:02:51,780 | INFO | booking-consumer | Event collected | batch=5/10 | partition=2 | offset=1399 | event_id=de887fe2-771e-4505-9e65-e3d2b864bcc4
2026-07-17 17:02:51,780 | INFO | booking-consumer | Event collected | batch=6/10 | partition=2 | offset=1400 | event_id=9bdeb479-020d-4768-a2a0-3132f324cf95
2026-07-17 17:02:51,781 | INFO | booking-consumer | Event collected | batch=7/10 | partition=2 | offset=1401 | event_id=fef4915f-42f8-4dec-aeb0-06cebf0762f9
2026-07-17 17:02:51,781 | INFO | booking-consumer | Event collected | batch=8/10 | partition=2 | offset=1402 | event_id=478e8c4b-13f2-415f-87fa-92d7134325dd
2026-07-17 17:02:51,781 | INFO | booking-consumer | Event collected | batch=9/10 | partition=2 | offset=1403 | event_id=fe2d2484-e500-4600-bcd7-9baebeec973b
2026-07-17 17:02:51,782 | INFO | booking-consumer | Event collected | batch=10/10 | partition=2 | offset=1404 | event_id=de018fc7-f246-4942-a9d9-97b5828416c1
2026-07-17 17:02:51,789 | INFO | booking-consumer | Batch written and offsets committed | records=10 | offsets={2: 1405}
2026-07-17 17:02:51,789 | INFO | booking-consumer | Event collected | batch=1/10 | partition=2 | offset=1405 | event_id=0f8b3a70-7ad6-4e00-90b2-1e4571db38c2
2026-07-17 17:02:51,791 | INFO | booking-consumer | Event collected | batch=2/10 | partition=2 | offset=1406 | event_id=11c9d2c9-06b7-42a8-ae67-8f78a7d6722b
2026-07-17 17:02:51,791 | INFO | booking-consumer | Event collected | batch=3/10 | partition=2 | offset=1407 | event_id=c16cf86f-b110-4f56-b9fa-6a8bcb3aa895
2026-07-17 17:02:51,792 | INFO | booking-consumer | Event collected | batch=4/10 | partition=2 | offset=1408 | event_id=1916e9ab-75b3-455b-8af1-a4dd05991cb0
2026-07-17 17:02:51,792 | INFO | booking-consumer | Event collected | batch=5/10 | partition=2 | offset=1409 | event_id=5ca78b63-750a-4867-b33f-3057d421bd58
2026-07-17 17:02:51,793 | INFO | booking-consumer | Event collected | batch=6/10 | partition=2 | offset=1410 | event_id=1c6bcc9e-910f-4a5e-8ff8-ff40948b9899
2026-07-17 17:02:51,793 | INFO | booking-consumer | Event collected | batch=7/10 | partition=2 | offset=1411 | event_id=312ed9d7-e231-4006-84b8-66de960749bd
2026-07-17 17:02:51,794 | INFO | booking-consumer | Event collected | batch=8/10 | partition=2 | offset=1412 | event_id=8c8ca6ba-6b35-409f-bf9a-4105802877b9
2026-07-17 17:02:51,794 | INFO | booking-consumer | Event collected | batch=9/10 | partition=2 | offset=1413 | event_id=600047e3-ef40-4708-985a-c6293067938a
2026-07-17 17:02:51,794 | INFO | booking-consumer | Event collected | batch=10/10 | partition=2 | offset=1414 | event_id=79623440-652e-4fe1-916c-2cfef649781a
2026-07-17 17:02:51,800 | INFO | booking-consumer | Batch written and offsets committed | records=10 | offsets={2: 1415}
2026-07-17 17:02:51,801 | INFO | booking-consumer | Event collected | batch=1/10 | partition=2 | offset=1415 | event_id=d748dbb9-1da5-4b34-9307-66b22dd9a42f
2026-07-17 17:02:51,802 | INFO | booking-consumer | Event collected | batch=2/10 | partition=2 | offset=1416 | event_id=7db3a38d-8645-450d-9b56-9e3cc329cc03
2026-07-17 17:02:51,802 | INFO | booking-consumer | Event collected | batch=3/10 | partition=2 | offset=1417 | event_id=1a90bdd2-2b80-42d4-bd9b-569bd47b2c18
2026-07-17 17:02:51,802 | INFO | booking-consumer | Event collected | batch=4/10 | partition=2 | offset=1418 | event_id=8d2cb003-f7f9-4902-96e2-cde4801f85f0
2026-07-17 17:02:51,803 | INFO | booking-consumer | Event collected | batch=5/10 | partition=2 | offset=1419 | event_id=a3d91441-928a-4992-b4ca-9a07e6825ba8
2026-07-17 17:02:51,803 | INFO | booking-consumer | Event collected | batch=6/10 | partition=2 | offset=1420 | event_id=18751319-a5c2-4a65-beb6-6df2509f9983
2026-07-17 17:02:51,803 | INFO | booking-consumer | Event collected | batch=7/10 | partition=2 | offset=1421 | event_id=20c14b66-44a2-4478-955d-3f80b94f2641
2026-07-17 17:02:51,804 | INFO | booking-consumer | Event collected | batch=8/10 | partition=2 | offset=1422 | event_id=da3e4182-c020-4000-b9fc-4f174020603d
2026-07-17 17:02:51,804 | INFO | booking-consumer | Event collected | batch=9/10 | partition=2 | offset=1423 | event_id=e8dfc087-34cd-484f-aa1c-dbb8c3f1fc7e
2026-07-17 17:02:51,805 | INFO | booking-consumer | Event collected | batch=10/10 | partition=2 | offset=1424 | event_id=6ca9c596-9a4a-4225-9f7a-81b1f0dbf216
2026-07-17 17:02:51,813 | INFO | booking-consumer | Batch written and offsets committed | records=10 | offsets={2: 1425}
2026-07-17 17:02:51,813 | INFO | booking-consumer | Event collected | batch=1/10 | partition=2 | offset=1425 | event_id=f54b3f6f-acb8-4b1e-94ec-540af51485ae
2026-07-17 17:02:51,814 | INFO | booking-consumer | Event collected | batch=2/10 | partition=2 | offset=1426 | event_id=b6aee588-5476-49c9-9861-ecd94a0542bf
2026-07-17 17:02:51,814 | INFO | booking-consumer | Event collected | batch=3/10 | partition=2 | offset=1427 | event_id=cd5e1045-9cf1-4ecb-a306-f6e74df1ad7f
2026-07-17 17:02:51,815 | INFO | booking-consumer | Event collected | batch=4/10 | partition=2 | offset=1428 | event_id=b41053ca-5203-4390-972a-ce5367d92d43
2026-07-17 17:02:51,815 | INFO | booking-consumer | Event collected | batch=5/10 | partition=2 | offset=1429 | event_id=a657dcec-af44-4b73-a842-5c8ff59071ba
2026-07-17 17:02:51,816 | INFO | booking-consumer | Event collected | batch=6/10 | partition=2 | offset=1430 | event_id=c61bdbcb-3c21-4ddd-8b9e-377fc2322fb3
2026-07-17 17:02:51,816 | INFO | booking-consumer | Event collected | batch=7/10 | partition=2 | offset=1431 | event_id=7b548865-a6e6-42c6-8711-6c71c7c7d93d
2026-07-17 17:02:51,816 | INFO | booking-consumer | Event collected | batch=8/10 | partition=2 | offset=1432 | event_id=fe2e2eca-9457-4030-9d42-de815a53af8e
2026-07-17 17:02:51,817 | INFO | booking-consumer | Event collected | batch=9/10 | partition=2 | offset=1433 | event_id=87dc9149-d758-4cd9-b6f7-5881627d8d5f
2026-07-17 17:02:51,817 | INFO | booking-consumer | Event collected | batch=10/10 | partition=2 | offset=1434 | event_id=0a9ec597-20b1-4cbf-bc9c-aacfd2807c89
2026-07-17 17:02:51,824 | INFO | booking-consumer | Batch written and offsets committed | records=10 | offsets={2: 1435}
2026-07-17 17:02:51,825 | INFO | booking-consumer | Event collected | batch=1/10 | partition=2 | offset=1435 | event_id=f8d46931-e5c9-4b3b-9f32-5377dfe400c2
2026-07-17 17:02:51,825 | INFO | booking-consumer | Event collected | batch=2/10 | partition=2 | offset=1436 | event_id=bd7d51b0-ee8a-4fea-907d-e522786c3f9c
2026-07-17 17:02:51,826 | INFO | booking-consumer | Event collected | batch=3/10 | partition=2 | offset=1437 | event_id=19b09621-a7aa-41de-9a21-267056bdf4a0
2026-07-17 17:02:51,827 | INFO | booking-consumer | Event collected | batch=4/10 | partition=2 | offset=1438 | event_id=c815ec7f-f836-46b3-8f64-9e0e8f6afa96
2026-07-17 17:02:51,827 | INFO | booking-consumer | Event collected | batch=5/10 | partition=2 | offset=1439 | event_id=874ceb13-07de-4866-bb2f-dd5eaccdad0b
2026-07-17 17:02:51,827 | INFO | booking-consumer | Event collected | batch=6/10 | partition=2 | offset=1440 | event_id=c723c015-992b-4429-b602-3add24da926f
2026-07-17 17:02:51,828 | INFO | booking-consumer | Event collected | batch=7/10 | partition=2 | offset=1441 | event_id=04a3380f-7962-4709-a9ff-3aa3bb0d53a2
2026-07-17 17:02:51,829 | INFO | booking-consumer | Event collected | batch=8/10 | partition=2 | offset=1442 | event_id=b1acec81-0e1e-4eb4-b123-d131ff243600
2026-07-17 17:02:51,829 | INFO | booking-consumer | Event collected | batch=9/10 | partition=2 | offset=1443 | event_id=135cd8da-7512-4364-9e26-92dc9439474d
2026-07-17 17:02:51,829 | INFO | booking-consumer | Event collected | batch=10/10 | partition=2 | offset=1444 | event_id=b806887a-f923-43a8-8f47-64a898b21500
2026-07-17 17:02:51,836 | INFO | booking-consumer | Batch written and offsets committed | records=10 | offsets={2: 1445}
2026-07-17 17:02:51,837 | INFO | booking-consumer | Event collected | batch=1/10 | partition=2 | offset=1445 | event_id=5cf923ea-dda9-48ee-999c-91e154b1da49
2026-07-17 17:02:51,837 | INFO | booking-consumer | Event collected | batch=2/10 | partition=2 | offset=1446 | event_id=4dee04de-4a1c-4625-b06c-250471d66c21
2026-07-17 17:02:51,838 | INFO | booking-consumer | Event collected | batch=3/10 | partition=2 | offset=1447 | event_id=dc8634a0-eb5b-4ef0-95fc-0450eb8c3446
2026-07-17 17:02:51,840 | INFO | booking-consumer | Event collected | batch=4/10 | partition=2 | offset=1448 | event_id=db505037-179e-42ae-b482-d2d399874392
2026-07-17 17:02:51,841 | INFO | booking-consumer | Event collected | batch=5/10 | partition=2 | offset=1449 | event_id=09549a49-214b-4321-9f83-87aeb8b09c3c
2026-07-17 17:02:51,842 | INFO | booking-consumer | Event collected | batch=6/10 | partition=2 | offset=1450 | event_id=b7a350a3-4ad7-48a1-b6b4-82709cd5bc31
2026-07-17 17:02:51,842 | INFO | booking-consumer | Event collected | batch=7/10 | partition=2 | offset=1451 | event_id=4f93a8c5-8106-4041-960e-7b2efee945b5
2026-07-17 17:02:51,843 | INFO | booking-consumer | Event collected | batch=8/10 | partition=2 | offset=1452 | event_id=a4ce53c8-256c-4608-9148-78689080e6ca
2026-07-17 17:02:51,843 | INFO | booking-consumer | Event collected | batch=9/10 | partition=2 | offset=1453 | event_id=b4ce1c54-5d0b-49d4-9e22-58c5c28956ae
2026-07-17 17:02:51,844 | INFO | booking-consumer | Event collected | batch=10/10 | partition=2 | offset=1454 | event_id=abfaa408-8f61-4097-8fa5-fe5edd06744e
2026-07-17 17:02:51,850 | INFO | booking-consumer | Batch written and offsets committed | records=10 | offsets={2: 1455}
2026-07-17 17:02:51,851 | INFO | booking-consumer | Event collected | batch=1/10 | partition=2 | offset=1455 | event_id=e854d80a-52e7-4e85-803d-fe614dc395ae
2026-07-17 17:02:51,851 | INFO | booking-consumer | Event collected | batch=2/10 | partition=2 | offset=1456 | event_id=30c6be63-4d35-4d49-ac10-3518fdcaff7d
2026-07-17 17:02:51,852 | INFO | booking-consumer | Event collected | batch=3/10 | partition=2 | offset=1457 | event_id=c845d1e5-f2b6-4456-8a8c-f55a5e9b35f9
2026-07-17 17:02:51,852 | INFO | booking-consumer | Event collected | batch=4/10 | partition=2 | offset=1458 | event_id=46f13cb9-8138-4ae2-ae9b-9af643fde95b
2026-07-17 17:02:51,852 | INFO | booking-consumer | Event collected | batch=5/10 | partition=2 | offset=1459 | event_id=f919d787-44ab-4e0c-8583-d516ef0e3f72
2026-07-17 17:02:51,853 | INFO | booking-consumer | Event collected | batch=6/10 | partition=2 | offset=1460 | event_id=d68a7f58-9d99-4fbb-a97a-1349ac366eb4
2026-07-17 17:02:51,854 | INFO | booking-consumer | Event collected | batch=7/10 | partition=2 | offset=1461 | event_id=38539288-9559-4abd-9e93-1b3001c6a5dd
2026-07-17 17:02:51,854 | INFO | booking-consumer | Event collected | batch=8/10 | partition=2 | offset=1462 | event_id=4e414c62-de7e-4ca1-8627-12cfb86ffe34
2026-07-17 17:02:51,854 | INFO | booking-consumer | Event collected | batch=9/10 | partition=2 | offset=1463 | event_id=4c254bb8-5ec9-45ca-abbd-9c5af6a508ca
2026-07-17 17:02:51,855 | INFO | booking-consumer | Event collected | batch=10/10 | partition=2 | offset=1464 | event_id=c4495da3-7460-49ea-84b2-332a3bbe01eb
2026-07-17 17:02:51,863 | INFO | booking-consumer | Batch written and offsets committed | records=10 | offsets={2: 1465}
2026-07-17 17:02:51,863 | INFO | booking-consumer | Event collected | batch=1/10 | partition=2 | offset=1465 | event_id=83487c93-955d-4b14-9a8e-611f00923e43
2026-07-17 17:02:51,864 | INFO | booking-consumer | Event collected | batch=2/10 | partition=2 | offset=1466 | event_id=10607638-25d2-4815-8769-1dc83afc6ec0
2026-07-17 17:02:51,864 | INFO | booking-consumer | Event collected | batch=3/10 | partition=2 | offset=1467 | event_id=cc904a54-6610-4b5c-9d34-6abc092f3e31
2026-07-17 17:02:51,864 | INFO | booking-consumer | Event collected | batch=4/10 | partition=2 | offset=1468 | event_id=6da3ef20-be54-4da6-b735-6e29ce4766c7
2026-07-17 17:02:51,865 | INFO | booking-consumer | Event collected | batch=5/10 | partition=2 | offset=1469 | event_id=9b955190-69cb-42e3-af0c-e1c813f4b189
2026-07-17 17:02:51,865 | INFO | booking-consumer | Event collected | batch=6/10 | partition=2 | offset=1470 | event_id=92740112-2cb6-4b43-a13d-46e14165c622
2026-07-17 17:02:51,865 | INFO | booking-consumer | Event collected | batch=7/10 | partition=2 | offset=1471 | event_id=497056d9-6360-4153-91cf-7c4410932d20
2026-07-17 17:02:51,865 | INFO | booking-consumer | Event collected | batch=8/10 | partition=2 | offset=1472 | event_id=a2488dc5-1088-4b0b-b3ea-166919626c26
2026-07-17 17:02:51,866 | INFO | booking-consumer | Event collected | batch=9/10 | partition=2 | offset=1473 | event_id=97bfe5bb-a36e-4855-8b66-e0d8f34bf603
2026-07-17 17:02:51,866 | INFO | booking-consumer | Event collected | batch=10/10 | partition=2 | offset=1474 | event_id=80e5544c-86c2-4ea5-9ea2-4834a9be97c4
2026-07-17 17:02:51,874 | INFO | booking-consumer | Batch written and offsets committed | records=10 | offsets={2: 1475}
2026-07-17 17:02:51,875 | INFO | booking-consumer | Event collected | batch=1/10 | partition=2 | offset=1475 | event_id=d8e39b42-12b4-4669-bc08-2922dd02488b
2026-07-17 17:02:51,876 | INFO | booking-consumer | Event collected | batch=2/10 | partition=2 | offset=1476 | event_id=59973e3b-757d-4f4e-a5ec-3e713c00bb89
2026-07-17 17:02:51,877 | INFO | booking-consumer | Event collected | batch=3/10 | partition=2 | offset=1477 | event_id=7de1acd2-8b3a-464a-a846-c93a6eb694a3
2026-07-17 17:02:51,877 | INFO | booking-consumer | Event collected | batch=4/10 | partition=2 | offset=1478 | event_id=1d7cb6bd-ef60-4007-a562-b42ffa3f890e
2026-07-17 17:02:51,877 | INFO | booking-consumer | Event collected | batch=5/10 | partition=2 | offset=1479 | event_id=3a854656-9704-4d6b-a152-bf46fa2dedee
2026-07-17 17:02:51,878 | INFO | booking-consumer | Event collected | batch=6/10 | partition=2 | offset=1480 | event_id=737013aa-1ff0-4542-ba65-6e99c4f8bc22
2026-07-17 17:02:51,878 | INFO | booking-consumer | Event collected | batch=7/10 | partition=2 | offset=1481 | event_id=5f72dec6-d9e6-4b67-af42-61b164480da4
2026-07-17 17:02:51,878 | INFO | booking-consumer | Event collected | batch=8/10 | partition=2 | offset=1482 | event_id=e8b7be37-475c-4010-9b0d-a2013fac70cc
2026-07-17 17:02:51,879 | INFO | booking-consumer | Event collected | batch=9/10 | partition=2 | offset=1483 | event_id=7999486c-7eac-4085-868e-dfd15149679c
2026-07-17 17:02:51,880 | INFO | booking-consumer | Event collected | batch=10/10 | partition=2 | offset=1484 | event_id=9dba3d35-0091-4074-b291-8b9121d26a56
2026-07-17 17:02:51,886 | INFO | booking-consumer | Batch written and offsets committed | records=10 | offsets={2: 1485}
2026-07-17 17:02:51,887 | INFO | booking-consumer | Event collected | batch=1/10 | partition=2 | offset=1485 | event_id=dc6c27fa-f230-491d-bc30-854bf52428a9
2026-07-17 17:02:51,887 | INFO | booking-consumer | Event collected | batch=2/10 | partition=2 | offset=1486 | event_id=f2237eab-ba41-40fc-8868-83cbf8fccc7f
2026-07-17 17:02:51,888 | INFO | booking-consumer | Event collected | batch=3/10 | partition=2 | offset=1487 | event_id=4e50bc6f-f39c-4bbf-8d40-de3d5241694d
2026-07-17 17:02:51,888 | INFO | booking-consumer | Event collected | batch=4/10 | partition=2 | offset=1488 | event_id=27e5c79e-b30e-4d59-b4d5-71166b0d71ff
2026-07-17 17:02:51,889 | INFO | booking-consumer | Event collected | batch=5/10 | partition=2 | offset=1489 | event_id=bc4a8d30-4b7d-4bd7-9a91-a56c8f10d209
2026-07-17 17:02:51,905 | INFO | booking-consumer | Event collected | batch=6/10 | partition=2 | offset=1490 | event_id=d8c43016-7474-4863-b7d5-a58ccaba869b
2026-07-17 17:02:51,906 | INFO | booking-consumer | Event collected | batch=7/10 | partition=2 | offset=1491 | event_id=b2a72d16-0a79-4515-876d-ca612b5971d6
2026-07-17 17:02:51,906 | INFO | booking-consumer | Event collected | batch=8/10 | partition=2 | offset=1492 | event_id=157f2dc1-cd25-4d0b-9760-f4147c846a3e
2026-07-17 17:02:51,908 | INFO | booking-consumer | Event collected | batch=9/10 | partition=2 | offset=1493 | event_id=8f1501f5-dc39-4dd5-8965-f40c8d4f3740
2026-07-17 17:02:51,909 | INFO | booking-consumer | Event collected | batch=10/10 | partition=2 | offset=1494 | event_id=2e319743-e230-41ce-ace8-c77f5d88aea5
2026-07-17 17:02:51,917 | INFO | booking-consumer | Batch written and offsets committed | records=10 | offsets={2: 1495}
2026-07-17 17:02:51,918 | INFO | booking-consumer | Event collected | batch=1/10 | partition=2 | offset=1495 | event_id=a1811d83-d07c-42f7-b781-5e6f055698e4
2026-07-17 17:02:51,919 | INFO | booking-consumer | Event collected | batch=2/10 | partition=2 | offset=1496 | event_id=62ac023d-2634-47ba-9fcd-e353f3f2bf3d
2026-07-17 17:02:51,919 | INFO | booking-consumer | Event collected | batch=3/10 | partition=2 | offset=1497 | event_id=326b1a4b-fccf-405f-948d-404f042bf847
2026-07-17 17:02:51,920 | INFO | booking-consumer | Event collected | batch=4/10 | partition=2 | offset=1498 | event_id=cfbe89d7-f03d-42a1-be5b-e076e805c106
2026-07-17 17:02:51,920 | INFO | booking-consumer | Event collected | batch=5/10 | partition=2 | offset=1499 | event_id=3d15bda6-cbc6-4225-9aa9-38f1df9be2b1
2026-07-17 17:02:51,922 | INFO | booking-consumer | Event collected | batch=6/10 | partition=2 | offset=1500 | event_id=9c906165-6685-40b3-908b-93a5bd9f2b29
2026-07-17 17:02:51,922 | INFO | booking-consumer | Event collected | batch=7/10 | partition=2 | offset=1501 | event_id=51ea4903-b539-4f91-9235-78e472f47ff4
2026-07-17 17:02:51,923 | INFO | booking-consumer | Event collected | batch=8/10 | partition=2 | offset=1502 | event_id=ee78997b-3733-4613-a355-595d811aa3d1
2026-07-17 17:02:51,924 | INFO | booking-consumer | Event collected | batch=9/10 | partition=2 | offset=1503 | event_id=3ff4c43e-3eae-4954-9dee-d94b25f90b41
2026-07-17 17:02:51,925 | INFO | booking-consumer | Event collected | batch=10/10 | partition=2 | offset=1504 | event_id=5e2bbf07-715c-49f3-95d4-2ac59c9cd841
2026-07-17 17:02:51,932 | INFO | booking-consumer | Batch written and offsets committed | records=10 | offsets={2: 1505}
2026-07-17 17:02:51,933 | INFO | booking-consumer | Event collected | batch=1/10 | partition=2 | offset=1505 | event_id=5bff4409-d89b-4849-982b-e185d8c4fd63
2026-07-17 17:02:51,934 | INFO | booking-consumer | Event collected | batch=2/10 | partition=2 | offset=1506 | event_id=3fc4a372-5138-401f-9606-1e6640fbff36
2026-07-17 17:02:51,934 | INFO | booking-consumer | Event collected | batch=3/10 | partition=2 | offset=1507 | event_id=cfa67fd1-d4d8-4142-b679-98f7e7b6d405
2026-07-17 17:02:51,935 | INFO | booking-consumer | Event collected | batch=4/10 | partition=2 | offset=1508 | event_id=20dfd7ac-3a2a-426d-96e4-bceb15e24807
2026-07-17 17:02:51,935 | INFO | booking-consumer | Event collected | batch=5/10 | partition=2 | offset=1509 | event_id=13bc1c12-4615-43a7-9679-a36faddfc492
2026-07-17 17:02:51,936 | INFO | booking-consumer | Event collected | batch=6/10 | partition=2 | offset=1510 | event_id=f897c313-5a49-4d8a-92e5-fb612b3b2845
2026-07-17 17:02:51,937 | INFO | booking-consumer | Event collected | batch=7/10 | partition=2 | offset=1511 | event_id=65771766-6dad-40eb-b8e0-4b2d18770281
2026-07-17 17:02:51,937 | INFO | booking-consumer | Event collected | batch=8/10 | partition=2 | offset=1512 | event_id=8417654c-a4c3-4092-be00-4f7383417140
2026-07-17 17:02:51,938 | INFO | booking-consumer | Event collected | batch=9/10 | partition=2 | offset=1513 | event_id=664cfff1-9970-445d-8796-70eed4cd9fb0
2026-07-17 17:02:51,939 | INFO | booking-consumer | Event collected | batch=10/10 | partition=2 | offset=1514 | event_id=1a001fc9-a7eb-4f75-88ce-ccd6277f6656
2026-07-17 17:02:51,949 | INFO | booking-consumer | Batch written and offsets committed | records=10 | offsets={2: 1515}
2026-07-17 17:02:51,949 | INFO | booking-consumer | Event collected | batch=1/10 | partition=2 | offset=1515 | event_id=7f4a4f64-be5a-4c47-a39f-690d9bcf4258
2026-07-17 17:02:51,950 | INFO | booking-consumer | Event collected | batch=2/10 | partition=2 | offset=1516 | event_id=215de6e1-3ad9-4c65-898b-6d8e4886e945
2026-07-17 17:02:51,951 | INFO | booking-consumer | Event collected | batch=3/10 | partition=2 | offset=1517 | event_id=ab283886-dff0-4051-a7ee-c745ab70243e
2026-07-17 17:02:51,951 | INFO | booking-consumer | Event collected | batch=4/10 | partition=2 | offset=1518 | event_id=aaaadeee-e74e-4e19-8ecf-dd1a755c22b2
2026-07-17 17:02:51,951 | INFO | booking-consumer | Event collected | batch=5/10 | partition=2 | offset=1519 | event_id=3ee7603e-04ce-498e-bfba-5acef1fdb321
2026-07-17 17:02:51,952 | INFO | booking-consumer | Event collected | batch=6/10 | partition=2 | offset=1520 | event_id=0e91c73c-2d20-4cf2-85c4-74b3c5fe73b0
2026-07-17 17:02:51,952 | INFO | booking-consumer | Event collected | batch=7/10 | partition=2 | offset=1521 | event_id=fb492585-2f95-452d-abec-ef1f8e509d35
2026-07-17 17:02:51,953 | INFO | booking-consumer | Event collected | batch=8/10 | partition=2 | offset=1522 | event_id=c88db7d5-83af-4580-b3df-d530ef90001f
2026-07-17 17:02:51,954 | INFO | booking-consumer | Event collected | batch=9/10 | partition=2 | offset=1523 | event_id=df1345f7-6600-4d06-9ca0-4792956552e6
2026-07-17 17:02:51,954 | INFO | booking-consumer | Event collected | batch=10/10 | partition=2 | offset=1524 | event_id=41a9aec3-8411-4242-a8a9-1b87ab7fe615
2026-07-17 17:02:51,963 | INFO | booking-consumer | Batch written and offsets committed | records=10 | offsets={2: 1525}
2026-07-17 17:02:51,963 | INFO | booking-consumer | Event collected | batch=1/10 | partition=2 | offset=1525 | event_id=7955bd89-51cb-4bef-9f2d-15fb62cc6678
2026-07-17 17:02:51,964 | INFO | booking-consumer | Event collected | batch=2/10 | partition=2 | offset=1526 | event_id=316e33ab-9a5b-4645-9e51-7457abf04f48
2026-07-17 17:02:51,965 | INFO | booking-consumer | Event collected | batch=3/10 | partition=2 | offset=1527 | event_id=c3fc25d0-13c4-4be2-9bb7-3f54275e9578
2026-07-17 17:02:51,965 | INFO | booking-consumer | Event collected | batch=4/10 | partition=2 | offset=1528 | event_id=b8e054d6-aa12-4285-bbbe-47e777be61a6
2026-07-17 17:02:51,966 | INFO | booking-consumer | Event collected | batch=5/10 | partition=2 | offset=1529 | event_id=f27caa83-cf23-4a3c-83a2-acb0d914198a
2026-07-17 17:02:51,966 | INFO | booking-consumer | Event collected | batch=6/10 | partition=2 | offset=1530 | event_id=9f2049e8-4cce-45f6-abc0-b6ffa66b2ef4
2026-07-17 17:02:51,967 | INFO | booking-consumer | Event collected | batch=7/10 | partition=2 | offset=1531 | event_id=ce207667-2815-4a37-a8c8-1ee6f0f7db23
2026-07-17 17:02:51,968 | INFO | booking-consumer | Event collected | batch=8/10 | partition=2 | offset=1532 | event_id=de9a80db-f0c9-4d46-85cd-2025112a7433
2026-07-17 17:02:51,968 | INFO | booking-consumer | Event collected | batch=9/10 | partition=2 | offset=1533 | event_id=d6a6af97-ae0f-4ba6-a3c4-9287bfb3e1ad
2026-07-17 17:02:51,969 | INFO | booking-consumer | Event collected | batch=10/10 | partition=2 | offset=1534 | event_id=830ae51c-13ba-4175-9c01-748d3ab2f771
2026-07-17 17:02:51,978 | INFO | booking-consumer | Batch written and offsets committed | records=10 | offsets={2: 1535}
2026-07-17 17:02:51,979 | INFO | booking-consumer | Event collected | batch=1/10 | partition=2 | offset=1535 | event_id=d3394123-5ab7-4b80-aa41-3d3d49c4e539
2026-07-17 17:02:51,979 | INFO | booking-consumer | Event collected | batch=2/10 | partition=2 | offset=1536 | event_id=ae30b07d-34b9-4d01-bd65-336ea30475e3
2026-07-17 17:02:51,980 | INFO | booking-consumer | Event collected | batch=3/10 | partition=2 | offset=1537 | event_id=32dd3fae-9e9d-4690-b9fe-2e8f8f2f3e06
2026-07-17 17:02:51,980 | INFO | booking-consumer | Event collected | batch=4/10 | partition=2 | offset=1538 | event_id=f13ecf77-01e8-47f3-a7a3-c829633fc77f
2026-07-17 17:02:51,981 | INFO | booking-consumer | Event collected | batch=5/10 | partition=2 | offset=1539 | event_id=8ae3ca79-da64-4010-b8c9-cc82f3275726
2026-07-17 17:02:51,981 | INFO | booking-consumer | Event collected | batch=6/10 | partition=2 | offset=1540 | event_id=111cbfce-1112-49b2-a73c-ae4338f2140e
2026-07-17 17:02:51,981 | INFO | booking-consumer | Event collected | batch=7/10 | partition=2 | offset=1541 | event_id=daf4ee0e-a32d-45e7-9627-07997e076d61
2026-07-17 17:02:51,982 | INFO | booking-consumer | Event collected | batch=8/10 | partition=2 | offset=1542 | event_id=39918c53-4a90-41fe-82c2-8146f1e55583
2026-07-17 17:02:51,982 | INFO | booking-consumer | Event collected | batch=9/10 | partition=2 | offset=1543 | event_id=3425d10c-84ba-4056-8a40-52833527df8f
2026-07-17 17:02:51,983 | INFO | booking-consumer | Event collected | batch=10/10 | partition=2 | offset=1544 | event_id=c04d2277-b4d6-4451-8163-083ab355d7f2
2026-07-17 17:02:51,993 | INFO | booking-consumer | Batch written and offsets committed | records=10 | offsets={2: 1545}
2026-07-17 17:02:51,993 | INFO | booking-consumer | Event collected | batch=1/10 | partition=2 | offset=1545 | event_id=da756177-2ba4-4248-a2cf-d753422b43c3
2026-07-17 17:02:51,994 | INFO | booking-consumer | Event collected | batch=2/10 | partition=2 | offset=1546 | event_id=2ab6eadb-c509-43e7-9902-08bf2ea4de0a
2026-07-17 17:02:51,995 | INFO | booking-consumer | Event collected | batch=3/10 | partition=2 | offset=1547 | event_id=cd07f746-1b06-466c-8275-dfb7d7e48d02
2026-07-17 17:02:51,996 | INFO | booking-consumer | Event collected | batch=4/10 | partition=2 | offset=1548 | event_id=9d606851-7719-4c91-92db-687c678fac82
2026-07-17 17:02:51,996 | INFO | booking-consumer | Event collected | batch=5/10 | partition=2 | offset=1549 | event_id=2c6dbd40-197c-415c-bec7-9d0a62ce4354
2026-07-17 17:02:51,997 | INFO | booking-consumer | Event collected | batch=6/10 | partition=2 | offset=1550 | event_id=743f753a-0280-4c24-89a1-b79dc91670a6
2026-07-17 17:02:51,997 | INFO | booking-consumer | Event collected | batch=7/10 | partition=2 | offset=1551 | event_id=b262d057-a646-4a3b-b6e0-7cba03d3a374
2026-07-17 17:02:51,998 | INFO | booking-consumer | Event collected | batch=8/10 | partition=2 | offset=1552 | event_id=cdf73896-d6da-4a62-9770-344cdf13ca3e
2026-07-17 17:02:51,998 | INFO | booking-consumer | Event collected | batch=9/10 | partition=2 | offset=1553 | event_id=f9d12bd0-0120-4146-a468-02800ddefd37
2026-07-17 17:02:51,998 | INFO | booking-consumer | Event collected | batch=10/10 | partition=2 | offset=1554 | event_id=5a3f57a3-eabc-4c2c-b038-9e61a51760a2
2026-07-17 17:02:52,009 | INFO | booking-consumer | Batch written and offsets committed | records=10 | offsets={2: 1555}
2026-07-17 17:02:52,009 | INFO | booking-consumer | Event collected | batch=1/10 | partition=2 | offset=1555 | event_id=63fb2880-a281-431a-bd77-734ba006eea6
2026-07-17 17:02:52,010 | INFO | booking-consumer | Event collected | batch=2/10 | partition=2 | offset=1556 | event_id=a98354bd-8d80-489d-b539-9ef66ca18ddf
2026-07-17 17:02:52,011 | INFO | booking-consumer | Event collected | batch=3/10 | partition=2 | offset=1557 | event_id=26d1268e-02df-4059-bfef-367af898560f
2026-07-17 17:02:52,011 | INFO | booking-consumer | Event collected | batch=4/10 | partition=2 | offset=1558 | event_id=1469d43d-102d-4cba-8e55-50612de5587b
2026-07-17 17:02:52,011 | INFO | booking-consumer | Event collected | batch=5/10 | partition=2 | offset=1559 | event_id=e384c0da-4647-405e-8eb6-6a4dfb73cd35
2026-07-17 17:02:52,012 | INFO | booking-consumer | Event collected | batch=6/10 | partition=2 | offset=1560 | event_id=df74d4d0-1486-4eaa-af58-5fd17a9b469b
2026-07-17 17:02:52,012 | INFO | booking-consumer | Event collected | batch=7/10 | partition=2 | offset=1561 | event_id=fe12d040-790d-47aa-841a-48c86f873f06
2026-07-17 17:02:52,012 | INFO | booking-consumer | Event collected | batch=8/10 | partition=2 | offset=1562 | event_id=3d798c0f-c11c-4805-aab2-8b0082886205
2026-07-17 17:02:52,013 | INFO | booking-consumer | Event collected | batch=9/10 | partition=2 | offset=1563 | event_id=d7c66eb0-e1b7-4312-bcc2-273fa6b858b5
2026-07-17 17:02:52,014 | INFO | booking-consumer | Event collected | batch=10/10 | partition=2 | offset=1564 | event_id=cb322eb7-f590-42c4-9cb6-18ab46fdadfa
2026-07-17 17:02:52,022 | INFO | booking-consumer | Batch written and offsets committed | records=10 | offsets={2: 1565}
2026-07-17 17:02:52,023 | INFO | booking-consumer | Event collected | batch=1/10 | partition=2 | offset=1565 | event_id=d8a51ecc-f244-458c-80a8-7e7374528f3e
2026-07-17 17:02:52,025 | INFO | booking-consumer | Event collected | batch=2/10 | partition=2 | offset=1566 | event_id=1c46df8d-1e1c-411b-91f1-164d893f2394
2026-07-17 17:02:52,025 | INFO | booking-consumer | Event collected | batch=3/10 | partition=2 | offset=1567 | event_id=c61b89f7-b672-4595-93df-df073fbb2fa2
2026-07-17 17:02:52,026 | INFO | booking-consumer | Event collected | batch=4/10 | partition=2 | offset=1568 | event_id=7250059c-7e7f-4aff-90ab-d3da9894913f
2026-07-17 17:02:52,027 | INFO | booking-consumer | Event collected | batch=5/10 | partition=2 | offset=1569 | event_id=650675c7-d371-4b99-97ca-85f50e674335
2026-07-17 17:02:52,028 | INFO | booking-consumer | Event collected | batch=6/10 | partition=2 | offset=1570 | event_id=7e9e847b-d51d-4aca-8986-8e93700eff0e
2026-07-17 17:02:52,028 | INFO | booking-consumer | Event collected | batch=7/10 | partition=2 | offset=1571 | event_id=5f97b2a5-71ea-4d19-af15-67446655315a
2026-07-17 17:02:52,029 | INFO | booking-consumer | Event collected | batch=8/10 | partition=2 | offset=1572 | event_id=d1f975f5-6c92-4ac1-be48-c50f82e3cc81
2026-07-17 17:02:52,030 | INFO | booking-consumer | Event collected | batch=9/10 | partition=2 | offset=1573 | event_id=bacb6408-1604-44f9-ba98-bc4ed6858c6a
2026-07-17 17:02:52,030 | INFO | booking-consumer | Event collected | batch=10/10 | partition=2 | offset=1574 | event_id=a51ab978-4c81-4dd1-9ddc-8710a930fde5
2026-07-17 17:02:52,038 | INFO | booking-consumer | Batch written and offsets committed | records=10 | offsets={2: 1575}
2026-07-17 17:02:52,039 | INFO | booking-consumer | Event collected | batch=1/10 | partition=2 | offset=1575 | event_id=0ba9e624-d1f7-4e72-a1ba-4ab4d0204ae0
2026-07-17 17:02:52,040 | INFO | booking-consumer | Event collected | batch=2/10 | partition=2 | offset=1576 | event_id=98916293-a6eb-4f91-9328-96f634671ebc
2026-07-17 17:02:52,042 | INFO | booking-consumer | Event collected | batch=3/10 | partition=2 | offset=1577 | event_id=0f115c48-d1f6-40dd-a5db-fec3030241a4
2026-07-17 17:02:52,042 | INFO | booking-consumer | Event collected | batch=4/10 | partition=2 | offset=1578 | event_id=d25ecbb6-87b5-4ac3-930b-660a3f1f63f9
2026-07-17 17:02:52,043 | INFO | booking-consumer | Event collected | batch=5/10 | partition=2 | offset=1579 | event_id=67369d67-f4d9-4265-ba0e-5b746281203c
2026-07-17 17:02:52,044 | INFO | booking-consumer | Event collected | batch=6/10 | partition=2 | offset=1580 | event_id=c2d32d59-6457-4294-bebe-82505e5b0ef1
2026-07-17 17:02:52,045 | INFO | booking-consumer | Event collected | batch=7/10 | partition=2 | offset=1581 | event_id=76ea65b6-610f-4938-896f-72beddafd1e3
2026-07-17 17:02:52,046 | INFO | booking-consumer | Event collected | batch=8/10 | partition=2 | offset=1582 | event_id=daf6cab4-0b0b-4bc3-9f07-e7fce662072f
2026-07-17 17:02:52,046 | INFO | booking-consumer | Event collected | batch=9/10 | partition=2 | offset=1583 | event_id=9f19e1b6-8635-4104-9adb-6317a99ad239
2026-07-17 17:02:52,047 | INFO | booking-consumer | Event collected | batch=10/10 | partition=2 | offset=1584 | event_id=84673f18-1f0c-43b2-8aec-b9dcd9fcdcaf
2026-07-17 17:02:52,055 | INFO | booking-consumer | Batch written and offsets committed | records=10 | offsets={2: 1585}
2026-07-17 17:02:52,056 | INFO | booking-consumer | Event collected | batch=1/10 | partition=2 | offset=1585 | event_id=38bfc717-6417-47b5-996a-02c9f748bc4c
2026-07-17 17:02:52,058 | INFO | booking-consumer | Event collected | batch=2/10 | partition=2 | offset=1586 | event_id=b73e90bd-f06f-441b-99d6-798e775c2c41
2026-07-17 17:02:52,059 | INFO | booking-consumer | Event collected | batch=3/10 | partition=2 | offset=1587 | event_id=86da2743-0d3e-4767-93a1-6f9d11c51827
2026-07-17 17:02:52,059 | INFO | booking-consumer | Event collected | batch=4/10 | partition=2 | offset=1588 | event_id=644c851e-2ef3-4f8e-b32f-b0083e4149dc
2026-07-17 17:02:52,061 | INFO | booking-consumer | Event collected | batch=5/10 | partition=2 | offset=1589 | event_id=6086e25d-90cc-493d-ab22-833ad4244ab9
2026-07-17 17:02:52,061 | INFO | booking-consumer | Event collected | batch=6/10 | partition=2 | offset=1590 | event_id=19af5b3d-7c8c-48e0-a582-b343201d22f1
2026-07-17 17:02:52,062 | INFO | booking-consumer | Event collected | batch=7/10 | partition=2 | offset=1591 | event_id=b1501518-74df-4c42-93ab-185d8388258b
2026-07-17 17:02:52,062 | INFO | booking-consumer | Event collected | batch=8/10 | partition=2 | offset=1592 | event_id=fb91cb25-16c0-4860-b9d7-309aaa91e29e
2026-07-17 17:02:52,062 | INFO | booking-consumer | Event collected | batch=9/10 | partition=2 | offset=1593 | event_id=f7509f59-b647-4951-adeb-2984c32d0b85
2026-07-17 17:02:52,063 | INFO | booking-consumer | Event collected | batch=10/10 | partition=2 | offset=1594 | event_id=09310d23-d7ae-48b0-8d04-de3b724e7c0d
2026-07-17 17:02:52,070 | INFO | booking-consumer | Batch written and offsets committed | records=10 | offsets={2: 1595}
2026-07-17 17:02:52,070 | INFO | booking-consumer | Event collected | batch=1/10 | partition=2 | offset=1595 | event_id=569e0594-3773-4343-b848-e4f2d2f5b680
2026-07-17 17:02:52,071 | INFO | booking-consumer | Event collected | batch=2/10 | partition=2 | offset=1596 | event_id=9929104f-4ca8-4bd2-a9d6-6b5030088bfd
2026-07-17 17:02:52,072 | INFO | booking-consumer | Event collected | batch=3/10 | partition=2 | offset=1597 | event_id=bac8e267-5f4c-4a70-bc5b-6494e9a95af1
2026-07-17 17:02:52,073 | INFO | booking-consumer | Event collected | batch=4/10 | partition=2 | offset=1598 | event_id=350d38f9-5325-40f0-a7f9-2cdd4cd14e55
2026-07-17 17:02:52,074 | INFO | booking-consumer | Event collected | batch=5/10 | partition=2 | offset=1599 | event_id=8027cfc0-93d2-4946-afeb-a77683615852
2026-07-17 17:02:52,075 | INFO | booking-consumer | Event collected | batch=6/10 | partition=2 | offset=1600 | event_id=f22c7876-c745-4271-9d0a-678e602c0e01
2026-07-17 17:02:52,076 | INFO | booking-consumer | Event collected | batch=7/10 | partition=2 | offset=1601 | event_id=d2410c81-cda5-4427-9a61-cbef794c650f
2026-07-17 17:02:52,077 | INFO | booking-consumer | Event collected | batch=8/10 | partition=2 | offset=1602 | event_id=c1f40b97-d48f-4d47-96f1-0499b7b5f184
2026-07-17 17:02:52,077 | INFO | booking-consumer | Event collected | batch=9/10 | partition=2 | offset=1603 | event_id=3a3ba225-42b5-4cef-b1be-bbd5c4c6c2db
2026-07-17 17:02:52,078 | INFO | booking-consumer | Event collected | batch=10/10 | partition=2 | offset=1604 | event_id=c23a86c2-b18b-4dcf-ab29-baf78336cc1d
2026-07-17 17:02:52,084 | INFO | booking-consumer | Batch written and offsets committed | records=10 | offsets={2: 1605}
2026-07-17 17:02:52,086 | INFO | booking-consumer | Event collected | batch=1/10 | partition=2 | offset=1605 | event_id=efeb5609-da6b-4cf8-8243-204775d027a0
2026-07-17 17:02:52,086 | INFO | booking-consumer | Event collected | batch=2/10 | partition=2 | offset=1606 | event_id=5c4e525c-09d0-4542-8c94-83badf549e55
2026-07-17 17:02:52,086 | INFO | booking-consumer | Event collected | batch=3/10 | partition=2 | offset=1607 | event_id=6bcdc359-3730-44af-9108-9172482d9ace
2026-07-17 17:02:52,088 | INFO | booking-consumer | Event collected | batch=4/10 | partition=2 | offset=1608 | event_id=61188f11-2d5d-4aaa-b5d6-3bea729a018b
2026-07-17 17:02:52,088 | INFO | booking-consumer | Event collected | batch=5/10 | partition=2 | offset=1609 | event_id=58836821-20a9-439a-8834-f83c1cc5cac9
2026-07-17 17:02:52,089 | INFO | booking-consumer | Event collected | batch=6/10 | partition=2 | offset=1610 | event_id=23955d1d-2e1c-40d5-9008-4ece3a4e225b
2026-07-17 17:02:52,089 | INFO | booking-consumer | Event collected | batch=7/10 | partition=2 | offset=1611 | event_id=31cfe4e4-a8cd-459b-91f8-6d5c6604d531
2026-07-17 17:02:52,091 | INFO | booking-consumer | Event collected | batch=8/10 | partition=2 | offset=1612 | event_id=e161d54b-c478-436f-9d9c-5e8aa651b471
2026-07-17 17:02:52,092 | INFO | booking-consumer | Event collected | batch=9/10 | partition=2 | offset=1613 | event_id=cbff2968-1bf0-401d-9ab4-bdc40c124853
2026-07-17 17:02:52,093 | INFO | booking-consumer | Event collected | batch=10/10 | partition=2 | offset=1614 | event_id=26764111-cd88-4f5a-b86b-7399477e19c4
2026-07-17 17:02:52,101 | INFO | booking-consumer | Batch written and offsets committed | records=10 | offsets={2: 1615}
2026-07-17 17:02:52,101 | INFO | booking-consumer | Event collected | batch=1/10 | partition=2 | offset=1615 | event_id=cda27f6e-dc5c-4fa2-8fa9-7cbf963aaa7e
2026-07-17 17:02:52,102 | INFO | booking-consumer | Event collected | batch=2/10 | partition=2 | offset=1616 | event_id=2cdb8d50-1876-4a43-a135-d086db998a3f
2026-07-17 17:02:52,102 | INFO | booking-consumer | Event collected | batch=3/10 | partition=2 | offset=1617 | event_id=0e112d5d-e6ad-4414-99fb-5ef0a0874af2
2026-07-17 17:02:52,103 | INFO | booking-consumer | Event collected | batch=4/10 | partition=2 | offset=1618 | event_id=db8afb2a-5f14-48e3-ab0c-0f352d1e8fff
2026-07-17 17:02:52,104 | INFO | booking-consumer | Event collected | batch=5/10 | partition=2 | offset=1619 | event_id=097b9ea7-e139-4eb1-90f0-c5cf1a1c71b6
2026-07-17 17:02:52,104 | INFO | booking-consumer | Event collected | batch=6/10 | partition=2 | offset=1620 | event_id=7a9e3c09-5499-4b3d-8099-572e6752293e
2026-07-17 17:02:52,104 | INFO | booking-consumer | Event collected | batch=7/10 | partition=2 | offset=1621 | event_id=7453cfc1-b001-43d7-b54d-dfda8c0a6ea6
2026-07-17 17:02:52,105 | INFO | booking-consumer | Event collected | batch=8/10 | partition=2 | offset=1622 | event_id=e4d5ac97-288f-43bf-b674-39d39f7fcd9c
2026-07-17 17:02:52,106 | INFO | booking-consumer | Event collected | batch=9/10 | partition=2 | offset=1623 | event_id=08f1c086-0a79-40de-9633-7c43e0ca9616
2026-07-17 17:02:52,108 | INFO | booking-consumer | Event collected | batch=10/10 | partition=2 | offset=1624 | event_id=5a9a6ece-8dc8-432f-8761-f36c8ffcd5c5
2026-07-17 17:02:52,115 | INFO | booking-consumer | Batch written and offsets committed | records=10 | offsets={2: 1625}
2026-07-17 17:02:52,116 | INFO | booking-consumer | Event collected | batch=1/10 | partition=2 | offset=1625 | event_id=050c5ef2-25b4-4262-8e68-e74170a0c676
2026-07-17 17:02:52,116 | INFO | booking-consumer | Event collected | batch=2/10 | partition=2 | offset=1626 | event_id=95b013ec-1553-424d-a544-e9a7a913a07d
2026-07-17 17:02:52,117 | INFO | booking-consumer | Event collected | batch=3/10 | partition=2 | offset=1627 | event_id=f319ec09-6873-4d3a-afa3-d546e3bfe584
2026-07-17 17:02:52,118 | INFO | booking-consumer | Event collected | batch=4/10 | partition=2 | offset=1628 | event_id=93a44f60-4198-4ace-a94e-840cf47e5d84
2026-07-17 17:02:52,118 | INFO | booking-consumer | Event collected | batch=5/10 | partition=2 | offset=1629 | event_id=e58cf5bc-3294-4f69-aeff-423b2ce986c3
2026-07-17 17:02:52,118 | INFO | booking-consumer | Event collected | batch=6/10 | partition=2 | offset=1630 | event_id=9b2dd7d6-ee2e-47cf-89aa-922dfd53ed66
2026-07-17 17:02:52,119 | INFO | booking-consumer | Event collected | batch=7/10 | partition=2 | offset=1631 | event_id=c1dcdf87-3f7b-40fc-8753-6029771829a3
2026-07-17 17:02:52,119 | INFO | booking-consumer | Event collected | batch=8/10 | partition=2 | offset=1632 | event_id=284fa7f2-4956-45d5-89b6-2bf51c169799
2026-07-17 17:02:52,119 | INFO | booking-consumer | Event collected | batch=9/10 | partition=2 | offset=1633 | event_id=5f2947a8-560e-47dd-b010-84d5bd870116
2026-07-17 17:02:52,120 | INFO | booking-consumer | Event collected | batch=10/10 | partition=2 | offset=1634 | event_id=077606b9-72b9-4cd3-8ed9-1dd6bcd907db
2026-07-17 17:02:52,130 | INFO | booking-consumer | Batch written and offsets committed | records=10 | offsets={2: 1635}
2026-07-17 17:02:52,130 | INFO | booking-consumer | Event collected | batch=1/10 | partition=2 | offset=1635 | event_id=539b4958-ce67-4c79-8d70-382679b07053
2026-07-17 17:02:52,132 | INFO | booking-consumer | Event collected | batch=2/10 | partition=2 | offset=1636 | event_id=5206ed32-4d77-4e2d-9d45-65dcdf615e13
2026-07-17 17:02:52,132 | INFO | booking-consumer | Event collected | batch=3/10 | partition=2 | offset=1637 | event_id=c6fb7605-4b41-47f4-b3aa-3d838cfe3a79
2026-07-17 17:02:52,132 | INFO | booking-consumer | Event collected | batch=4/10 | partition=2 | offset=1638 | event_id=d7b0d7df-271b-40bf-9404-0253d7e4a063
2026-07-17 17:02:52,133 | INFO | booking-consumer | Event collected | batch=5/10 | partition=2 | offset=1639 | event_id=5d406a21-7d21-4e9d-9227-835e918f0f3b
2026-07-17 17:02:52,133 | INFO | booking-consumer | Event collected | batch=6/10 | partition=2 | offset=1640 | event_id=b6cdd2b8-2931-4d45-a75c-39877d3a8fc4
2026-07-17 17:02:52,134 | INFO | booking-consumer | Event collected | batch=7/10 | partition=2 | offset=1641 | event_id=d13c3a9d-a165-4c53-b444-8504e2deafcf
2026-07-17 17:02:52,135 | INFO | booking-consumer | Event collected | batch=8/10 | partition=2 | offset=1642 | event_id=5fc477ab-dbbf-4b91-857a-0a7d5fcc3f11
2026-07-17 17:02:52,135 | INFO | booking-consumer | Event collected | batch=9/10 | partition=2 | offset=1643 | event_id=9e318a38-01a0-46cb-bb15-fb254065106a
2026-07-17 17:02:52,138 | INFO | booking-consumer | Event collected | batch=10/10 | partition=2 | offset=1644 | event_id=4f8f749e-fa09-4889-ad15-e301fa68b1ae
2026-07-17 17:02:52,147 | INFO | booking-consumer | Batch written and offsets committed | records=10 | offsets={2: 1645}
2026-07-17 17:02:52,147 | INFO | booking-consumer | Event collected | batch=1/10 | partition=2 | offset=1645 | event_id=1f106e9c-c74e-4b4b-a410-5e6721a212e6
2026-07-17 17:02:52,148 | INFO | booking-consumer | Event collected | batch=2/10 | partition=2 | offset=1646 | event_id=9b307f7c-225b-4a25-8bf3-203286f28fcd
2026-07-17 17:02:52,149 | INFO | booking-consumer | Event collected | batch=3/10 | partition=2 | offset=1647 | event_id=7d9f8f26-5bbf-4ad2-a051-d7b8d66d49f4
2026-07-17 17:02:52,149 | INFO | booking-consumer | Event collected | batch=4/10 | partition=2 | offset=1648 | event_id=ce6e5e0e-53a8-4930-8bd0-d0995898bc2e
2026-07-17 17:02:52,150 | INFO | booking-consumer | Event collected | batch=5/10 | partition=2 | offset=1649 | event_id=0853a1af-ca42-4e45-b137-6ee52aeb573d
2026-07-17 17:02:52,150 | INFO | booking-consumer | Event collected | batch=6/10 | partition=2 | offset=1650 | event_id=f07a07fe-f2c4-4fd0-ab05-42ea5d29a8c8
2026-07-17 17:02:52,150 | INFO | booking-consumer | Event collected | batch=7/10 | partition=2 | offset=1651 | event_id=041e19fc-1e69-49fc-9f70-c1a4a81b3304
2026-07-17 17:02:52,151 | INFO | booking-consumer | Event collected | batch=8/10 | partition=2 | offset=1652 | event_id=3a0fc8b6-a97b-4d66-a7b7-2abbf330d0e0
2026-07-17 17:02:52,151 | INFO | booking-consumer | Event collected | batch=9/10 | partition=2 | offset=1653 | event_id=06ad1f5f-a2dd-4d8d-9ecc-5c082a42687c
2026-07-17 17:02:52,151 | INFO | booking-consumer | Event collected | batch=10/10 | partition=2 | offset=1654 | event_id=3d5d3ace-1145-4b1e-bd6d-196fd791ade3
2026-07-17 17:02:52,161 | INFO | booking-consumer | Batch written and offsets committed | records=10 | offsets={2: 1655}
2026-07-17 17:02:52,162 | INFO | booking-consumer | Event collected | batch=1/10 | partition=2 | offset=1655 | event_id=d587d324-2b6a-4863-b24c-036c4343a441
2026-07-17 17:02:52,162 | INFO | booking-consumer | Event collected | batch=2/10 | partition=2 | offset=1656 | event_id=9b88e369-9b9a-414b-89cf-15d32e19fedc
2026-07-17 17:02:52,162 | INFO | booking-consumer | Event collected | batch=3/10 | partition=2 | offset=1657 | event_id=ebb1fccb-6746-434a-a92e-e66099ba44c6
2026-07-17 17:02:52,163 | INFO | booking-consumer | Event collected | batch=4/10 | partition=2 | offset=1658 | event_id=078fbf6e-22f8-4315-bf20-ea7c58c4c2fc
2026-07-17 17:02:52,163 | INFO | booking-consumer | Event collected | batch=5/10 | partition=2 | offset=1659 | event_id=aec8ef99-7f48-4e18-b46e-ede6ff70836d
2026-07-17 17:02:52,164 | INFO | booking-consumer | Event collected | batch=6/10 | partition=2 | offset=1660 | event_id=ac83b6b8-8976-444e-8c7f-168d1ef6cece
2026-07-17 17:02:52,165 | INFO | booking-consumer | Event collected | batch=7/10 | partition=2 | offset=1661 | event_id=b77525fd-0d71-4121-8af1-3af44d3f50f7
2026-07-17 17:02:52,165 | INFO | booking-consumer | Event collected | batch=8/10 | partition=2 | offset=1662 | event_id=09a4707d-aed3-4bdd-abfa-2612897fe6c9
2026-07-17 17:02:52,166 | INFO | booking-consumer | Event collected | batch=9/10 | partition=2 | offset=1663 | event_id=d5f7a6f1-73f0-4083-8c28-27d3a49aa3e6
2026-07-17 17:02:52,166 | INFO | booking-consumer | Event collected | batch=10/10 | partition=2 | offset=1664 | event_id=3672aca5-8340-4738-87e9-2046914568ad
2026-07-17 17:02:52,174 | INFO | booking-consumer | Batch written and offsets committed | records=10 | offsets={2: 1665}
2026-07-17 17:02:52,175 | INFO | booking-consumer | Event collected | batch=1/10 | partition=2 | offset=1665 | event_id=47d831ed-8737-44d3-b353-ea3c1c5facee
2026-07-17 17:02:52,177 | INFO | booking-consumer | Event collected | batch=2/10 | partition=2 | offset=1666 | event_id=f660bbd0-ea8b-4e0e-ac6e-8f79a00ea896
2026-07-17 17:02:52,177 | INFO | booking-consumer | Event collected | batch=3/10 | partition=2 | offset=1667 | event_id=d4a33f91-01a0-4dcc-ab16-08609f434b64
2026-07-17 17:02:52,178 | INFO | booking-consumer | Event collected | batch=4/10 | partition=2 | offset=1668 | event_id=a2c4d8d7-721c-4ab9-a08a-474debb95179
2026-07-17 17:02:52,178 | INFO | booking-consumer | Event collected | batch=5/10 | partition=2 | offset=1669 | event_id=ccdec11e-d4e2-4437-b21a-2a07907db347
2026-07-17 17:02:52,178 | INFO | booking-consumer | Event collected | batch=6/10 | partition=2 | offset=1670 | event_id=2623c935-280c-44d4-ba6c-fecabdb74cfe
2026-07-17 17:02:52,179 | INFO | booking-consumer | Event collected | batch=7/10 | partition=2 | offset=1671 | event_id=f3d475a9-9502-483a-9b87-69541b019c35
2026-07-17 17:02:52,180 | INFO | booking-consumer | Event collected | batch=8/10 | partition=2 | offset=1672 | event_id=7e82e72e-8c0d-4d54-874b-1675adfb16cd
2026-07-17 17:02:52,180 | INFO | booking-consumer | Event collected | batch=9/10 | partition=2 | offset=1673 | event_id=7408fe72-62db-45d3-9c54-3305fe2fd1ea
2026-07-17 17:02:52,181 | INFO | booking-consumer | Event collected | batch=10/10 | partition=2 | offset=1674 | event_id=de228f72-f822-42ea-a43b-62fc32a226f0
2026-07-17 17:02:52,188 | INFO | booking-consumer | Batch written and offsets committed | records=10 | offsets={2: 1675}
2026-07-17 17:02:52,189 | INFO | booking-consumer | Event collected | batch=1/10 | partition=2 | offset=1675 | event_id=5983fc96-4222-439e-80d2-49947ea17606
2026-07-17 17:02:52,190 | INFO | booking-consumer | Event collected | batch=2/10 | partition=2 | offset=1676 | event_id=5898a67b-4ddf-4df8-a3b6-ae4c35f88d48
2026-07-17 17:02:52,191 | INFO | booking-consumer | Event collected | batch=3/10 | partition=2 | offset=1677 | event_id=949d8362-3812-49a2-929d-4e7b72eaef4e
2026-07-17 17:02:52,192 | INFO | booking-consumer | Event collected | batch=4/10 | partition=2 | offset=1678 | event_id=3558bb90-612c-47a8-81bd-04ef9895caf9
2026-07-17 17:02:52,193 | INFO | booking-consumer | Event collected | batch=5/10 | partition=2 | offset=1679 | event_id=3693d75d-69cc-4816-a16d-b7477f99979a
2026-07-17 17:02:52,194 | INFO | booking-consumer | Event collected | batch=6/10 | partition=2 | offset=1680 | event_id=bb2fe72c-4b24-42c1-ae79-0946735f6f1c
2026-07-17 17:02:52,194 | INFO | booking-consumer | Event collected | batch=7/10 | partition=2 | offset=1681 | event_id=953c2438-8d2d-4bac-839a-a9e864dad4ed
2026-07-17 17:02:52,194 | INFO | booking-consumer | Event collected | batch=8/10 | partition=2 | offset=1682 | event_id=0bc8a05a-a546-437c-977c-85e92c61a038
2026-07-17 17:02:52,195 | INFO | booking-consumer | Event collected | batch=9/10 | partition=2 | offset=1683 | event_id=4b5be3f4-35e1-4a87-ba1b-b2415d67ead9
2026-07-17 17:02:52,196 | INFO | booking-consumer | Event collected | batch=10/10 | partition=2 | offset=1684 | event_id=49a4391a-43b0-4b1b-ac0e-d613e3ac1249
2026-07-17 17:02:52,203 | INFO | booking-consumer | Batch written and offsets committed | records=10 | offsets={2: 1685}
2026-07-17 17:02:52,204 | INFO | booking-consumer | Event collected | batch=1/10 | partition=2 | offset=1685 | event_id=c229046e-0dab-4cce-bd1d-920f5c1bb859
2026-07-17 17:02:52,204 | INFO | booking-consumer | Event collected | batch=2/10 | partition=2 | offset=1686 | event_id=e566e0ee-ba6f-4ea2-b73a-e6d9c981a7fe
2026-07-17 17:02:52,205 | INFO | booking-consumer | Event collected | batch=3/10 | partition=2 | offset=1687 | event_id=81775014-e2b1-4a1e-a7bc-b6776cc6174c
2026-07-17 17:02:52,205 | INFO | booking-consumer | Event collected | batch=4/10 | partition=2 | offset=1688 | event_id=80c67ba8-530c-41b0-b48f-b0391519e3e2
2026-07-17 17:02:52,206 | INFO | booking-consumer | Event collected | batch=5/10 | partition=2 | offset=1689 | event_id=a416644e-bd0d-4615-8002-ae3eec3388ff
2026-07-17 17:02:52,207 | INFO | booking-consumer | Event collected | batch=6/10 | partition=2 | offset=1690 | event_id=5123e439-93b2-4a29-8796-d8b23ec6f199
2026-07-17 17:02:52,207 | INFO | booking-consumer | Event collected | batch=7/10 | partition=2 | offset=1691 | event_id=989f9671-b30a-4189-92db-76fa8eda0b69
2026-07-17 17:02:52,208 | INFO | booking-consumer | Event collected | batch=8/10 | partition=2 | offset=1692 | event_id=cd723760-2ee6-4db0-96e1-f79611902d55
2026-07-17 17:02:52,208 | INFO | booking-consumer | Event collected | batch=9/10 | partition=2 | offset=1693 | event_id=fb4334dd-a9ea-4966-9cb8-bb032507dd0d
2026-07-17 17:02:52,210 | INFO | booking-consumer | Event collected | batch=10/10 | partition=2 | offset=1694 | event_id=73bbc22b-7849-4712-ad23-f3f8281e8d42
2026-07-17 17:02:52,216 | INFO | booking-consumer | Batch written and offsets committed | records=10 | offsets={2: 1695}
2026-07-17 17:02:52,218 | INFO | booking-consumer | Event collected | batch=1/10 | partition=2 | offset=1695 | event_id=f8284883-b1c4-4c4e-be67-d43540b086f0
2026-07-17 17:02:52,219 | INFO | booking-consumer | Event collected | batch=2/10 | partition=2 | offset=1696 | event_id=9cb7d752-7454-465e-8bbe-b9d78587c63e
2026-07-17 17:02:52,219 | INFO | booking-consumer | Event collected | batch=3/10 | partition=2 | offset=1697 | event_id=34d28c23-4060-420e-afda-c525f9afe337
2026-07-17 17:02:52,219 | INFO | booking-consumer | Event collected | batch=4/10 | partition=2 | offset=1698 | event_id=4d81539e-1fd7-45b2-a925-2d66fa927af8
2026-07-17 17:02:52,220 | INFO | booking-consumer | Event collected | batch=5/10 | partition=2 | offset=1699 | event_id=a2a7eb88-b705-43b7-8527-6e01dfa0c60c
2026-07-17 17:02:52,220 | INFO | booking-consumer | Event collected | batch=6/10 | partition=2 | offset=1700 | event_id=85877f41-4528-430d-8e91-e61d6009fded
2026-07-17 17:02:52,221 | INFO | booking-consumer | Event collected | batch=7/10 | partition=2 | offset=1701 | event_id=d3b93423-0060-44fc-bc51-217977a2d670
2026-07-17 17:02:52,221 | INFO | booking-consumer | Event collected | batch=8/10 | partition=2 | offset=1702 | event_id=d5d003e9-7421-4471-b0d1-7f35f39de631
2026-07-17 17:02:52,222 | INFO | booking-consumer | Event collected | batch=9/10 | partition=2 | offset=1703 | event_id=21ed0842-f92f-4467-b507-5596bfc08522
2026-07-17 17:02:52,223 | INFO | booking-consumer | Event collected | batch=10/10 | partition=2 | offset=1704 | event_id=2b8cf792-850b-444b-a1a9-f06092ee718b
2026-07-17 17:02:52,232 | INFO | booking-consumer | Batch written and offsets committed | records=10 | offsets={2: 1705}
2026-07-17 17:02:52,233 | INFO | booking-consumer | Event collected | batch=1/10 | partition=2 | offset=1705 | event_id=5a522a0e-1265-4861-a85c-0cafdf034d48
2026-07-17 17:02:52,233 | INFO | booking-consumer | Event collected | batch=2/10 | partition=2 | offset=1706 | event_id=9d4aeb1b-1550-40cf-958d-780ccdb306b2
2026-07-17 17:02:52,234 | INFO | booking-consumer | Event collected | batch=3/10 | partition=2 | offset=1707 | event_id=243c1fd1-9b50-4631-9953-10b21337373a
2026-07-17 17:02:52,235 | INFO | booking-consumer | Event collected | batch=4/10 | partition=2 | offset=1708 | event_id=82b78d1d-84d2-4438-9dba-8f9107bd752c
2026-07-17 17:02:52,235 | INFO | booking-consumer | Event collected | batch=5/10 | partition=2 | offset=1709 | event_id=4379d75e-ce9d-4db1-9922-04b09dacfb38
2026-07-17 17:02:52,236 | INFO | booking-consumer | Event collected | batch=6/10 | partition=2 | offset=1710 | event_id=d88f3d43-2375-4646-b072-999125199c2c
2026-07-17 17:02:52,236 | INFO | booking-consumer | Event collected | batch=7/10 | partition=2 | offset=1711 | event_id=6d450504-7ee1-4d71-9f9c-4a6bf8bb67f2
2026-07-17 17:02:52,237 | INFO | booking-consumer | Event collected | batch=8/10 | partition=2 | offset=1712 | event_id=b057e1c0-1c10-4223-b3d6-3a742a063534
2026-07-17 17:02:52,238 | INFO | booking-consumer | Event collected | batch=9/10 | partition=2 | offset=1713 | event_id=211fb956-5719-4608-92d6-27e28cf07696
2026-07-17 17:02:52,238 | INFO | booking-consumer | Event collected | batch=10/10 | partition=2 | offset=1714 | event_id=46df83b0-47f4-4610-b3fe-e7a62dcc3818
2026-07-17 17:02:52,247 | INFO | booking-consumer | Batch written and offsets committed | records=10 | offsets={2: 1715}
2026-07-17 17:02:52,248 | INFO | booking-consumer | Event collected | batch=1/10 | partition=2 | offset=1715 | event_id=50f7a6ce-4eaf-447e-bf00-34190f5a3a2b
2026-07-17 17:02:52,248 | INFO | booking-consumer | Event collected | batch=2/10 | partition=2 | offset=1716 | event_id=74c066f8-02f5-4cb4-945a-0d81bb4069c1
2026-07-17 17:02:52,250 | INFO | booking-consumer | Event collected | batch=3/10 | partition=2 | offset=1717 | event_id=a9c2ab1a-323f-4390-83bc-cb2f5e2ae4ac
2026-07-17 17:02:52,250 | INFO | booking-consumer | Event collected | batch=4/10 | partition=2 | offset=1718 | event_id=f0d57d8a-8022-4b8d-81db-9dbbbd630ba0
2026-07-17 17:02:52,251 | INFO | booking-consumer | Event collected | batch=5/10 | partition=2 | offset=1719 | event_id=81f4e509-1e9e-4ad0-b67d-f98120afec6f
2026-07-17 17:02:52,251 | INFO | booking-consumer | Event collected | batch=6/10 | partition=2 | offset=1720 | event_id=8d784c43-11c5-415f-a46f-83d5c6e38b19
2026-07-17 17:02:52,252 | INFO | booking-consumer | Event collected | batch=7/10 | partition=2 | offset=1721 | event_id=e46eaff1-d8a9-434e-a81e-7474599adde2
2026-07-17 17:02:52,253 | INFO | booking-consumer | Event collected | batch=8/10 | partition=2 | offset=1722 | event_id=15681335-ea07-46dd-a01a-637ad95e2763
2026-07-17 17:02:52,253 | INFO | booking-consumer | Event collected | batch=9/10 | partition=2 | offset=1723 | event_id=f45db2b1-dff3-4860-b071-4548c181b458
2026-07-17 17:02:52,253 | INFO | booking-consumer | Event collected | batch=10/10 | partition=2 | offset=1724 | event_id=c4d3d5d0-6b1c-4cac-9cb1-38a4c2b6766a
2026-07-17 17:02:52,262 | INFO | booking-consumer | Batch written and offsets committed | records=10 | offsets={2: 1725}
2026-07-17 17:02:52,264 | INFO | booking-consumer | Event collected | batch=1/10 | partition=2 | offset=1725 | event_id=63e4f4ef-402c-4da1-96eb-8afac4b9b75f
2026-07-17 17:02:52,265 | INFO | booking-consumer | Event collected | batch=2/10 | partition=2 | offset=1726 | event_id=660a6b54-518e-4a04-a9f3-66d9b026830f
2026-07-17 17:02:52,265 | INFO | booking-consumer | Event collected | batch=3/10 | partition=2 | offset=1727 | event_id=570f4a9f-8b18-457a-9f11-2194f65f37bd
2026-07-17 17:02:52,265 | INFO | booking-consumer | Event collected | batch=4/10 | partition=2 | offset=1728 | event_id=17a0b635-fdeb-45b1-b5d8-af17b36fca71
2026-07-17 17:02:52,266 | INFO | booking-consumer | Event collected | batch=5/10 | partition=2 | offset=1729 | event_id=c327b96a-f4a1-4be5-a540-8f82b16376f7
2026-07-17 17:02:52,266 | INFO | booking-consumer | Event collected | batch=6/10 | partition=2 | offset=1730 | event_id=f9bff08e-c3e1-4b2c-881d-59fec0b59b31
2026-07-17 17:02:52,267 | INFO | booking-consumer | Event collected | batch=7/10 | partition=2 | offset=1731 | event_id=bd1b51da-e2a3-4d5d-860d-bbb23c4186df
2026-07-17 17:02:52,268 | INFO | booking-consumer | Event collected | batch=8/10 | partition=2 | offset=1732 | event_id=0067cedf-d0e0-4177-bca7-9efefff35dea
2026-07-17 17:02:52,268 | INFO | booking-consumer | Event collected | batch=9/10 | partition=2 | offset=1733 | event_id=7adbdfbe-b348-4925-8bef-8e45aa5735fe
2026-07-17 17:02:52,268 | INFO | booking-consumer | Event collected | batch=10/10 | partition=2 | offset=1734 | event_id=4e8b8fde-7964-4d06-b47b-58d725a913f3
2026-07-17 17:02:52,278 | INFO | booking-consumer | Batch written and offsets committed | records=10 | offsets={2: 1735}
2026-07-17 17:02:52,279 | INFO | booking-consumer | Event collected | batch=1/10 | partition=2 | offset=1735 | event_id=e8b9748a-3f89-4811-804a-100629ba21e3
2026-07-17 17:02:52,279 | INFO | booking-consumer | Event collected | batch=2/10 | partition=2 | offset=1736 | event_id=7d4d7276-828a-41ec-85e6-5414d06c551f
2026-07-17 17:02:52,280 | INFO | booking-consumer | Event collected | batch=3/10 | partition=2 | offset=1737 | event_id=564dad94-6c1e-4ae9-9db2-652711b0cc36
2026-07-17 17:02:52,281 | INFO | booking-consumer | Event collected | batch=4/10 | partition=2 | offset=1738 | event_id=9b99f496-a3b3-4a93-8843-cb05e28f5b98
2026-07-17 17:02:52,281 | INFO | booking-consumer | Event collected | batch=5/10 | partition=2 | offset=1739 | event_id=0eb8d51e-25a3-4f3f-9cc3-01e569f18e5d
2026-07-17 17:02:52,281 | INFO | booking-consumer | Event collected | batch=6/10 | partition=2 | offset=1740 | event_id=73ab227d-f47b-4e72-8be1-76864dd8bc8a
2026-07-17 17:02:52,282 | INFO | booking-consumer | Event collected | batch=7/10 | partition=2 | offset=1741 | event_id=87449582-1c3a-45c5-9fd0-5f7afa33cfb7
2026-07-17 17:02:52,282 | INFO | booking-consumer | Event collected | batch=8/10 | partition=2 | offset=1742 | event_id=66cc47e7-edb3-40f1-9a34-7c411b4661aa
2026-07-17 17:02:52,283 | INFO | booking-consumer | Event collected | batch=9/10 | partition=2 | offset=1743 | event_id=b4d91298-bcfe-4edf-9cf3-8c5105b240bd
2026-07-17 17:02:52,283 | INFO | booking-consumer | Event collected | batch=10/10 | partition=2 | offset=1744 | event_id=6e0a388e-7874-4c82-a9b3-18fa75dc637f
2026-07-17 17:02:52,292 | INFO | booking-consumer | Batch written and offsets committed | records=10 | offsets={2: 1745}
2026-07-17 17:02:52,293 | INFO | booking-consumer | Event collected | batch=1/10 | partition=2 | offset=1745 | event_id=bb148c69-8ee8-4a70-b4d1-5aff33959bca
2026-07-17 17:02:52,294 | INFO | booking-consumer | Event collected | batch=2/10 | partition=2 | offset=1746 | event_id=d8ebbdd7-05f7-420e-9809-7dbd567e177d
2026-07-17 17:02:52,294 | INFO | booking-consumer | Event collected | batch=3/10 | partition=2 | offset=1747 | event_id=4ad83eba-3e26-4568-aca7-2c043cdd968e
2026-07-17 17:02:52,294 | INFO | booking-consumer | Event collected | batch=4/10 | partition=2 | offset=1748 | event_id=5fba58bb-46a5-4045-9949-7ff04bc55b4e
2026-07-17 17:02:52,295 | INFO | booking-consumer | Event collected | batch=5/10 | partition=2 | offset=1749 | event_id=f29768ca-a8cb-452c-93c3-13fc2c657caf
2026-07-17 17:02:52,296 | INFO | booking-consumer | Event collected | batch=6/10 | partition=2 | offset=1750 | event_id=8fe5271b-dd6b-4470-bcfd-46f2c5215c38
2026-07-17 17:02:52,296 | INFO | booking-consumer | Event collected | batch=7/10 | partition=2 | offset=1751 | event_id=20d679f6-fcb9-4e31-86ba-c51e8ef7bfd5
2026-07-17 17:02:52,297 | INFO | booking-consumer | Event collected | batch=8/10 | partition=2 | offset=1752 | event_id=8e3838c6-2e8c-4d7a-9543-639e82f54a35
2026-07-17 17:02:52,297 | INFO | booking-consumer | Event collected | batch=9/10 | partition=2 | offset=1753 | event_id=5d6383de-3f00-4837-8df4-282e36e32bcf
2026-07-17 17:02:52,297 | INFO | booking-consumer | Event collected | batch=10/10 | partition=2 | offset=1754 | event_id=5c50fc1a-fc6c-4871-bfad-b508cabf90c1
2026-07-17 17:02:52,305 | INFO | booking-consumer | Batch written and offsets committed | records=10 | offsets={2: 1755}
2026-07-17 17:02:52,306 | INFO | booking-consumer | Event collected | batch=1/10 | partition=2 | offset=1755 | event_id=162af5db-10ed-47dd-9e96-fcec48d3a1da
2026-07-17 17:02:52,307 | INFO | booking-consumer | Event collected | batch=2/10 | partition=2 | offset=1756 | event_id=2b5b134e-349b-4bba-ba31-348a627a5c5c
2026-07-17 17:02:52,307 | INFO | booking-consumer | Event collected | batch=3/10 | partition=2 | offset=1757 | event_id=c11e9fb0-e723-422a-86dd-3e1feaadf339
2026-07-17 17:02:52,309 | INFO | booking-consumer | Event collected | batch=4/10 | partition=2 | offset=1758 | event_id=14407a8a-f2fe-4e22-9056-8e18ee2c4ccc
2026-07-17 17:02:52,309 | INFO | booking-consumer | Event collected | batch=5/10 | partition=2 | offset=1759 | event_id=a4160f37-6a08-49b3-9d08-23175b65e967
2026-07-17 17:02:52,310 | INFO | booking-consumer | Event collected | batch=6/10 | partition=2 | offset=1760 | event_id=9f6935b6-7d2b-4341-b866-6d8fd776e95f
2026-07-17 17:02:52,310 | INFO | booking-consumer | Event collected | batch=7/10 | partition=2 | offset=1761 | event_id=e8055fff-191b-47c0-a7e6-6009f6512d29
2026-07-17 17:02:52,310 | INFO | booking-consumer | Event collected | batch=8/10 | partition=2 | offset=1762 | event_id=ec6abd83-aa4b-49c3-ad54-1ea078e388e8
2026-07-17 17:02:52,311 | INFO | booking-consumer | Event collected | batch=9/10 | partition=2 | offset=1763 | event_id=e0ef2cb8-356c-45a7-aba2-0d4e2c1ccb13
2026-07-17 17:02:52,312 | INFO | booking-consumer | Event collected | batch=10/10 | partition=2 | offset=1764 | event_id=19fc7687-8da1-4869-8644-d6c86031e859
2026-07-17 17:02:52,318 | INFO | booking-consumer | Batch written and offsets committed | records=10 | offsets={2: 1765}
2026-07-17 17:02:52,319 | INFO | booking-consumer | Event collected | batch=1/10 | partition=2 | offset=1765 | event_id=01e93edc-6fbc-4226-8c1a-e0ea614832a8
2026-07-17 17:02:52,320 | INFO | booking-consumer | Event collected | batch=2/10 | partition=2 | offset=1766 | event_id=a96f8136-52ab-4e1e-9bf3-718aea06037e
2026-07-17 17:02:52,320 | INFO | booking-consumer | Event collected | batch=3/10 | partition=2 | offset=1767 | event_id=f8abc5fa-020f-4c4a-910c-27dd9939a535
2026-07-17 17:02:52,321 | INFO | booking-consumer | Event collected | batch=4/10 | partition=2 | offset=1768 | event_id=2fbf5866-e1de-4cf0-820f-63ea74d7dff5
2026-07-17 17:02:52,322 | INFO | booking-consumer | Event collected | batch=5/10 | partition=2 | offset=1769 | event_id=ecfa10fa-23db-471a-b9ea-0381413e32a3
2026-07-17 17:02:52,324 | INFO | booking-consumer | Event collected | batch=6/10 | partition=2 | offset=1770 | event_id=85e3dfd1-0a35-4a82-8897-1370f21a5fce
2026-07-17 17:02:52,325 | INFO | booking-consumer | Event collected | batch=7/10 | partition=2 | offset=1771 | event_id=de0770c8-82da-4d37-92d7-555b5d2ca04b
2026-07-17 17:02:52,325 | INFO | booking-consumer | Event collected | batch=8/10 | partition=2 | offset=1772 | event_id=5a4ba75c-dbf1-46f4-bf46-6eaeb97695a8
2026-07-17 17:02:52,327 | INFO | booking-consumer | Event collected | batch=9/10 | partition=2 | offset=1773 | event_id=8e6e1532-09e5-4977-9dd0-cf7100a13ae3
2026-07-17 17:02:52,327 | INFO | booking-consumer | Event collected | batch=10/10 | partition=2 | offset=1774 | event_id=7f2f24eb-7137-4250-a3b9-20eb456bb27a
2026-07-17 17:02:52,335 | INFO | booking-consumer | Batch written and offsets committed | records=10 | offsets={2: 1775}
2026-07-17 17:02:52,335 | INFO | booking-consumer | Event collected | batch=1/10 | partition=2 | offset=1775 | event_id=e0732f51-0b8f-46b0-8b5a-635391e77de6
2026-07-17 17:02:52,336 | INFO | booking-consumer | Event collected | batch=2/10 | partition=2 | offset=1776 | event_id=0ec2704a-15ac-4b32-8b14-ea22c3ab0252
2026-07-17 17:02:52,336 | INFO | booking-consumer | Event collected | batch=3/10 | partition=2 | offset=1777 | event_id=db0f9aa1-9956-45af-9f4d-0992df0f8a16
2026-07-17 17:02:52,337 | INFO | booking-consumer | Event collected | batch=4/10 | partition=2 | offset=1778 | event_id=2986b5eb-7046-4d49-9221-12465d19253b
2026-07-17 17:02:52,338 | INFO | booking-consumer | Event collected | batch=5/10 | partition=2 | offset=1779 | event_id=0a748f92-248c-4aaa-b51c-0774d9651336
2026-07-17 17:02:52,338 | INFO | booking-consumer | Event collected | batch=6/10 | partition=2 | offset=1780 | event_id=84ae7197-d72d-49a8-a9c2-ec23c7014469
2026-07-17 17:02:52,339 | INFO | booking-consumer | Event collected | batch=7/10 | partition=2 | offset=1781 | event_id=87fe8b8d-ea3c-4a4e-8af7-7602dda96da3
2026-07-17 17:02:52,340 | INFO | booking-consumer | Event collected | batch=8/10 | partition=2 | offset=1782 | event_id=98ba28f6-4a33-4a75-9a35-0424f1de7029
2026-07-17 17:02:52,341 | INFO | booking-consumer | Event collected | batch=9/10 | partition=2 | offset=1783 | event_id=a9fb0f38-d811-4e7f-87bc-b5e86323d787
2026-07-17 17:02:52,341 | INFO | booking-consumer | Event collected | batch=10/10 | partition=2 | offset=1784 | event_id=d8774874-a6a1-43b4-ab75-75fed5b45aaf
2026-07-17 17:02:52,349 | INFO | booking-consumer | Batch written and offsets committed | records=10 | offsets={2: 1785}
2026-07-17 17:02:52,350 | INFO | booking-consumer | Event collected | batch=1/10 | partition=2 | offset=1785 | event_id=2aa76e10-7ae0-4b07-b3d5-a09bf99a4070
2026-07-17 17:02:52,350 | INFO | booking-consumer | Event collected | batch=2/10 | partition=2 | offset=1786 | event_id=c1171cf3-8480-44d6-8305-649a7e85f8eb
2026-07-17 17:02:52,351 | INFO | booking-consumer | Event collected | batch=3/10 | partition=2 | offset=1787 | event_id=a639f78a-7de9-4e78-904b-0cc4dae8b174
2026-07-17 17:02:52,352 | INFO | booking-consumer | Event collected | batch=4/10 | partition=2 | offset=1788 | event_id=169ce164-5682-4296-be4a-c07637040baa
2026-07-17 17:02:52,352 | INFO | booking-consumer | Event collected | batch=5/10 | partition=2 | offset=1789 | event_id=314a5ea4-2928-45a0-8365-8266f51a3c8b
2026-07-17 17:02:52,353 | INFO | booking-consumer | Event collected | batch=6/10 | partition=2 | offset=1790 | event_id=6ff09a92-7462-44d8-801c-585cee102b52
2026-07-17 17:02:52,353 | INFO | booking-consumer | Event collected | batch=7/10 | partition=2 | offset=1791 | event_id=087354a7-1191-4697-949d-280eebb42ecf
2026-07-17 17:02:52,354 | INFO | booking-consumer | Event collected | batch=8/10 | partition=2 | offset=1792 | event_id=17ab5ada-2e0b-4c81-9643-919d403d94ed
2026-07-17 17:02:52,354 | INFO | booking-consumer | Event collected | batch=9/10 | partition=2 | offset=1793 | event_id=c9113d05-4c22-4111-92d7-923c45cdb8ea
2026-07-17 17:02:52,355 | INFO | booking-consumer | Event collected | batch=10/10 | partition=2 | offset=1794 | event_id=6ae632f9-2f8b-4c77-b3f0-62dcaf39e8c8
2026-07-17 17:02:52,363 | INFO | booking-consumer | Batch written and offsets committed | records=10 | offsets={2: 1795}
2026-07-17 17:02:52,364 | INFO | booking-consumer | Event collected | batch=1/10 | partition=2 | offset=1795 | event_id=1eddcd48-05cb-4a5a-aa23-c9cefa2a5d9d
2026-07-17 17:02:52,365 | INFO | booking-consumer | Event collected | batch=2/10 | partition=2 | offset=1796 | event_id=456c3e2b-2bd4-4529-863a-1803e1582543
2026-07-17 17:02:52,365 | INFO | booking-consumer | Event collected | batch=3/10 | partition=2 | offset=1797 | event_id=4631633f-8c2b-48c5-834b-606a737bf71a
2026-07-17 17:02:52,367 | INFO | booking-consumer | Event collected | batch=4/10 | partition=2 | offset=1798 | event_id=3468d763-a5ca-4ace-a361-a7c4410b7915
2026-07-17 17:02:52,367 | INFO | booking-consumer | Event collected | batch=5/10 | partition=2 | offset=1799 | event_id=4f929461-d52b-48b4-a4cf-4479d8d8dfb7
2026-07-17 17:02:52,367 | INFO | booking-consumer | Event collected | batch=6/10 | partition=2 | offset=1800 | event_id=9345126b-abc7-4400-a692-2cc0593f1c21
2026-07-17 17:02:52,368 | INFO | booking-consumer | Event collected | batch=7/10 | partition=2 | offset=1801 | event_id=ec684e1d-a3ac-4122-ba97-4c0c20b03839
2026-07-17 17:02:52,368 | INFO | booking-consumer | Event collected | batch=8/10 | partition=2 | offset=1802 | event_id=7c37a54c-e768-4a21-881c-75c3bdab2557
2026-07-17 17:02:52,368 | INFO | booking-consumer | Event collected | batch=9/10 | partition=2 | offset=1803 | event_id=310f2f01-5f5a-4858-8a10-47582f5e93c4
2026-07-17 17:02:52,368 | INFO | booking-consumer | Event collected | batch=10/10 | partition=2 | offset=1804 | event_id=b89fa52d-6078-41cc-be2e-6e0ca2dc0e4c
2026-07-17 17:02:52,378 | INFO | booking-consumer | Batch written and offsets committed | records=10 | offsets={2: 1805}
2026-07-17 17:02:52,379 | INFO | booking-consumer | Event collected | batch=1/10 | partition=2 | offset=1805 | event_id=93641eb5-3e9d-453d-8c31-5adca3934525
2026-07-17 17:02:52,379 | INFO | booking-consumer | Event collected | batch=2/10 | partition=2 | offset=1806 | event_id=66b278d2-a40d-4716-82fc-52e830f14f0d
2026-07-17 17:02:52,379 | INFO | booking-consumer | Event collected | batch=3/10 | partition=2 | offset=1807 | event_id=6e367445-7268-419a-b0cd-6f405eaeb891
2026-07-17 17:02:52,380 | INFO | booking-consumer | Event collected | batch=4/10 | partition=2 | offset=1808 | event_id=7a9919a9-b07e-42e7-9941-e5a3d0c419eb
2026-07-17 17:02:52,381 | INFO | booking-consumer | Event collected | batch=5/10 | partition=2 | offset=1809 | event_id=b3827058-0736-4f0c-ac3c-7188d197e2e1
2026-07-17 17:02:52,381 | INFO | booking-consumer | Event collected | batch=6/10 | partition=2 | offset=1810 | event_id=569e417d-7264-4996-8730-2a3bc85532fd
2026-07-17 17:02:52,382 | INFO | booking-consumer | Event collected | batch=7/10 | partition=2 | offset=1811 | event_id=0e5b9400-40b6-48f8-8a40-b53fd3c2118e
2026-07-17 17:02:52,382 | INFO | booking-consumer | Event collected | batch=8/10 | partition=2 | offset=1812 | event_id=e10cb4cd-8ece-401b-9e29-ecd5242dffaa
2026-07-17 17:02:52,383 | INFO | booking-consumer | Event collected | batch=9/10 | partition=2 | offset=1813 | event_id=042ae49d-16c0-4c75-ac21-34ad6d5ab8a2
2026-07-17 17:02:52,383 | INFO | booking-consumer | Event collected | batch=10/10 | partition=2 | offset=1814 | event_id=0e1ae0ed-34bd-41e5-93b5-711aa8d18e98
2026-07-17 17:02:52,391 | INFO | booking-consumer | Batch written and offsets committed | records=10 | offsets={2: 1815}
2026-07-17 17:02:52,393 | INFO | booking-consumer | Event collected | batch=1/10 | partition=2 | offset=1815 | event_id=ef86e784-9e7d-44da-b28e-28a0c21204f6
2026-07-17 17:02:52,394 | INFO | booking-consumer | Event collected | batch=2/10 | partition=2 | offset=1816 | event_id=626e23cd-2110-4173-9955-fa051cc9012b
2026-07-17 17:02:52,394 | INFO | booking-consumer | Event collected | batch=3/10 | partition=2 | offset=1817 | event_id=9948bff6-803f-43c0-b7b2-a992d1d158f7
2026-07-17 17:02:52,394 | INFO | booking-consumer | Event collected | batch=4/10 | partition=2 | offset=1818 | event_id=35327630-462a-4957-b24f-ac45ee581ef3
2026-07-17 17:02:52,395 | INFO | booking-consumer | Event collected | batch=5/10 | partition=2 | offset=1819 | event_id=ad007f7d-e9cf-4327-8a4b-be83ecd2ee4e
2026-07-17 17:02:52,395 | INFO | booking-consumer | Event collected | batch=6/10 | partition=2 | offset=1820 | event_id=c1176872-48ee-4354-8f6e-8ff39fc5d11e
2026-07-17 17:02:52,396 | INFO | booking-consumer | Event collected | batch=7/10 | partition=2 | offset=1821 | event_id=7aa52098-58f1-4446-88ca-8e328337fab6
2026-07-17 17:02:52,396 | INFO | booking-consumer | Event collected | batch=8/10 | partition=2 | offset=1822 | event_id=c21d0918-9284-43a9-a677-99e7e05b26ab
2026-07-17 17:02:52,396 | INFO | booking-consumer | Event collected | batch=9/10 | partition=2 | offset=1823 | event_id=90d4aa61-9e0d-4ae3-a21a-e2414f281da6
2026-07-17 17:02:52,397 | INFO | booking-consumer | Event collected | batch=10/10 | partition=2 | offset=1824 | event_id=20ae0800-9fdf-4705-aac9-d15edbfe5124
2026-07-17 17:02:52,405 | INFO | booking-consumer | Batch written and offsets committed | records=10 | offsets={2: 1825}
2026-07-17 17:02:52,406 | INFO | booking-consumer | Event collected | batch=1/10 | partition=2 | offset=1825 | event_id=d67b5f7b-7ca9-431c-8584-381b6254cf24
2026-07-17 17:02:52,407 | INFO | booking-consumer | Event collected | batch=2/10 | partition=2 | offset=1826 | event_id=50ec7bac-f263-4d7f-8707-30e1d2548c65
2026-07-17 17:02:52,408 | INFO | booking-consumer | Event collected | batch=3/10 | partition=2 | offset=1827 | event_id=3d8ea54d-3666-4ff4-a7c2-9c1fe0a5f6f9
2026-07-17 17:02:52,409 | INFO | booking-consumer | Event collected | batch=4/10 | partition=2 | offset=1828 | event_id=b23e4371-2413-4998-bd97-c61f1f4db571
2026-07-17 17:02:52,409 | INFO | booking-consumer | Event collected | batch=5/10 | partition=2 | offset=1829 | event_id=1e050013-6985-4d73-ac81-25e488ef46b4
2026-07-17 17:02:52,410 | INFO | booking-consumer | Event collected | batch=6/10 | partition=2 | offset=1830 | event_id=32027bbb-b546-4b2c-a949-1e6c8d83478f
2026-07-17 17:02:52,411 | INFO | booking-consumer | Event collected | batch=7/10 | partition=2 | offset=1831 | event_id=1e65c0bd-b1d8-45c6-8edd-7de39898e806
2026-07-17 17:02:52,411 | INFO | booking-consumer | Event collected | batch=8/10 | partition=2 | offset=1832 | event_id=ce4a1db9-3302-458c-a0f6-f1417da2152e
2026-07-17 17:02:52,412 | INFO | booking-consumer | Event collected | batch=9/10 | partition=2 | offset=1833 | event_id=e84291e9-222c-48f4-837c-08ef5ecaa5e5
2026-07-17 17:02:52,412 | INFO | booking-consumer | Event collected | batch=10/10 | partition=2 | offset=1834 | event_id=0e06ec65-d5c9-494b-8ed1-96aba91ab0ba
2026-07-17 17:02:52,419 | INFO | booking-consumer | Batch written and offsets committed | records=10 | offsets={2: 1835}
2026-07-17 17:02:52,419 | INFO | booking-consumer | Event collected | batch=1/10 | partition=2 | offset=1835 | event_id=c18f8feb-f7ca-40c6-8726-6a9485f6109d
2026-07-17 17:02:52,419 | INFO | booking-consumer | Event collected | batch=2/10 | partition=2 | offset=1836 | event_id=46419ff0-4d3f-4284-9e91-5b4965b616f4
2026-07-17 17:02:52,421 | INFO | booking-consumer | Event collected | batch=3/10 | partition=2 | offset=1837 | event_id=336c5403-c3ab-4faa-882a-d30459cf0452
2026-07-17 17:02:52,422 | INFO | booking-consumer | Event collected | batch=4/10 | partition=2 | offset=1838 | event_id=bc771e39-d863-4a18-ba8d-fee8addc3f1d
2026-07-17 17:02:52,422 | INFO | booking-consumer | Event collected | batch=5/10 | partition=2 | offset=1839 | event_id=1ba9a08d-5eba-46dc-9cb8-bc08c90a2fdb
2026-07-17 17:02:52,423 | INFO | booking-consumer | Event collected | batch=6/10 | partition=2 | offset=1840 | event_id=ab747a02-1137-4db9-b28d-4caaef0a5f57
2026-07-17 17:02:52,424 | INFO | booking-consumer | Event collected | batch=7/10 | partition=2 | offset=1841 | event_id=f00dc3bf-bcba-4ac9-96d4-e711e780f19d
2026-07-17 17:02:52,424 | INFO | booking-consumer | Event collected | batch=8/10 | partition=2 | offset=1842 | event_id=0483467b-b043-448f-83b1-a805eb64b6f5
2026-07-17 17:02:52,426 | INFO | booking-consumer | Event collected | batch=9/10 | partition=2 | offset=1843 | event_id=7679224d-3e12-4e27-a53d-83b34e11d726
2026-07-17 17:02:52,426 | INFO | booking-consumer | Event collected | batch=10/10 | partition=2 | offset=1844 | event_id=497c5ad7-5637-451c-a717-9a203b86cb7f
2026-07-17 17:02:52,434 | INFO | booking-consumer | Batch written and offsets committed | records=10 | offsets={2: 1845}
2026-07-17 17:02:52,435 | INFO | booking-consumer | Event collected | batch=1/10 | partition=2 | offset=1845 | event_id=73bbd489-83f8-4f86-aaf9-96ba87806573
2026-07-17 17:02:52,435 | INFO | booking-consumer | Event collected | batch=2/10 | partition=2 | offset=1846 | event_id=30145efe-bf29-487a-bb1a-13252a5b9c1a
2026-07-17 17:02:52,436 | INFO | booking-consumer | Event collected | batch=3/10 | partition=2 | offset=1847 | event_id=9de99f0f-c902-49df-b407-3f81b984174a
2026-07-17 17:02:52,437 | INFO | booking-consumer | Event collected | batch=4/10 | partition=2 | offset=1848 | event_id=601e76fc-2595-4b58-b611-98730cd510e7
2026-07-17 17:02:52,437 | INFO | booking-consumer | Event collected | batch=5/10 | partition=2 | offset=1849 | event_id=581d43da-9fc0-41e8-845d-b441f8e9efa7
2026-07-17 17:02:52,438 | INFO | booking-consumer | Event collected | batch=6/10 | partition=2 | offset=1850 | event_id=f2977745-bab1-4a7f-8007-008f9536c5f3
2026-07-17 17:02:52,439 | INFO | booking-consumer | Event collected | batch=7/10 | partition=2 | offset=1851 | event_id=2440c771-878f-4dbb-93f6-c20e58403405
2026-07-17 17:02:52,439 | INFO | booking-consumer | Event collected | batch=8/10 | partition=2 | offset=1852 | event_id=e91993bd-1be8-48f1-bf03-8a424208808c
2026-07-17 17:02:52,440 | INFO | booking-consumer | Event collected | batch=9/10 | partition=2 | offset=1853 | event_id=86c1399a-5688-428b-9c56-330147f36145
2026-07-17 17:02:52,442 | INFO | booking-consumer | Event collected | batch=10/10 | partition=2 | offset=1854 | event_id=7110324b-6791-4cc7-91fc-82e709ad4383
2026-07-17 17:02:52,450 | INFO | booking-consumer | Batch written and offsets committed | records=10 | offsets={2: 1855}
2026-07-17 17:02:52,451 | INFO | booking-consumer | Event collected | batch=1/10 | partition=2 | offset=1855 | event_id=82ff5bd5-6830-4306-a1af-f15070f34fd7
2026-07-17 17:02:52,451 | INFO | booking-consumer | Event collected | batch=2/10 | partition=2 | offset=1856 | event_id=afab5bde-46e5-42dd-a869-3ccded6ecd69
2026-07-17 17:02:52,451 | INFO | booking-consumer | Event collected | batch=3/10 | partition=2 | offset=1857 | event_id=4f246e5a-fb6b-4160-8ee6-f8749484fe77
2026-07-17 17:02:52,452 | INFO | booking-consumer | Event collected | batch=4/10 | partition=2 | offset=1858 | event_id=efcd2835-0351-4ef1-a113-2c29b2b923f9
2026-07-17 17:02:52,453 | INFO | booking-consumer | Event collected | batch=5/10 | partition=2 | offset=1859 | event_id=d367fa5d-b518-4473-8d8d-e8ddca00c670
2026-07-17 17:02:52,453 | INFO | booking-consumer | Event collected | batch=6/10 | partition=2 | offset=1860 | event_id=f702ac8b-399f-4f91-9f03-60826ee60554
2026-07-17 17:02:52,454 | INFO | booking-consumer | Event collected | batch=7/10 | partition=2 | offset=1861 | event_id=f5dc8338-7c05-4f41-b492-dbce1edd819c
2026-07-17 17:02:52,454 | INFO | booking-consumer | Event collected | batch=8/10 | partition=2 | offset=1862 | event_id=01348418-dd25-4379-b1b5-1dc17bfb9026
2026-07-17 17:02:52,455 | INFO | booking-consumer | Event collected | batch=9/10 | partition=2 | offset=1863 | event_id=b44261f4-b682-49a1-b313-840248ce8180
2026-07-17 17:02:52,456 | INFO | booking-consumer | Event collected | batch=10/10 | partition=2 | offset=1864 | event_id=97e152a7-790d-4c13-9f4e-6671cbff4bdd
2026-07-17 17:02:52,466 | INFO | booking-consumer | Batch written and offsets committed | records=10 | offsets={2: 1865}
2026-07-17 17:02:52,466 | INFO | booking-consumer | Event collected | batch=1/10 | partition=2 | offset=1865 | event_id=159ad3ae-4c77-4afb-9b69-c8c3abf282f3
2026-07-17 17:02:52,467 | INFO | booking-consumer | Event collected | batch=2/10 | partition=2 | offset=1866 | event_id=57c5795e-2d52-4c73-aa5a-a2c9de2a0a23
2026-07-17 17:02:52,467 | INFO | booking-consumer | Event collected | batch=3/10 | partition=2 | offset=1867 | event_id=fe60a8d6-db91-4c2b-8ee0-16050ca8047c
2026-07-17 17:02:52,468 | INFO | booking-consumer | Event collected | batch=4/10 | partition=2 | offset=1868 | event_id=82ed7f64-9fd9-4777-91e8-48344e97abf8
2026-07-17 17:02:52,469 | INFO | booking-consumer | Event collected | batch=5/10 | partition=2 | offset=1869 | event_id=f49dc7c4-1302-4b34-a2bb-c362566f2f50
2026-07-17 17:02:52,469 | INFO | booking-consumer | Event collected | batch=6/10 | partition=2 | offset=1870 | event_id=d5b2cdf0-6680-4acf-821e-167013143270
2026-07-17 17:02:52,470 | INFO | booking-consumer | Event collected | batch=7/10 | partition=2 | offset=1871 | event_id=0f557b00-c88a-402d-be29-e61569df6625
2026-07-17 17:02:52,470 | INFO | booking-consumer | Event collected | batch=8/10 | partition=2 | offset=1872 | event_id=7c20b872-5bfd-4dc6-b7c6-b67773ce81dd
2026-07-17 17:02:52,470 | INFO | booking-consumer | Event collected | batch=9/10 | partition=2 | offset=1873 | event_id=5ad33121-e5bd-44d8-aa0b-4b5eb346e772
2026-07-17 17:02:52,471 | INFO | booking-consumer | Event collected | batch=10/10 | partition=2 | offset=1874 | event_id=dde3433f-2b15-4319-9242-64c16686fb3b
2026-07-17 17:02:52,480 | INFO | booking-consumer | Batch written and offsets committed | records=10 | offsets={2: 1875}
2026-07-17 17:02:52,481 | INFO | booking-consumer | Event collected | batch=1/10 | partition=2 | offset=1875 | event_id=1974e22d-9fb6-4575-b2d1-4c713f3f4daa
2026-07-17 17:02:52,481 | INFO | booking-consumer | Event collected | batch=2/10 | partition=2 | offset=1876 | event_id=58568ea2-914f-4aa7-8c77-6bda9434886d
2026-07-17 17:02:52,482 | INFO | booking-consumer | Event collected | batch=3/10 | partition=2 | offset=1877 | event_id=c31ca187-342e-46b9-bd70-081abd74b0ac
2026-07-17 17:02:52,483 | INFO | booking-consumer | Event collected | batch=4/10 | partition=2 | offset=1878 | event_id=bc596996-263a-46cb-96ea-1267b73c25ad
2026-07-17 17:02:52,483 | INFO | booking-consumer | Event collected | batch=5/10 | partition=2 | offset=1879 | event_id=8b79e670-cc19-4c95-828b-8541bf87a46c
2026-07-17 17:02:52,484 | INFO | booking-consumer | Event collected | batch=6/10 | partition=2 | offset=1880 | event_id=206462f7-fb17-420e-995a-0e5dc1e3497b
2026-07-17 17:02:52,484 | INFO | booking-consumer | Event collected | batch=7/10 | partition=2 | offset=1881 | event_id=71b93759-a8a8-429c-a614-a95cb7585b0c
2026-07-17 17:02:52,484 | INFO | booking-consumer | Event collected | batch=8/10 | partition=2 | offset=1882 | event_id=f6415a1e-dd8f-412d-8340-05f87fa4b4dd
2026-07-17 17:02:52,485 | INFO | booking-consumer | Event collected | batch=9/10 | partition=2 | offset=1883 | event_id=69baa8ab-df5b-472d-ab0a-6b53c41efd1b
2026-07-17 17:02:52,485 | INFO | booking-consumer | Event collected | batch=10/10 | partition=2 | offset=1884 | event_id=804762b8-a7b6-41a1-9153-ae4a67db860c
2026-07-17 17:02:52,496 | INFO | booking-consumer | Batch written and offsets committed | records=10 | offsets={2: 1885}
2026-07-17 17:02:52,496 | INFO | booking-consumer | Event collected | batch=1/10 | partition=2 | offset=1885 | event_id=84264d50-a370-40e1-b9f9-a90e1d26f156
2026-07-17 17:02:52,497 | INFO | booking-consumer | Event collected | batch=2/10 | partition=2 | offset=1886 | event_id=c5a9b6b2-0ea0-4f9a-a62b-1fdabc0aa316
2026-07-17 17:02:52,497 | INFO | booking-consumer | Event collected | batch=3/10 | partition=2 | offset=1887 | event_id=1e0486ac-35e3-44bb-b6fc-9826570fc0fc
2026-07-17 17:02:52,498 | INFO | booking-consumer | Event collected | batch=4/10 | partition=2 | offset=1888 | event_id=87cb4ef0-f8f1-448e-a7ea-b67de7e37c89
2026-07-17 17:02:52,498 | INFO | booking-consumer | Event collected | batch=5/10 | partition=2 | offset=1889 | event_id=65d61344-3b61-4dce-ab19-30cc54568591
2026-07-17 17:02:52,499 | INFO | booking-consumer | Event collected | batch=6/10 | partition=2 | offset=1890 | event_id=d0c37b98-9a5c-48ff-bb33-26870fd0f314
2026-07-17 17:02:52,500 | INFO | booking-consumer | Event collected | batch=7/10 | partition=2 | offset=1891 | event_id=de4a3009-a250-4454-8a9e-2ec0735954c3
2026-07-17 17:02:52,500 | INFO | booking-consumer | Event collected | batch=8/10 | partition=2 | offset=1892 | event_id=58e313ed-6de9-41d3-8190-13e6019c5b29
2026-07-17 17:02:52,501 | INFO | booking-consumer | Event collected | batch=9/10 | partition=2 | offset=1893 | event_id=682484f9-1dec-43d2-8f36-0766f7388e27
2026-07-17 17:02:52,501 | INFO | booking-consumer | Event collected | batch=10/10 | partition=2 | offset=1894 | event_id=0f156205-076f-49fb-976d-6264bd880e23
2026-07-17 17:02:52,510 | INFO | booking-consumer | Batch written and offsets committed | records=10 | offsets={2: 1895}
2026-07-17 17:02:52,511 | INFO | booking-consumer | Event collected | batch=1/10 | partition=2 | offset=1895 | event_id=185292d3-74ec-4f4a-bded-69d6631ef749
2026-07-17 17:02:52,511 | INFO | booking-consumer | Event collected | batch=2/10 | partition=2 | offset=1896 | event_id=affdce49-ea13-4804-a13f-49a15bedc7fa
2026-07-17 17:02:52,511 | INFO | booking-consumer | Event collected | batch=3/10 | partition=2 | offset=1897 | event_id=800cdc15-2a8a-4f06-89b3-0d5dfbd9e5ee
2026-07-17 17:02:52,513 | INFO | booking-consumer | Event collected | batch=4/10 | partition=2 | offset=1898 | event_id=778819b6-9e1e-4936-8843-84aac900be66
2026-07-17 17:02:52,513 | INFO | booking-consumer | Event collected | batch=5/10 | partition=2 | offset=1899 | event_id=763058dc-8eef-4c49-9d9a-6cc23a20f3e1
2026-07-17 17:02:52,513 | INFO | booking-consumer | Event collected | batch=6/10 | partition=2 | offset=1900 | event_id=9b3629e8-d34c-4756-9618-386d06ad0256
2026-07-17 17:02:52,513 | INFO | booking-consumer | Event collected | batch=7/10 | partition=2 | offset=1901 | event_id=d3369793-0650-447f-b060-f7b3c98c3f2a
2026-07-17 17:02:52,514 | INFO | booking-consumer | Event collected | batch=8/10 | partition=2 | offset=1902 | event_id=b1694a53-ab0a-43e5-a818-733a331486bc
2026-07-17 17:02:52,514 | INFO | booking-consumer | Event collected | batch=9/10 | partition=2 | offset=1903 | event_id=bb6aa732-0c91-4b50-b72e-6eaa06be6c32
2026-07-17 17:02:52,514 | INFO | booking-consumer | Event collected | batch=10/10 | partition=2 | offset=1904 | event_id=12ca15e6-50de-4260-bcf4-fe68261c130a
2026-07-17 17:02:52,523 | INFO | booking-consumer | Batch written and offsets committed | records=10 | offsets={2: 1905}
2026-07-17 17:02:52,524 | INFO | booking-consumer | Event collected | batch=1/10 | partition=2 | offset=1905 | event_id=7af55010-a39e-4605-bdf8-c3dcbfb7c176
2026-07-17 17:02:52,525 | INFO | booking-consumer | Event collected | batch=2/10 | partition=2 | offset=1906 | event_id=5cfe56f4-93e5-4a12-acb8-0d5b6e3c6a56
2026-07-17 17:02:52,526 | INFO | booking-consumer | Event collected | batch=3/10 | partition=2 | offset=1907 | event_id=7386b60b-6a47-478f-bc4e-034180169a0b
2026-07-17 17:02:52,527 | INFO | booking-consumer | Event collected | batch=4/10 | partition=2 | offset=1908 | event_id=5944b763-3ab1-4371-8bfa-b6a79cd86752
2026-07-17 17:02:52,528 | INFO | booking-consumer | Event collected | batch=5/10 | partition=2 | offset=1909 | event_id=172e69df-54d6-4f8f-a5e6-f390d0d12032
2026-07-17 17:02:52,529 | INFO | booking-consumer | Event collected | batch=6/10 | partition=2 | offset=1910 | event_id=c67fa373-2bdf-4769-9474-6613009c41d2
2026-07-17 17:02:52,529 | INFO | booking-consumer | Event collected | batch=7/10 | partition=2 | offset=1911 | event_id=57be40c2-adc2-414d-b9f6-4fc81654ee04
2026-07-17 17:02:52,530 | INFO | booking-consumer | Event collected | batch=8/10 | partition=2 | offset=1912 | event_id=96bc9b21-9ca9-4ac9-b05a-0f0707b16401
2026-07-17 17:02:52,531 | INFO | booking-consumer | Event collected | batch=9/10 | partition=2 | offset=1913 | event_id=ee983304-82ea-43d6-b48d-0525ee16cd3e
2026-07-17 17:02:52,531 | INFO | booking-consumer | Event collected | batch=10/10 | partition=2 | offset=1914 | event_id=86f55bc9-5bab-4ff6-a0ed-7faf556774dc
2026-07-17 17:02:52,538 | INFO | booking-consumer | Batch written and offsets committed | records=10 | offsets={2: 1915}
2026-07-17 17:02:52,539 | INFO | booking-consumer | Event collected | batch=1/10 | partition=2 | offset=1915 | event_id=75938e6b-9c5c-47db-a6c2-77c8e9988227
2026-07-17 17:02:52,540 | INFO | booking-consumer | Event collected | batch=2/10 | partition=2 | offset=1916 | event_id=ccad2c71-e8da-43b6-954d-1bf7fadf3e00
2026-07-17 17:02:52,542 | INFO | booking-consumer | Event collected | batch=3/10 | partition=2 | offset=1917 | event_id=003516bf-2e70-492a-b79e-b4cce35a5faf
2026-07-17 17:02:52,542 | INFO | booking-consumer | Event collected | batch=4/10 | partition=2 | offset=1918 | event_id=aa434379-ea7d-4ecc-93a8-66a1725934be
2026-07-17 17:02:52,543 | INFO | booking-consumer | Event collected | batch=5/10 | partition=2 | offset=1919 | event_id=12e4af39-358f-4953-beb6-85a61219580c
2026-07-17 17:02:52,544 | INFO | booking-consumer | Event collected | batch=6/10 | partition=2 | offset=1920 | event_id=64a32ee3-3915-43c6-837b-5f5792f936f1
2026-07-17 17:02:52,545 | INFO | booking-consumer | Event collected | batch=7/10 | partition=2 | offset=1921 | event_id=5d9f791b-0011-4dcc-a051-3eb99b72386b
2026-07-17 17:02:52,545 | INFO | booking-consumer | Event collected | batch=8/10 | partition=2 | offset=1922 | event_id=3652c4a7-10ff-4482-befc-854d6d8aa09d
2026-07-17 17:02:52,545 | INFO | booking-consumer | Event collected | batch=9/10 | partition=2 | offset=1923 | event_id=38d3f3b7-d55d-43d3-82ee-fd3198ef9147
2026-07-17 17:02:52,546 | INFO | booking-consumer | Event collected | batch=10/10 | partition=2 | offset=1924 | event_id=5927ee39-38b7-488a-9544-5a46e9fccdc9
2026-07-17 17:02:52,554 | INFO | booking-consumer | Batch written and offsets committed | records=10 | offsets={2: 1925}
2026-07-17 17:02:52,555 | INFO | booking-consumer | Event collected | batch=1/10 | partition=2 | offset=1925 | event_id=01be67c8-3186-4ab8-935a-deb0b3e64382
2026-07-17 17:02:52,556 | INFO | booking-consumer | Event collected | batch=2/10 | partition=2 | offset=1926 | event_id=84f44670-6d46-4c98-89b3-17789ce10083
2026-07-17 17:02:52,557 | INFO | booking-consumer | Event collected | batch=3/10 | partition=2 | offset=1927 | event_id=19242a42-5a24-4184-b053-f57d59512828
2026-07-17 17:02:52,557 | INFO | booking-consumer | Event collected | batch=4/10 | partition=2 | offset=1928 | event_id=dc3f49fd-adfd-4123-aa02-82a4df68d056
2026-07-17 17:02:52,558 | INFO | booking-consumer | Event collected | batch=5/10 | partition=2 | offset=1929 | event_id=37e524e0-5404-40b1-af10-bc7ef12bdc7e
2026-07-17 17:02:52,559 | INFO | booking-consumer | Event collected | batch=6/10 | partition=2 | offset=1930 | event_id=a7f87919-ed75-43a4-82dc-c4616d1c4e66
2026-07-17 17:02:52,560 | INFO | booking-consumer | Event collected | batch=7/10 | partition=2 | offset=1931 | event_id=8cc5759b-1970-4e3a-877a-cdb054e67579
2026-07-17 17:02:52,561 | INFO | booking-consumer | Event collected | batch=8/10 | partition=2 | offset=1932 | event_id=da2579e4-e5d2-424f-ba26-1d2d9c2af057
2026-07-17 17:02:52,562 | INFO | booking-consumer | Event collected | batch=9/10 | partition=2 | offset=1933 | event_id=715de28f-9948-466e-8651-8ee7bd0ec110
2026-07-17 17:02:52,562 | INFO | booking-consumer | Event collected | batch=10/10 | partition=2 | offset=1934 | event_id=49766d2a-ee40-442a-987e-53f04a098bf5
2026-07-17 17:02:52,569 | INFO | booking-consumer | Batch written and offsets committed | records=10 | offsets={2: 1935}
2026-07-17 17:02:52,570 | INFO | booking-consumer | Event collected | batch=1/10 | partition=2 | offset=1935 | event_id=fe0dc0c5-f343-4832-adbf-2d87bdd21d2a
2026-07-17 17:02:52,571 | INFO | booking-consumer | Event collected | batch=2/10 | partition=2 | offset=1936 | event_id=8d89c79b-463e-48af-9b08-36ffc30755d5
2026-07-17 17:02:52,571 | INFO | booking-consumer | Event collected | batch=3/10 | partition=2 | offset=1937 | event_id=e909e901-2411-4102-9a35-11197dec7738
2026-07-17 17:02:52,572 | INFO | booking-consumer | Event collected | batch=4/10 | partition=2 | offset=1938 | event_id=076ce96a-24e4-4ed8-947a-ab426a29a3a1
2026-07-17 17:02:52,572 | INFO | booking-consumer | Event collected | batch=5/10 | partition=2 | offset=1939 | event_id=3003b2e3-6883-433d-9199-02b0e6e92fc0
2026-07-17 17:02:52,573 | INFO | booking-consumer | Event collected | batch=6/10 | partition=2 | offset=1940 | event_id=12a9c005-c7b2-463f-943c-1ca8cdb3d58f
2026-07-17 17:02:52,574 | INFO | booking-consumer | Event collected | batch=7/10 | partition=2 | offset=1941 | event_id=a000206b-0524-4f5e-9a5a-e746e3d84261
2026-07-17 17:02:52,575 | INFO | booking-consumer | Event collected | batch=8/10 | partition=2 | offset=1942 | event_id=4b5da203-c56e-4622-961f-ea3dbd5f68bb
2026-07-17 17:02:52,577 | INFO | booking-consumer | Event collected | batch=9/10 | partition=2 | offset=1943 | event_id=2826d9b7-16ba-425f-b259-c9c45ce77bc9
2026-07-17 17:02:52,577 | INFO | booking-consumer | Event collected | batch=10/10 | partition=2 | offset=1944 | event_id=ee9c6bc9-cd3b-4258-b675-c54501fe512e
2026-07-17 17:02:52,585 | INFO | booking-consumer | Batch written and offsets committed | records=10 | offsets={2: 1945}
2026-07-17 17:02:52,585 | INFO | booking-consumer | Event collected | batch=1/10 | partition=2 | offset=1945 | event_id=2db35d15-dcdf-4714-b551-55876aca96ae
2026-07-17 17:02:52,586 | INFO | booking-consumer | Event collected | batch=2/10 | partition=2 | offset=1946 | event_id=b69e0478-40af-4303-8ef9-7427ec13cfef
2026-07-17 17:02:52,587 | INFO | booking-consumer | Event collected | batch=3/10 | partition=2 | offset=1947 | event_id=59fb402a-2ba2-41eb-969b-e07965b8a2c5
2026-07-17 17:02:52,587 | INFO | booking-consumer | Event collected | batch=4/10 | partition=2 | offset=1948 | event_id=e6f47d25-5697-4d3d-be01-a362bf265774
2026-07-17 17:02:52,587 | INFO | booking-consumer | Event collected | batch=5/10 | partition=2 | offset=1949 | event_id=55cc07b3-9c99-415b-bc36-31a2d193633f
2026-07-17 17:02:52,588 | INFO | booking-consumer | Event collected | batch=6/10 | partition=2 | offset=1950 | event_id=a44170df-a707-4cd9-8722-7043d1e04712
2026-07-17 17:02:52,588 | INFO | booking-consumer | Event collected | batch=7/10 | partition=2 | offset=1951 | event_id=29967ae8-ad21-4f00-a22c-ce3eef8cd94b
2026-07-17 17:02:52,589 | INFO | booking-consumer | Event collected | batch=8/10 | partition=2 | offset=1952 | event_id=68b85b5e-881f-47ee-a6c2-53aff316e819
2026-07-17 17:02:52,589 | INFO | booking-consumer | Event collected | batch=9/10 | partition=2 | offset=1953 | event_id=70b725dc-0c07-4520-833a-848dc37ce0ef
2026-07-17 17:02:52,591 | INFO | booking-consumer | Event collected | batch=10/10 | partition=2 | offset=1954 | event_id=82ca113f-e13e-413e-af15-d47bb0000311
2026-07-17 17:02:52,599 | INFO | booking-consumer | Batch written and offsets committed | records=10 | offsets={2: 1955}
2026-07-17 17:02:52,600 | INFO | booking-consumer | Event collected | batch=1/10 | partition=2 | offset=1955 | event_id=418c3a15-aa95-4a53-a3a3-eae3850f78d3
2026-07-17 17:02:52,600 | INFO | booking-consumer | Event collected | batch=2/10 | partition=2 | offset=1956 | event_id=d9b3f93f-9820-4f2b-9f7b-7e9b52732c6f
2026-07-17 17:02:52,600 | INFO | booking-consumer | Event collected | batch=3/10 | partition=2 | offset=1957 | event_id=a5d60740-8c34-429e-aab5-c95c58c19592
2026-07-17 17:02:52,601 | INFO | booking-consumer | Event collected | batch=4/10 | partition=2 | offset=1958 | event_id=36eff575-063d-49ea-9a06-7fee5a8f3baf
2026-07-17 17:02:52,602 | INFO | booking-consumer | Event collected | batch=5/10 | partition=2 | offset=1959 | event_id=ccb9fcba-2e89-45ce-9bd3-40bfd899b08d
2026-07-17 17:02:52,602 | INFO | booking-consumer | Event collected | batch=6/10 | partition=2 | offset=1960 | event_id=b9e3c77e-c3d4-48be-b530-19da30f4f53b
2026-07-17 17:02:52,603 | INFO | booking-consumer | Event collected | batch=7/10 | partition=2 | offset=1961 | event_id=e48cc810-1915-4500-be7b-e5089363a534
2026-07-17 17:02:52,603 | INFO | booking-consumer | Event collected | batch=8/10 | partition=2 | offset=1962 | event_id=18b59a79-f758-4b45-a5f4-67de99462cae
2026-07-17 17:02:52,603 | INFO | booking-consumer | Event collected | batch=9/10 | partition=2 | offset=1963 | event_id=31ac8e47-d6fc-405c-94c6-de1982a35f35
2026-07-17 17:02:52,604 | INFO | booking-consumer | Event collected | batch=10/10 | partition=2 | offset=1964 | event_id=e3508a21-2159-4686-95f7-ece1bbc5dd95
2026-07-17 17:02:52,613 | INFO | booking-consumer | Batch written and offsets committed | records=10 | offsets={2: 1965}
2026-07-17 17:02:52,614 | INFO | booking-consumer | Event collected | batch=1/10 | partition=2 | offset=1965 | event_id=f177a1cb-b9c2-4a7b-80aa-54b8291f372f
2026-07-17 17:02:52,614 | INFO | booking-consumer | Event collected | batch=2/10 | partition=2 | offset=1966 | event_id=61180219-defd-4655-898f-f2e8e3f46fde
2026-07-17 17:02:52,615 | INFO | booking-consumer | Event collected | batch=3/10 | partition=2 | offset=1967 | event_id=784036bf-d777-4a47-9934-6c06425f6143
2026-07-17 17:02:52,616 | INFO | booking-consumer | Event collected | batch=4/10 | partition=2 | offset=1968 | event_id=20ae42cb-0ca8-44c9-93dc-ee6857de75df
2026-07-17 17:02:52,616 | INFO | booking-consumer | Event collected | batch=5/10 | partition=2 | offset=1969 | event_id=60c02ef8-1aee-4dfc-90be-4ef585da2dca
2026-07-17 17:02:52,617 | INFO | booking-consumer | Event collected | batch=6/10 | partition=2 | offset=1970 | event_id=446c9da5-d849-4094-84d4-377088d50f21
2026-07-17 17:02:52,617 | INFO | booking-consumer | Event collected | batch=7/10 | partition=2 | offset=1971 | event_id=ce7feced-ddb4-4f86-b002-41c8d65ebf72
2026-07-17 17:02:52,618 | INFO | booking-consumer | Event collected | batch=8/10 | partition=2 | offset=1972 | event_id=0300c649-464f-4ac8-b0d5-685b1153b8a8
2026-07-17 17:02:52,619 | INFO | booking-consumer | Event collected | batch=9/10 | partition=2 | offset=1973 | event_id=224e12df-57a1-45c6-819e-816f4587a8a2
2026-07-17 17:02:52,619 | INFO | booking-consumer | Event collected | batch=10/10 | partition=2 | offset=1974 | event_id=ef0f95bf-914b-4940-8e15-84f0d20af547
2026-07-17 17:02:52,628 | INFO | booking-consumer | Batch written and offsets committed | records=10 | offsets={2: 1975}
2026-07-17 17:02:52,629 | INFO | booking-consumer | Event collected | batch=1/10 | partition=2 | offset=1975 | event_id=b8f75ddb-c16f-426a-95b3-ab8725a786d6
2026-07-17 17:02:52,629 | INFO | booking-consumer | Event collected | batch=2/10 | partition=2 | offset=1976 | event_id=86e9adc2-9911-4df3-b478-4ffaff6f568e
2026-07-17 17:02:52,630 | INFO | booking-consumer | Event collected | batch=3/10 | partition=2 | offset=1977 | event_id=7fa99aa9-7bfe-43f2-9a78-2c83ba3dd828
2026-07-17 17:02:52,631 | INFO | booking-consumer | Event collected | batch=4/10 | partition=2 | offset=1978 | event_id=526fe58c-8e77-4a51-9347-5e9b06ec3041
2026-07-17 17:02:52,631 | INFO | booking-consumer | Event collected | batch=5/10 | partition=2 | offset=1979 | event_id=affe3019-84d3-468b-9710-db077ed9b8f8
2026-07-17 17:02:52,632 | INFO | booking-consumer | Event collected | batch=6/10 | partition=2 | offset=1980 | event_id=79e89612-7de0-4fc4-9368-3c76b0f78445
2026-07-17 17:02:52,632 | INFO | booking-consumer | Event collected | batch=7/10 | partition=2 | offset=1981 | event_id=ccc3c1b4-878e-41e2-adc4-f6f587c5f990
2026-07-17 17:02:52,633 | INFO | booking-consumer | Event collected | batch=8/10 | partition=2 | offset=1982 | event_id=7fd385ad-a009-48be-be4c-f124ac3983d0
2026-07-17 17:02:52,634 | INFO | booking-consumer | Event collected | batch=9/10 | partition=2 | offset=1983 | event_id=4a3e47f1-533e-4ad0-8c0c-6b53d608d94a
2026-07-17 17:02:52,634 | INFO | booking-consumer | Event collected | batch=10/10 | partition=2 | offset=1984 | event_id=edf7918b-28d2-4075-9389-602a91e26e2f
2026-07-17 17:02:52,645 | INFO | booking-consumer | Batch written and offsets committed | records=10 | offsets={2: 1985}
2026-07-17 17:02:52,646 | INFO | booking-consumer | Event collected | batch=1/10 | partition=2 | offset=1985 | event_id=922e2783-caf9-465b-aba8-55b7189559be
2026-07-17 17:02:52,647 | INFO | booking-consumer | Event collected | batch=2/10 | partition=2 | offset=1986 | event_id=6c13c4bd-062b-4f03-9e50-7638e9fdf4f9
2026-07-17 17:02:52,648 | INFO | booking-consumer | Event collected | batch=3/10 | partition=2 | offset=1987 | event_id=4818b2b1-e514-42b9-aeeb-e32aaf1983c9
2026-07-17 17:02:52,648 | INFO | booking-consumer | Event collected | batch=4/10 | partition=2 | offset=1988 | event_id=b5fd279b-d5ea-43f6-be5d-9f3bf8675a82
2026-07-17 17:02:52,649 | INFO | booking-consumer | Event collected | batch=5/10 | partition=2 | offset=1989 | event_id=79bc012c-03c2-41a5-99a7-104605de1533
2026-07-17 17:02:52,650 | INFO | booking-consumer | Event collected | batch=6/10 | partition=2 | offset=1990 | event_id=9632737e-e2c0-4069-820c-1f73cbd52984
2026-07-17 17:02:52,650 | INFO | booking-consumer | Event collected | batch=7/10 | partition=2 | offset=1991 | event_id=638ba064-e94d-43a9-8395-6340bcc9e641
2026-07-17 17:02:52,650 | INFO | booking-consumer | Event collected | batch=8/10 | partition=2 | offset=1992 | event_id=096a56e8-a57b-435e-afd1-34b19cc8b1df
2026-07-17 17:02:52,651 | INFO | booking-consumer | Event collected | batch=9/10 | partition=2 | offset=1993 | event_id=80ca684a-5701-4dbe-bb38-c573cb06a2e8
2026-07-17 17:02:52,651 | INFO | booking-consumer | Event collected | batch=10/10 | partition=2 | offset=1994 | event_id=48911d05-4d83-4275-8e51-2c0fed66ce8a
2026-07-17 17:02:52,662 | INFO | booking-consumer | Batch written and offsets committed | records=10 | offsets={2: 1995}
2026-07-17 17:02:52,663 | INFO | booking-consumer | Event collected | batch=1/10 | partition=2 | offset=1995 | event_id=3bf2467b-b858-4e96-8b45-2e1387ceddee
2026-07-17 17:02:52,663 | INFO | booking-consumer | Event collected | batch=2/10 | partition=2 | offset=1996 | event_id=a4a98f2a-ada7-4bd3-8b2d-731e7c1ce310
2026-07-17 17:02:52,664 | INFO | booking-consumer | Event collected | batch=3/10 | partition=2 | offset=1997 | event_id=6b3bd46f-a675-4656-b6d4-3716821b4058
2026-07-17 17:02:52,664 | INFO | booking-consumer | Event collected | batch=4/10 | partition=2 | offset=1998 | event_id=d3ab9d13-81f2-4cf1-90d9-fdc11bd7d6bf
2026-07-17 17:02:52,664 | INFO | booking-consumer | Event collected | batch=5/10 | partition=2 | offset=1999 | event_id=3b562f39-6957-4f2d-93a2-7f445329a15c
2026-07-17 17:02:52,665 | INFO | booking-consumer | Event collected | batch=6/10 | partition=2 | offset=2000 | event_id=6ec62b64-6758-4cdb-b7ea-3b7792432b54
2026-07-17 17:02:52,666 | INFO | booking-consumer | Event collected | batch=7/10 | partition=2 | offset=2001 | event_id=4de224f1-72c4-4ad5-b707-7f59766a0894
2026-07-17 17:02:52,666 | INFO | booking-consumer | Event collected | batch=8/10 | partition=2 | offset=2002 | event_id=5e4089f2-16e7-4e22-957c-e3870dc51508
2026-07-17 17:02:52,667 | INFO | booking-consumer | Event collected | batch=9/10 | partition=2 | offset=2003 | event_id=97ed676f-f49e-4020-9621-c463baf044a3
2026-07-17 17:02:52,667 | INFO | booking-consumer | Event collected | batch=10/10 | partition=2 | offset=2004 | event_id=b182a369-ced8-4df7-9ff9-721d21237808
2026-07-17 17:02:52,676 | INFO | booking-consumer | Batch written and offsets committed | records=10 | offsets={2: 2005}
2026-07-17 17:02:52,677 | INFO | booking-consumer | Event collected | batch=1/10 | partition=2 | offset=2005 | event_id=1302d523-cd99-451d-8782-e72e1150fce0
2026-07-17 17:02:52,678 | INFO | booking-consumer | Event collected | batch=2/10 | partition=2 | offset=2006 | event_id=7f2764a3-b433-4d43-884b-49949bfb1a88
2026-07-17 17:02:52,678 | INFO | booking-consumer | Event collected | batch=3/10 | partition=2 | offset=2007 | event_id=f7bb768d-3d2c-46e7-a3a2-504ac52878aa
2026-07-17 17:02:52,680 | INFO | booking-consumer | Event collected | batch=4/10 | partition=2 | offset=2008 | event_id=b5d68af1-5204-4b36-aa65-7013d649a033
2026-07-17 17:02:52,680 | INFO | booking-consumer | Event collected | batch=5/10 | partition=2 | offset=2009 | event_id=6158e459-6d31-433b-abb3-18f9a12ed937
2026-07-17 17:02:52,680 | INFO | booking-consumer | Event collected | batch=6/10 | partition=2 | offset=2010 | event_id=daa0eb9c-5bca-4b23-bb39-837197276bfc
2026-07-17 17:02:52,681 | INFO | booking-consumer | Event collected | batch=7/10 | partition=2 | offset=2011 | event_id=f6462d43-df51-4859-8ea8-16af5a5f6494
2026-07-17 17:02:52,681 | INFO | booking-consumer | Event collected | batch=8/10 | partition=2 | offset=2012 | event_id=bc0b55e9-fea9-475a-b74e-fdd90f32b69a
2026-07-17 17:02:52,682 | INFO | booking-consumer | Event collected | batch=9/10 | partition=2 | offset=2013 | event_id=ad3b8ad8-96a9-4dd2-a9d4-5da705fe3e2e
2026-07-17 17:02:52,682 | INFO | booking-consumer | Event collected | batch=10/10 | partition=2 | offset=2014 | event_id=cbe8a1f2-b7fb-4bf3-b6bd-a7cff7fa8d60
2026-07-17 17:02:52,690 | INFO | booking-consumer | Batch written and offsets committed | records=10 | offsets={2: 2015}
2026-07-17 17:02:52,692 | INFO | booking-consumer | Event collected | batch=1/10 | partition=2 | offset=2015 | event_id=e60a85c6-d436-4609-bcb9-30eacd78c898
2026-07-17 17:02:52,692 | INFO | booking-consumer | Event collected | batch=2/10 | partition=2 | offset=2016 | event_id=bcb618ad-849c-4edf-8a2f-1209a7b202da
2026-07-17 17:02:52,693 | INFO | booking-consumer | Event collected | batch=3/10 | partition=2 | offset=2017 | event_id=689df37a-15a7-49ef-a3f1-71a066617859
2026-07-17 17:02:52,694 | INFO | booking-consumer | Event collected | batch=4/10 | partition=2 | offset=2018 | event_id=a23ffc45-1b7d-4efa-a82f-1057e196d6eb
2026-07-17 17:02:52,694 | INFO | booking-consumer | Event collected | batch=5/10 | partition=2 | offset=2019 | event_id=cf79f64f-3b0f-4bfb-8ebe-cd1af69f4be6
2026-07-17 17:02:52,695 | INFO | booking-consumer | Event collected | batch=6/10 | partition=2 | offset=2020 | event_id=74bcf5b0-9af6-45d5-bf6a-abdeb551c3ed
2026-07-17 17:02:52,695 | INFO | booking-consumer | Event collected | batch=7/10 | partition=2 | offset=2021 | event_id=df2f90eb-c6b9-4e5d-8860-efe50da4ed42
2026-07-17 17:02:52,697 | INFO | booking-consumer | Event collected | batch=8/10 | partition=2 | offset=2022 | event_id=acbbd426-8139-4677-ae92-319b29dc4360
2026-07-17 17:02:52,697 | INFO | booking-consumer | Event collected | batch=9/10 | partition=2 | offset=2023 | event_id=1186f1ca-63d4-4ec5-9345-b9f5a7ea5c57
2026-07-17 17:02:52,697 | INFO | booking-consumer | Event collected | batch=10/10 | partition=2 | offset=2024 | event_id=c182d047-205e-48b5-bdfa-24d86c7440e4
2026-07-17 17:02:52,705 | INFO | booking-consumer | Batch written and offsets committed | records=10 | offsets={2: 2025}
2026-07-17 17:02:52,706 | INFO | booking-consumer | Event collected | batch=1/10 | partition=2 | offset=2025 | event_id=7290b5ed-39e1-4a58-81b7-64b1553547f6
2026-07-17 17:02:52,708 | INFO | booking-consumer | Event collected | batch=2/10 | partition=2 | offset=2026 | event_id=20d9dd44-de43-4a80-9ec6-579bba062bcc
2026-07-17 17:02:52,709 | INFO | booking-consumer | Event collected | batch=3/10 | partition=2 | offset=2027 | event_id=6e14d9c0-62e1-4b6d-b971-811c71c23af3
2026-07-17 17:02:52,710 | INFO | booking-consumer | Event collected | batch=4/10 | partition=2 | offset=2028 | event_id=fd73a5bc-6513-4447-9517-b539f5aaa609
2026-07-17 17:02:52,711 | INFO | booking-consumer | Event collected | batch=5/10 | partition=2 | offset=2029 | event_id=58b60ea2-1c32-4e08-bb92-0a9630fcc1bb
2026-07-17 17:02:52,712 | INFO | booking-consumer | Event collected | batch=6/10 | partition=2 | offset=2030 | event_id=fed453e6-fa93-4a4e-b78d-4d3886c37638
2026-07-17 17:02:52,712 | INFO | booking-consumer | Event collected | batch=7/10 | partition=2 | offset=2031 | event_id=1ab36444-016a-4768-8fc8-2d7778a201a0
2026-07-17 17:02:52,713 | INFO | booking-consumer | Event collected | batch=8/10 | partition=2 | offset=2032 | event_id=da748512-0ec7-4224-8a90-86339ead4881
2026-07-17 17:02:52,713 | INFO | booking-consumer | Event collected | batch=9/10 | partition=2 | offset=2033 | event_id=e01c7b54-ff00-436f-ba99-9f797c7d0ee1
2026-07-17 17:02:52,713 | INFO | booking-consumer | Event collected | batch=10/10 | partition=2 | offset=2034 | event_id=e4621a8c-c1b6-4881-928b-4d656b843282
2026-07-17 17:02:52,721 | INFO | booking-consumer | Batch written and offsets committed | records=10 | offsets={2: 2035}
2026-07-17 17:02:52,723 | INFO | booking-consumer | Event collected | batch=1/10 | partition=2 | offset=2035 | event_id=3b0d075d-d100-4c71-971a-6eb3d08c207d
2026-07-17 17:02:52,724 | INFO | booking-consumer | Event collected | batch=2/10 | partition=2 | offset=2036 | event_id=843c1ea7-d8b5-4ff4-8da9-4b1ab3f44f65
2026-07-17 17:02:52,725 | INFO | booking-consumer | Event collected | batch=3/10 | partition=2 | offset=2037 | event_id=736534c0-187d-41a3-8aaf-a13aebbd4de0
2026-07-17 17:02:52,726 | INFO | booking-consumer | Event collected | batch=4/10 | partition=2 | offset=2038 | event_id=7d93974f-bbda-4ae6-a88e-f9e9ffb19df9
2026-07-17 17:02:52,727 | INFO | booking-consumer | Event collected | batch=5/10 | partition=2 | offset=2039 | event_id=41eadea3-4c1f-445a-9b2e-b351df4ba7c7
2026-07-17 17:02:52,727 | INFO | booking-consumer | Event collected | batch=6/10 | partition=2 | offset=2040 | event_id=14bc87b6-57a9-414e-8c25-b381525ba47a
2026-07-17 17:02:52,728 | INFO | booking-consumer | Event collected | batch=7/10 | partition=2 | offset=2041 | event_id=1a8d605c-660e-471b-bc48-5e33af9450df
2026-07-17 17:02:52,729 | INFO | booking-consumer | Event collected | batch=8/10 | partition=2 | offset=2042 | event_id=13ddfd50-5f50-4fb0-a95a-4c832dabfb2d
2026-07-17 17:02:52,730 | INFO | booking-consumer | Event collected | batch=9/10 | partition=2 | offset=2043 | event_id=92997477-acfa-4044-8fbd-5f9f446660b7
2026-07-17 17:02:52,730 | INFO | booking-consumer | Event collected | batch=10/10 | partition=2 | offset=2044 | event_id=2f572fd1-f74c-4400-9eb8-ab92d59087ef
2026-07-17 17:02:52,739 | INFO | booking-consumer | Batch written and offsets committed | records=10 | offsets={2: 2045}
2026-07-17 17:02:52,743 | INFO | booking-consumer | Event collected | batch=1/10 | partition=2 | offset=2045 | event_id=96c56860-1016-4fb3-8c29-99b37821b5fc
2026-07-17 17:02:52,744 | INFO | booking-consumer | Event collected | batch=2/10 | partition=2 | offset=2046 | event_id=fce848de-cf06-49d3-b9f9-8131e50f98b6
2026-07-17 17:02:52,745 | INFO | booking-consumer | Event collected | batch=3/10 | partition=2 | offset=2047 | event_id=c7ba94a5-c87c-4ec2-8f20-2ea1f362a39a
2026-07-17 17:02:52,745 | INFO | booking-consumer | Event collected | batch=4/10 | partition=2 | offset=2048 | event_id=aede6973-d083-4773-99e2-df134a981c65
2026-07-17 17:02:52,746 | INFO | booking-consumer | Event collected | batch=5/10 | partition=2 | offset=2049 | event_id=280052cb-aab5-4745-8bb9-d499827a63b1
2026-07-17 17:02:52,746 | INFO | booking-consumer | Event collected | batch=6/10 | partition=2 | offset=2050 | event_id=26805795-b378-4bfe-bef8-f1771490a76a
2026-07-17 17:02:52,747 | INFO | booking-consumer | Event collected | batch=7/10 | partition=2 | offset=2051 | event_id=051d4895-27f1-4b2c-a378-aaaf9d18ff46
2026-07-17 17:02:52,748 | INFO | booking-consumer | Event collected | batch=8/10 | partition=2 | offset=2052 | event_id=f8a5578a-e927-4aaf-a296-fc9072663fa1
2026-07-17 17:02:52,748 | INFO | booking-consumer | Event collected | batch=9/10 | partition=2 | offset=2053 | event_id=eb902e37-eeec-4e37-8a94-45994bda2760
2026-07-17 17:02:52,749 | INFO | booking-consumer | Event collected | batch=10/10 | partition=2 | offset=2054 | event_id=230da7d9-30dc-440d-8857-85e1eeae8e3c
2026-07-17 17:02:52,759 | INFO | booking-consumer | Batch written and offsets committed | records=10 | offsets={2: 2055}
2026-07-17 17:02:52,760 | INFO | booking-consumer | Event collected | batch=1/10 | partition=2 | offset=2055 | event_id=8d2bb879-74e5-4677-99ba-40ae974105e5
2026-07-17 17:02:52,761 | INFO | booking-consumer | Event collected | batch=2/10 | partition=2 | offset=2056 | event_id=a508aa99-bde7-44ff-abc6-6b82e3e3f0b7
2026-07-17 17:02:52,762 | INFO | booking-consumer | Event collected | batch=3/10 | partition=2 | offset=2057 | event_id=f4ef7945-ce1e-4e9b-9ce8-c957b2ba5727
2026-07-17 17:02:52,762 | INFO | booking-consumer | Event collected | batch=4/10 | partition=2 | offset=2058 | event_id=b31605ee-5eea-4003-9aa6-6f8eb495798b
2026-07-17 17:02:52,763 | INFO | booking-consumer | Event collected | batch=5/10 | partition=2 | offset=2059 | event_id=3a124ad7-6e7e-4b92-a973-d0c5d1bf9d21
2026-07-17 17:02:52,763 | INFO | booking-consumer | Event collected | batch=6/10 | partition=2 | offset=2060 | event_id=78c58c64-ec2c-41ae-831a-f995c125413c
2026-07-17 17:02:52,763 | INFO | booking-consumer | Event collected | batch=7/10 | partition=2 | offset=2061 | event_id=4be3b7fd-25a6-4290-9c73-61325d31b708
2026-07-17 17:02:52,764 | INFO | booking-consumer | Event collected | batch=8/10 | partition=2 | offset=2062 | event_id=4679192e-8541-4bb3-b8ff-6db4590a1840
2026-07-17 17:02:52,765 | INFO | booking-consumer | Event collected | batch=9/10 | partition=2 | offset=2063 | event_id=e6ea8093-578a-49e5-8b4f-ffe845cc5da4
2026-07-17 17:02:52,765 | INFO | booking-consumer | Event collected | batch=10/10 | partition=2 | offset=2064 | event_id=0dbfe836-3c58-4807-afb7-91ce0eeb5ddd
2026-07-17 17:02:52,772 | INFO | booking-consumer | Batch written and offsets committed | records=10 | offsets={2: 2065}
2026-07-17 17:02:52,774 | INFO | booking-consumer | Event collected | batch=1/10 | partition=2 | offset=2065 | event_id=52c08724-b274-48bd-8d0f-4d3b2071fc5c
2026-07-17 17:02:52,775 | INFO | booking-consumer | Event collected | batch=2/10 | partition=2 | offset=2066 | event_id=e65274c4-487a-4bb5-91e6-7ca24c262d9e
2026-07-17 17:02:52,776 | INFO | booking-consumer | Event collected | batch=3/10 | partition=2 | offset=2067 | event_id=92c5df28-b118-49b9-a768-4092f99588ff
2026-07-17 17:02:52,777 | INFO | booking-consumer | Event collected | batch=4/10 | partition=2 | offset=2068 | event_id=9577afbe-6f09-4190-911c-da1e30d0fd9f
2026-07-17 17:02:52,777 | INFO | booking-consumer | Event collected | batch=5/10 | partition=2 | offset=2069 | event_id=64b1f421-65df-4b17-907e-50fee8b2aca8
2026-07-17 17:02:52,778 | INFO | booking-consumer | Event collected | batch=6/10 | partition=2 | offset=2070 | event_id=6e9e65b8-2dab-4b31-bba4-3b78b9baf44d
2026-07-17 17:02:52,778 | INFO | booking-consumer | Event collected | batch=7/10 | partition=2 | offset=2071 | event_id=8a6984d4-1fa8-40b1-8ffd-a90105120deb
2026-07-17 17:02:52,779 | INFO | booking-consumer | Event collected | batch=8/10 | partition=2 | offset=2072 | event_id=5acc1362-92db-4e03-91d5-eb3fedaadb01
2026-07-17 17:02:52,779 | INFO | booking-consumer | Event collected | batch=9/10 | partition=2 | offset=2073 | event_id=4a82e741-b4a8-48d3-931d-0bac449d3089
2026-07-17 17:02:52,780 | INFO | booking-consumer | Event collected | batch=10/10 | partition=2 | offset=2074 | event_id=14c0b95e-d084-4bdf-86f2-c40497689eda
2026-07-17 17:02:52,787 | INFO | booking-consumer | Batch written and offsets committed | records=10 | offsets={2: 2075}
2026-07-17 17:02:52,788 | INFO | booking-consumer | Event collected | batch=1/10 | partition=2 | offset=2075 | event_id=0156c8cd-37d5-4fe1-83fe-22f4cf8d49c5
2026-07-17 17:02:52,789 | INFO | booking-consumer | Event collected | batch=2/10 | partition=2 | offset=2076 | event_id=4258ddec-6e15-4f8d-bb6d-7fc2e120efb7
2026-07-17 17:02:52,789 | INFO | booking-consumer | Event collected | batch=3/10 | partition=2 | offset=2077 | event_id=c5360bbb-d929-46bf-8f31-fe27ba7c2980
2026-07-17 17:02:52,790 | INFO | booking-consumer | Event collected | batch=4/10 | partition=2 | offset=2078 | event_id=75748a58-bfdf-498f-bbb9-455a1ffe5040
2026-07-17 17:02:52,791 | INFO | booking-consumer | Event collected | batch=5/10 | partition=2 | offset=2079 | event_id=a2854aaf-5ca0-4d41-b3f7-f9594e0fb349
2026-07-17 17:02:52,792 | INFO | booking-consumer | Event collected | batch=6/10 | partition=2 | offset=2080 | event_id=88e24cc1-b48b-429f-b669-d0123526339f
2026-07-17 17:02:52,792 | INFO | booking-consumer | Event collected | batch=7/10 | partition=2 | offset=2081 | event_id=9157f364-a2b2-4ea1-b0cb-57655e4a9cae
2026-07-17 17:02:52,793 | INFO | booking-consumer | Event collected | batch=8/10 | partition=2 | offset=2082 | event_id=68134ecb-d6e8-45b7-9e7e-78ac48f4d1b1
2026-07-17 17:02:52,793 | INFO | booking-consumer | Event collected | batch=9/10 | partition=2 | offset=2083 | event_id=cc9139a9-fe93-41a4-a851-1606d6373b03
2026-07-17 17:02:52,794 | INFO | booking-consumer | Event collected | batch=10/10 | partition=2 | offset=2084 | event_id=b94b6598-cefb-42b8-a856-8b7effbead12
2026-07-17 17:02:52,801 | INFO | booking-consumer | Batch written and offsets committed | records=10 | offsets={2: 2085}
2026-07-17 17:02:52,801 | INFO | booking-consumer | Event collected | batch=1/10 | partition=2 | offset=2085 | event_id=1cc69f04-fa43-4148-a57d-8b31629fc027
2026-07-17 17:02:52,802 | INFO | booking-consumer | Event collected | batch=2/10 | partition=2 | offset=2086 | event_id=86df674c-a02b-40a9-8bb2-1c3a3f499611
2026-07-17 17:02:52,802 | INFO | booking-consumer | Event collected | batch=3/10 | partition=2 | offset=2087 | event_id=1802a297-61da-4475-ab2a-34951db3e948
2026-07-17 17:02:52,802 | INFO | booking-consumer | Event collected | batch=4/10 | partition=2 | offset=2088 | event_id=7de7026d-0bfe-4eab-82c1-cdcd3307d30c
2026-07-17 17:02:52,803 | INFO | booking-consumer | Event collected | batch=5/10 | partition=2 | offset=2089 | event_id=82b624f6-7de1-460c-8114-b9379b11e35b
2026-07-17 17:02:52,803 | INFO | booking-consumer | Event collected | batch=6/10 | partition=2 | offset=2090 | event_id=de356d97-ac1b-4734-b22d-0f42d6def148
2026-07-17 17:02:52,804 | INFO | booking-consumer | Event collected | batch=7/10 | partition=2 | offset=2091 | event_id=f5ac0cf8-70a9-4802-8e26-3b4e5f3638b4
2026-07-17 17:02:52,804 | INFO | booking-consumer | Event collected | batch=8/10 | partition=2 | offset=2092 | event_id=b927e960-a52f-4e6d-ba38-2348e5b6fbc6
2026-07-17 17:02:52,805 | INFO | booking-consumer | Event collected | batch=9/10 | partition=2 | offset=2093 | event_id=5d827e36-62d8-4ab9-b2e7-522a7010a0d2
2026-07-17 17:02:52,805 | INFO | booking-consumer | Event collected | batch=10/10 | partition=2 | offset=2094 | event_id=1ea56065-4c18-420a-b001-c8fa4cb97f42
2026-07-17 17:02:52,813 | INFO | booking-consumer | Batch written and offsets committed | records=10 | offsets={2: 2095}
2026-07-17 17:02:52,814 | INFO | booking-consumer | Event collected | batch=1/10 | partition=2 | offset=2095 | event_id=b03e1218-a3f3-4b40-abc1-2c3df5d1a5d0
2026-07-17 17:02:52,815 | INFO | booking-consumer | Event collected | batch=2/10 | partition=2 | offset=2096 | event_id=283d8b9e-1b17-4e55-b873-7c599d0699a1
2026-07-17 17:02:52,815 | INFO | booking-consumer | Event collected | batch=3/10 | partition=2 | offset=2097 | event_id=dba926a2-9886-4ae1-ad76-541d80665719
2026-07-17 17:02:52,816 | INFO | booking-consumer | Event collected | batch=4/10 | partition=2 | offset=2098 | event_id=efee1148-dedf-4562-9e40-532597860db0
2026-07-17 17:02:52,816 | INFO | booking-consumer | Event collected | batch=5/10 | partition=2 | offset=2099 | event_id=6d7dec29-7126-446d-b535-e215c7143c6d
2026-07-17 17:02:52,817 | INFO | booking-consumer | Event collected | batch=6/10 | partition=2 | offset=2100 | event_id=b3c8b49b-7fde-4c53-8095-cc4d987423b0
2026-07-17 17:02:52,817 | INFO | booking-consumer | Event collected | batch=7/10 | partition=2 | offset=2101 | event_id=a603f190-722a-47b6-bbf9-1dd09323c26d
2026-07-17 17:02:52,818 | INFO | booking-consumer | Event collected | batch=8/10 | partition=2 | offset=2102 | event_id=c2a280c4-ea7e-4675-ae22-cfde32275b04
2026-07-17 17:02:52,818 | INFO | booking-consumer | Event collected | batch=9/10 | partition=2 | offset=2103 | event_id=56b5e9d1-84f7-45e9-976b-fe1d6d5a3fb6
2026-07-17 17:02:52,819 | INFO | booking-consumer | Event collected | batch=10/10 | partition=2 | offset=2104 | event_id=81ad010e-33c6-408a-bee6-4d6a964574b6
2026-07-17 17:02:52,826 | INFO | booking-consumer | Batch written and offsets committed | records=10 | offsets={2: 2105}
2026-07-17 17:02:52,827 | INFO | booking-consumer | Event collected | batch=1/10 | partition=2 | offset=2105 | event_id=8baa7441-0969-4f9b-baa0-77c0aab1cb3b
2026-07-17 17:02:52,828 | INFO | booking-consumer | Event collected | batch=2/10 | partition=2 | offset=2106 | event_id=49e54d19-66e4-4d1c-9ad0-53e6bb4ccfbe
2026-07-17 17:02:52,828 | INFO | booking-consumer | Event collected | batch=3/10 | partition=2 | offset=2107 | event_id=4d5cfc54-7e53-40ce-becf-6fb9c3d245b2
2026-07-17 17:02:52,828 | INFO | booking-consumer | Event collected | batch=4/10 | partition=2 | offset=2108 | event_id=700ab93e-2f5a-4a3c-94c1-73b6f9e11abf
2026-07-17 17:02:52,829 | INFO | booking-consumer | Event collected | batch=5/10 | partition=2 | offset=2109 | event_id=b38a8719-9fc8-4a7c-92d5-bfeaad27b4ce
2026-07-17 17:02:52,830 | INFO | booking-consumer | Event collected | batch=6/10 | partition=2 | offset=2110 | event_id=66ff0e91-8536-4d40-9597-2b3319e67711
2026-07-17 17:02:52,830 | INFO | booking-consumer | Event collected | batch=7/10 | partition=2 | offset=2111 | event_id=ead17e30-7e9e-45f4-aa78-ecf41d05b589
2026-07-17 17:02:52,830 | INFO | booking-consumer | Event collected | batch=8/10 | partition=2 | offset=2112 | event_id=97e35b96-a897-4523-a1fc-f65887c58e62
2026-07-17 17:02:52,831 | INFO | booking-consumer | Event collected | batch=9/10 | partition=2 | offset=2113 | event_id=5ac76fa3-adf9-4ad3-80d5-d41a350d0485
2026-07-17 17:02:52,831 | INFO | booking-consumer | Event collected | batch=10/10 | partition=2 | offset=2114 | event_id=fed16811-7f0a-4a33-a5a0-ef250c10cb93
2026-07-17 17:02:52,838 | INFO | booking-consumer | Batch written and offsets committed | records=10 | offsets={2: 2115}
2026-07-17 17:02:52,839 | INFO | booking-consumer | Event collected | batch=1/10 | partition=2 | offset=2115 | event_id=7ff7af35-72ea-4bfc-b0f0-801e4369f239
2026-07-17 17:02:52,839 | INFO | booking-consumer | Event collected | batch=2/10 | partition=2 | offset=2116 | event_id=ca2afde7-7300-4215-8250-a13be5fd317d
2026-07-17 17:02:52,840 | INFO | booking-consumer | Event collected | batch=3/10 | partition=2 | offset=2117 | event_id=0a0be690-90a7-4d0a-aa72-3bf557d400c8
2026-07-17 17:02:52,841 | INFO | booking-consumer | Event collected | batch=4/10 | partition=2 | offset=2118 | event_id=462a5a3e-feec-4803-856f-3eaaf7daa7c9
2026-07-17 17:02:52,842 | INFO | booking-consumer | Event collected | batch=5/10 | partition=2 | offset=2119 | event_id=b47ea35f-8406-4d7b-8ca6-fc452e4b1559
2026-07-17 17:02:52,842 | INFO | booking-consumer | Event collected | batch=6/10 | partition=2 | offset=2120 | event_id=6ce1bc03-a5ed-4b16-bacd-94ca948e7131
2026-07-17 17:02:52,843 | INFO | booking-consumer | Event collected | batch=7/10 | partition=2 | offset=2121 | event_id=eb79b1ec-3570-43aa-b4d9-a2ff0e1672cf
2026-07-17 17:02:52,843 | INFO | booking-consumer | Event collected | batch=8/10 | partition=2 | offset=2122 | event_id=ea00f775-7492-4ae8-b7ea-4cf8a1959f30
2026-07-17 17:02:52,844 | INFO | booking-consumer | Event collected | batch=9/10 | partition=2 | offset=2123 | event_id=2db95cd7-ee52-4b3f-8040-96ac1eb248fd
2026-07-17 17:02:52,844 | INFO | booking-consumer | Event collected | batch=10/10 | partition=2 | offset=2124 | event_id=234b7269-6e43-4a7a-b60d-d7c9bc00c5fd
2026-07-17 17:02:52,851 | INFO | booking-consumer | Batch written and offsets committed | records=10 | offsets={2: 2125}
2026-07-17 17:02:52,852 | INFO | booking-consumer | Event collected | batch=1/10 | partition=2 | offset=2125 | event_id=7cf4ef99-2905-4783-a05b-a7bacf94e3f9
2026-07-17 17:02:52,853 | INFO | booking-consumer | Event collected | batch=2/10 | partition=2 | offset=2126 | event_id=356a8cb1-987b-4dba-b2d3-8ff517150c72
2026-07-17 17:02:52,853 | INFO | booking-consumer | Event collected | batch=3/10 | partition=2 | offset=2127 | event_id=2e62c58a-d981-44c2-a50f-f94c3bde0acb
2026-07-17 17:02:52,853 | INFO | booking-consumer | Event collected | batch=4/10 | partition=2 | offset=2128 | event_id=eaebb800-3b7f-46d3-9f25-ddf55d788ea1
2026-07-17 17:02:52,854 | INFO | booking-consumer | Event collected | batch=5/10 | partition=2 | offset=2129 | event_id=5c3543ad-fa91-40b5-b209-407d20b5441b
2026-07-17 17:02:52,854 | INFO | booking-consumer | Event collected | batch=6/10 | partition=2 | offset=2130 | event_id=ec15a480-0a61-4031-8d23-374602030d0b
2026-07-17 17:02:52,854 | INFO | booking-consumer | Event collected | batch=7/10 | partition=2 | offset=2131 | event_id=9351b4dd-9946-47f4-9d85-373b2279c098
2026-07-17 17:02:52,855 | INFO | booking-consumer | Event collected | batch=8/10 | partition=2 | offset=2132 | event_id=28cd5a5d-8805-42f6-9b20-51fee48763a3
2026-07-17 17:02:52,856 | INFO | booking-consumer | Event collected | batch=9/10 | partition=2 | offset=2133 | event_id=71e01db2-ebd5-4891-b300-82233a6b60a7
2026-07-17 17:02:52,857 | INFO | booking-consumer | Event collected | batch=10/10 | partition=2 | offset=2134 | event_id=a4dffa87-cb3a-475e-bb3f-51270508e02f
2026-07-17 17:02:52,863 | INFO | booking-consumer | Batch written and offsets committed | records=10 | offsets={2: 2135}
2026-07-17 17:02:52,864 | INFO | booking-consumer | Event collected | batch=1/10 | partition=2 | offset=2135 | event_id=6a3ca1dc-c1b3-4628-afb6-1984e13e9727
2026-07-17 17:02:52,865 | INFO | booking-consumer | Event collected | batch=2/10 | partition=2 | offset=2136 | event_id=ba575490-94cd-4efa-9a8c-8c0c026c6134
2026-07-17 17:02:52,865 | INFO | booking-consumer | Event collected | batch=3/10 | partition=2 | offset=2137 | event_id=2bae7725-b02b-4c76-9b9a-0512b5469bf8
2026-07-17 17:02:52,865 | INFO | booking-consumer | Event collected | batch=4/10 | partition=2 | offset=2138 | event_id=2853c252-d3cb-47f3-994d-1365c3d9ce4e
2026-07-17 17:02:52,865 | INFO | booking-consumer | Event collected | batch=5/10 | partition=2 | offset=2139 | event_id=b1b73bb3-d41b-47ca-9018-0f2ab67fc8b2
2026-07-17 17:02:52,866 | INFO | booking-consumer | Event collected | batch=6/10 | partition=2 | offset=2140 | event_id=c9e93619-8793-4b5f-9bf0-a241397b2cb8
2026-07-17 17:02:52,867 | INFO | booking-consumer | Event collected | batch=7/10 | partition=2 | offset=2141 | event_id=96a9d784-c766-4fe9-9dd0-5b928eab9826
2026-07-17 17:02:52,867 | INFO | booking-consumer | Event collected | batch=8/10 | partition=2 | offset=2142 | event_id=47be7ff0-246a-4212-9b0c-6f3197c65328
2026-07-17 17:02:52,867 | INFO | booking-consumer | Event collected | batch=9/10 | partition=2 | offset=2143 | event_id=a7128169-4021-4879-b024-c9597f9ff211
2026-07-17 17:02:52,867 | INFO | booking-consumer | Event collected | batch=10/10 | partition=2 | offset=2144 | event_id=963df770-54ca-44aa-8491-6ddf82740aa0
2026-07-17 17:02:52,874 | INFO | booking-consumer | Batch written and offsets committed | records=10 | offsets={2: 2145}
2026-07-17 17:02:52,874 | INFO | booking-consumer | Event collected | batch=1/10 | partition=2 | offset=2145 | event_id=dd90a564-33a2-47f3-9782-fe346edc425f
2026-07-17 17:02:52,875 | INFO | booking-consumer | Event collected | batch=2/10 | partition=3 | offset=1065 | event_id=07fb9412-fd12-49f2-87cd-8589a6ab3a21
2026-07-17 17:02:52,876 | INFO | booking-consumer | Event collected | batch=3/10 | partition=3 | offset=1066 | event_id=4aef0628-b6f4-4d89-a7f0-eadace6ff452
2026-07-17 17:02:52,876 | INFO | booking-consumer | Event collected | batch=4/10 | partition=3 | offset=1067 | event_id=2a57e521-35c7-4df6-9d47-ba16a32bb9f1
2026-07-17 17:02:52,876 | INFO | booking-consumer | Event collected | batch=5/10 | partition=3 | offset=1068 | event_id=22d1b6cd-bfbf-4cd6-868f-cc2e0eee058a
2026-07-17 17:02:52,877 | INFO | booking-consumer | Event collected | batch=6/10 | partition=3 | offset=1069 | event_id=ba6f01ca-b672-4258-91c2-84a24fe83a14
2026-07-17 17:02:52,877 | INFO | booking-consumer | Event collected | batch=7/10 | partition=3 | offset=1070 | event_id=26309608-075d-4388-a2ae-d2a624ab85d0
2026-07-17 17:02:52,877 | INFO | booking-consumer | Event collected | batch=8/10 | partition=3 | offset=1071 | event_id=0eddc9fd-3cfc-47b6-8ee4-97ac9e3eed6e
2026-07-17 17:02:52,877 | INFO | booking-consumer | Event collected | batch=9/10 | partition=3 | offset=1072 | event_id=343557e4-d032-4d8c-a602-0629515acbf6
2026-07-17 17:02:52,877 | INFO | booking-consumer | Event collected | batch=10/10 | partition=3 | offset=1073 | event_id=3d0ecfd1-b358-4c24-ae9d-bca3f09c0391
2026-07-17 17:02:52,884 | INFO | booking-consumer | Batch written and offsets committed | records=10 | offsets={2: 2146, 3: 1074}
2026-07-17 17:02:52,885 | INFO | booking-consumer | Event collected | batch=1/10 | partition=3 | offset=1074 | event_id=21a78e43-f94b-4a49-b55c-9a04c323a651
2026-07-17 17:02:52,885 | INFO | booking-consumer | Event collected | batch=2/10 | partition=3 | offset=1075 | event_id=32134bad-4c88-47d8-8568-bba4a9ee6021
2026-07-17 17:02:52,886 | INFO | booking-consumer | Event collected | batch=3/10 | partition=3 | offset=1076 | event_id=495e9bbf-cf73-4808-a5e9-15b9a69d0558
2026-07-17 17:02:52,886 | INFO | booking-consumer | Event collected | batch=4/10 | partition=3 | offset=1077 | event_id=1532693c-604f-4de9-8950-1bd7e07899fd
2026-07-17 17:02:52,886 | INFO | booking-consumer | Event collected | batch=5/10 | partition=3 | offset=1078 | event_id=173f4b14-6f3a-406a-ac5a-4e114841aad9
2026-07-17 17:02:52,887 | INFO | booking-consumer | Event collected | batch=6/10 | partition=3 | offset=1079 | event_id=82309841-c508-49be-a65b-632b7fc172cb
2026-07-17 17:02:52,887 | INFO | booking-consumer | Event collected | batch=7/10 | partition=3 | offset=1080 | event_id=abe68ba8-ab23-4949-85a4-78c539e4b061
2026-07-17 17:02:52,887 | INFO | booking-consumer | Event collected | batch=8/10 | partition=3 | offset=1081 | event_id=ec1e6111-2934-42c0-a2c8-3cee8f50d602
2026-07-17 17:02:52,888 | INFO | booking-consumer | Event collected | batch=9/10 | partition=3 | offset=1082 | event_id=cecb5e0b-bbc9-42d3-b35c-cd85eaa8c373
2026-07-17 17:02:52,889 | INFO | booking-consumer | Event collected | batch=10/10 | partition=3 | offset=1083 | event_id=e7f6f67a-fb41-4309-beda-658bce7cd510
2026-07-17 17:02:52,897 | INFO | booking-consumer | Batch written and offsets committed | records=10 | offsets={3: 1084}
2026-07-17 17:02:52,897 | INFO | booking-consumer | Event collected | batch=1/10 | partition=3 | offset=1084 | event_id=eea410f1-d05e-44da-b1de-f21e04d293af
2026-07-17 17:02:52,898 | INFO | booking-consumer | Event collected | batch=2/10 | partition=3 | offset=1085 | event_id=4f433f03-2bd9-4e6b-81da-b923e71096b1
2026-07-17 17:02:52,898 | INFO | booking-consumer | Event collected | batch=3/10 | partition=3 | offset=1086 | event_id=174c5eec-ed7a-4a79-b8cf-2074958996e3
2026-07-17 17:02:52,898 | INFO | booking-consumer | Event collected | batch=4/10 | partition=3 | offset=1087 | event_id=bdc28042-25e6-42d6-a9f6-a05d369ad466
2026-07-17 17:02:52,899 | INFO | booking-consumer | Event collected | batch=5/10 | partition=3 | offset=1088 | event_id=fe820baf-28c4-48b9-bd88-74a6cf3fd791
2026-07-17 17:02:52,900 | INFO | booking-consumer | Event collected | batch=6/10 | partition=3 | offset=1089 | event_id=feb92753-59e8-4bcc-8db6-4bc587442318
2026-07-17 17:02:52,900 | INFO | booking-consumer | Event collected | batch=7/10 | partition=3 | offset=1090 | event_id=fc51c503-773f-4f60-bb85-925e8e9b28fb
2026-07-17 17:02:52,900 | INFO | booking-consumer | Event collected | batch=8/10 | partition=3 | offset=1091 | event_id=2db85d71-ec73-481a-a246-9fc304cfef10
2026-07-17 17:02:52,901 | INFO | booking-consumer | Event collected | batch=9/10 | partition=3 | offset=1092 | event_id=df5f01bf-73b7-45b1-b822-4353c0d5a121
2026-07-17 17:02:52,901 | INFO | booking-consumer | Event collected | batch=10/10 | partition=3 | offset=1093 | event_id=aafb7ba5-b1fa-4500-bb1d-f881c3c49d42
2026-07-17 17:02:52,908 | INFO | booking-consumer | Batch written and offsets committed | records=10 | offsets={3: 1094}
2026-07-17 17:02:52,909 | INFO | booking-consumer | Event collected | batch=1/10 | partition=3 | offset=1094 | event_id=40a4d760-e2bc-44fc-8bd3-8580128ed422
2026-07-17 17:02:52,910 | INFO | booking-consumer | Event collected | batch=2/10 | partition=3 | offset=1095 | event_id=2f7fa523-2554-4ea2-a2de-9322b5c70750
2026-07-17 17:02:52,911 | INFO | booking-consumer | Event collected | batch=3/10 | partition=3 | offset=1096 | event_id=a814c76f-3c5c-47eb-b1e2-a3b48d232d50
2026-07-17 17:02:52,911 | INFO | booking-consumer | Event collected | batch=4/10 | partition=3 | offset=1097 | event_id=d5ac1b2e-f501-419f-829a-963dd805372c
2026-07-17 17:02:52,911 | INFO | booking-consumer | Event collected | batch=5/10 | partition=3 | offset=1098 | event_id=8ea1dc57-9f16-48df-be60-11d3a10f1a1f
2026-07-17 17:02:52,912 | INFO | booking-consumer | Event collected | batch=6/10 | partition=3 | offset=1099 | event_id=bf2699fb-783a-4241-8f9f-5513a63754e2
2026-07-17 17:02:52,912 | INFO | booking-consumer | Event collected | batch=7/10 | partition=3 | offset=1100 | event_id=0d027e8f-f21d-48b7-ba83-ea5bacb7630f
2026-07-17 17:02:52,913 | INFO | booking-consumer | Event collected | batch=8/10 | partition=3 | offset=1101 | event_id=b5fa539c-0f15-44c5-a3d8-4c242a0d5916
2026-07-17 17:02:52,913 | INFO | booking-consumer | Event collected | batch=9/10 | partition=3 | offset=1102 | event_id=42e6a285-7eaf-4f05-bd16-d4ddeaa95aca
2026-07-17 17:02:52,913 | INFO | booking-consumer | Event collected | batch=10/10 | partition=3 | offset=1103 | event_id=c6e1a14c-758f-4556-ba84-12126c7494b9
2026-07-17 17:02:52,919 | INFO | booking-consumer | Batch written and offsets committed | records=10 | offsets={3: 1104}
2026-07-17 17:02:52,920 | INFO | booking-consumer | Event collected | batch=1/10 | partition=3 | offset=1104 | event_id=c04d3b36-a24c-4af0-be60-8c206e23b7cc
2026-07-17 17:02:52,921 | INFO | booking-consumer | Event collected | batch=2/10 | partition=3 | offset=1105 | event_id=8351d04c-e2b1-4f72-894b-be04a4fe705c
2026-07-17 17:02:52,921 | INFO | booking-consumer | Event collected | batch=3/10 | partition=3 | offset=1106 | event_id=ac146818-7e2c-416f-ac2f-58cb4c7069b4
2026-07-17 17:02:52,922 | INFO | booking-consumer | Event collected | batch=4/10 | partition=3 | offset=1107 | event_id=53c2f3fc-4d30-457d-9f7f-cb425a95a878
2026-07-17 17:02:52,922 | INFO | booking-consumer | Event collected | batch=5/10 | partition=3 | offset=1108 | event_id=3953f8f7-93d1-44fb-b765-62cc5c2e3f76
2026-07-17 17:02:52,923 | INFO | booking-consumer | Event collected | batch=6/10 | partition=3 | offset=1109 | event_id=c3d5a3e5-abc2-4e12-9e3a-5b9c7fcc43c4
2026-07-17 17:02:52,924 | INFO | booking-consumer | Event collected | batch=7/10 | partition=3 | offset=1110 | event_id=9c8be4fe-344c-41f3-9b37-04ce3da60c95
2026-07-17 17:02:52,925 | INFO | booking-consumer | Event collected | batch=8/10 | partition=3 | offset=1111 | event_id=942244ac-c2fb-4c0a-9172-863c41372fe9
2026-07-17 17:02:52,925 | INFO | booking-consumer | Event collected | batch=9/10 | partition=3 | offset=1112 | event_id=f149137d-d39d-4633-ad17-0d40f3dab51c
2026-07-17 17:02:52,926 | INFO | booking-consumer | Event collected | batch=10/10 | partition=3 | offset=1113 | event_id=89f2b611-cfc4-45d9-ab6a-b524371598ae
2026-07-17 17:02:52,932 | INFO | booking-consumer | Batch written and offsets committed | records=10 | offsets={3: 1114}
2026-07-17 17:02:52,933 | INFO | booking-consumer | Event collected | batch=1/10 | partition=3 | offset=1114 | event_id=06178ea1-ee69-4335-8953-c6ef86e3fb8d
2026-07-17 17:02:52,933 | INFO | booking-consumer | Event collected | batch=2/10 | partition=3 | offset=1115 | event_id=83f7718e-4308-4326-a72d-909398e502a0
2026-07-17 17:02:52,934 | INFO | booking-consumer | Event collected | batch=3/10 | partition=3 | offset=1116 | event_id=76a1c0d5-447e-4158-a02b-8b65facf6188
2026-07-17 17:02:52,934 | INFO | booking-consumer | Event collected | batch=4/10 | partition=3 | offset=1117 | event_id=893f7d9e-4192-423d-9fd3-9c18614dba68
2026-07-17 17:02:52,934 | INFO | booking-consumer | Event collected | batch=5/10 | partition=3 | offset=1118 | event_id=8858ee57-babc-4a3e-a172-c23c24804ecb
2026-07-17 17:02:52,935 | INFO | booking-consumer | Event collected | batch=6/10 | partition=3 | offset=1119 | event_id=78ce429c-9c2a-4d25-be4a-5a71f74fa3a8
2026-07-17 17:02:52,935 | INFO | booking-consumer | Event collected | batch=7/10 | partition=3 | offset=1120 | event_id=d3c2e159-a40d-46e3-a20a-aa802265f363
2026-07-17 17:02:52,935 | INFO | booking-consumer | Event collected | batch=8/10 | partition=3 | offset=1121 | event_id=701c1a87-0a75-4d10-ac88-45fbd9996c6c
2026-07-17 17:02:52,935 | INFO | booking-consumer | Event collected | batch=9/10 | partition=3 | offset=1122 | event_id=f4229fb3-03bd-4705-a8cc-a7cdedb6b5be
2026-07-17 17:02:52,936 | INFO | booking-consumer | Event collected | batch=10/10 | partition=3 | offset=1123 | event_id=9fb3a9da-3aff-4a50-9ddd-393ad11b611b
2026-07-17 17:02:52,943 | INFO | booking-consumer | Batch written and offsets committed | records=10 | offsets={3: 1124}
2026-07-17 17:02:52,944 | INFO | booking-consumer | Event collected | batch=1/10 | partition=3 | offset=1124 | event_id=edc68db9-1d7e-4a3c-ac65-bbc8536e2de3
2026-07-17 17:02:52,944 | INFO | booking-consumer | Event collected | batch=2/10 | partition=3 | offset=1125 | event_id=512a46c2-3f31-4380-95b9-17f009119cc7
2026-07-17 17:02:52,944 | INFO | booking-consumer | Event collected | batch=3/10 | partition=3 | offset=1126 | event_id=0795c78b-136c-4ef3-bb56-1562da3fda78
2026-07-17 17:02:52,945 | INFO | booking-consumer | Event collected | batch=4/10 | partition=3 | offset=1127 | event_id=fca29549-7ef1-46fc-a701-1c936dac6fec
2026-07-17 17:02:52,945 | INFO | booking-consumer | Event collected | batch=5/10 | partition=3 | offset=1128 | event_id=900e1fcf-5645-436e-940b-286e9fd87a32
2026-07-17 17:02:52,945 | INFO | booking-consumer | Event collected | batch=6/10 | partition=3 | offset=1129 | event_id=04e2f5f2-4f8b-48f4-9d30-9b11031ca6d8
2026-07-17 17:02:52,945 | INFO | booking-consumer | Event collected | batch=7/10 | partition=3 | offset=1130 | event_id=f55812af-4962-41e7-a660-a9a1e25838ff
2026-07-17 17:02:52,946 | INFO | booking-consumer | Event collected | batch=8/10 | partition=3 | offset=1131 | event_id=405b8abf-d4a3-46c2-a4b9-9c953ea08334
2026-07-17 17:02:52,946 | INFO | booking-consumer | Event collected | batch=9/10 | partition=3 | offset=1132 | event_id=3435bf6d-4b94-4495-8e8f-22113401d769
2026-07-17 17:02:52,947 | INFO | booking-consumer | Event collected | batch=10/10 | partition=3 | offset=1133 | event_id=dad6fd46-efa9-4e97-a065-d5ae9479ec08
2026-07-17 17:02:52,952 | INFO | booking-consumer | Batch written and offsets committed | records=10 | offsets={3: 1134}
2026-07-17 17:02:52,952 | INFO | booking-consumer | Event collected | batch=1/10 | partition=3 | offset=1134 | event_id=20c8074e-951d-4e87-bcfd-1d9b597d22a5
2026-07-17 17:02:52,953 | INFO | booking-consumer | Event collected | batch=2/10 | partition=3 | offset=1135 | event_id=9d73f755-fca2-4ae9-bb49-e6848e390414
2026-07-17 17:02:52,953 | INFO | booking-consumer | Event collected | batch=3/10 | partition=3 | offset=1136 | event_id=8feb5fc5-1f5c-4e3f-9dbf-080d96ecccad
2026-07-17 17:02:52,954 | INFO | booking-consumer | Event collected | batch=4/10 | partition=3 | offset=1137 | event_id=d1f00619-be1d-43db-aa6b-a71205b8aa0f
2026-07-17 17:02:52,954 | INFO | booking-consumer | Event collected | batch=5/10 | partition=3 | offset=1138 | event_id=1667127f-b475-469a-8277-3385f53d7005
2026-07-17 17:02:52,954 | INFO | booking-consumer | Event collected | batch=6/10 | partition=3 | offset=1139 | event_id=861893c1-feaa-4cbb-894e-290cade54b32
2026-07-17 17:02:52,956 | INFO | booking-consumer | Event collected | batch=7/10 | partition=3 | offset=1140 | event_id=6dde10f2-db0f-4fa3-a6af-b73fcf00f3f2
2026-07-17 17:02:52,958 | INFO | booking-consumer | Event collected | batch=8/10 | partition=3 | offset=1141 | event_id=ebc6a2c1-7e1f-453f-a4fd-d1053ff5a099
2026-07-17 17:02:52,959 | INFO | booking-consumer | Event collected | batch=9/10 | partition=3 | offset=1142 | event_id=f46d4c64-9976-4372-b60a-44f16245665a
2026-07-17 17:02:52,959 | INFO | booking-consumer | Event collected | batch=10/10 | partition=3 | offset=1143 | event_id=76c045ee-382c-4a62-9b50-96f60d59741c
2026-07-17 17:02:52,965 | INFO | booking-consumer | Batch written and offsets committed | records=10 | offsets={3: 1144}
2026-07-17 17:02:52,966 | INFO | booking-consumer | Event collected | batch=1/10 | partition=3 | offset=1144 | event_id=adc7ea94-11c0-489f-abea-972ce32c1e48
2026-07-17 17:02:52,966 | INFO | booking-consumer | Event collected | batch=2/10 | partition=3 | offset=1145 | event_id=3c050ea8-65b7-44d9-bddd-a12fd0f58d61
2026-07-17 17:02:52,967 | INFO | booking-consumer | Event collected | batch=3/10 | partition=3 | offset=1146 | event_id=18f16dba-1354-4291-b651-0fdfde3aa853
2026-07-17 17:02:52,968 | INFO | booking-consumer | Event collected | batch=4/10 | partition=3 | offset=1147 | event_id=86b90223-ca56-496b-90ac-008b69428b83
2026-07-17 17:02:52,968 | INFO | booking-consumer | Event collected | batch=5/10 | partition=3 | offset=1148 | event_id=ee33da84-64b7-495c-bc25-10129248e599
2026-07-17 17:02:52,968 | INFO | booking-consumer | Event collected | batch=6/10 | partition=3 | offset=1149 | event_id=5c8fe4ac-cc36-49d3-8710-2323f56076d0
2026-07-17 17:02:52,968 | INFO | booking-consumer | Event collected | batch=7/10 | partition=3 | offset=1150 | event_id=f0cc03b7-a445-496d-a1d2-8d4c70f787a7
2026-07-17 17:02:52,969 | INFO | booking-consumer | Event collected | batch=8/10 | partition=3 | offset=1151 | event_id=582ae458-5e67-441f-8d22-c9a0a4bb700c
2026-07-17 17:02:52,969 | INFO | booking-consumer | Event collected | batch=9/10 | partition=3 | offset=1152 | event_id=50811202-f6af-42fd-b919-004c96e67aa3
2026-07-17 17:02:52,969 | INFO | booking-consumer | Event collected | batch=10/10 | partition=3 | offset=1153 | event_id=8285ef85-3700-46c7-b722-3c79dca336ab
2026-07-17 17:02:52,977 | INFO | booking-consumer | Batch written and offsets committed | records=10 | offsets={3: 1154}
2026-07-17 17:02:52,978 | INFO | booking-consumer | Event collected | batch=1/10 | partition=3 | offset=1154 | event_id=eb7f2af0-0a12-4e69-9773-fa241b06df97
2026-07-17 17:02:52,979 | INFO | booking-consumer | Event collected | batch=2/10 | partition=3 | offset=1155 | event_id=b67c57d5-5142-45c6-8267-5d47ab4f1dd1
2026-07-17 17:02:52,979 | INFO | booking-consumer | Event collected | batch=3/10 | partition=3 | offset=1156 | event_id=7a0306ed-866f-4169-893f-3e89945f7cf7
2026-07-17 17:02:52,980 | INFO | booking-consumer | Event collected | batch=4/10 | partition=3 | offset=1157 | event_id=8825e9fc-a6c3-4a58-af8f-3366916a6301
2026-07-17 17:02:52,981 | INFO | booking-consumer | Event collected | batch=5/10 | partition=3 | offset=1158 | event_id=97828dae-3129-44aa-947d-9fe1a922d5f7
2026-07-17 17:02:52,981 | INFO | booking-consumer | Event collected | batch=6/10 | partition=3 | offset=1159 | event_id=aa58678b-c42f-4005-940c-02e17266d557
2026-07-17 17:02:52,981 | INFO | booking-consumer | Event collected | batch=7/10 | partition=3 | offset=1160 | event_id=367c51d4-d10a-4689-8a7d-3e01af10ed9e
2026-07-17 17:02:52,982 | INFO | booking-consumer | Event collected | batch=8/10 | partition=3 | offset=1161 | event_id=eff5088c-a546-41ce-8e4b-98caa03480b6
2026-07-17 17:02:52,982 | INFO | booking-consumer | Event collected | batch=9/10 | partition=3 | offset=1162 | event_id=b0d00e4f-1370-4cda-afd9-339e3b905719
2026-07-17 17:02:52,983 | INFO | booking-consumer | Event collected | batch=10/10 | partition=3 | offset=1163 | event_id=01edb440-457e-47ed-a7a2-32b735638b81
2026-07-17 17:02:52,990 | INFO | booking-consumer | Batch written and offsets committed | records=10 | offsets={3: 1164}
2026-07-17 17:02:52,991 | INFO | booking-consumer | Event collected | batch=1/10 | partition=3 | offset=1164 | event_id=e06b2d6d-3567-4eb8-bb63-7cb424a1da05
2026-07-17 17:02:52,991 | INFO | booking-consumer | Event collected | batch=2/10 | partition=3 | offset=1165 | event_id=56c679da-4aae-41ea-a9ad-d8b04d9ad3ca
2026-07-17 17:02:52,992 | INFO | booking-consumer | Event collected | batch=3/10 | partition=3 | offset=1166 | event_id=9372910a-6177-4e57-90be-67e0c20268f5
2026-07-17 17:02:52,993 | INFO | booking-consumer | Event collected | batch=4/10 | partition=3 | offset=1167 | event_id=6b3e157e-f179-4d48-89e1-7cef623acd7e
2026-07-17 17:02:52,993 | INFO | booking-consumer | Event collected | batch=5/10 | partition=3 | offset=1168 | event_id=8c40cd21-f69b-40d4-8ac2-d3e745544cd2
2026-07-17 17:02:52,994 | INFO | booking-consumer | Event collected | batch=6/10 | partition=3 | offset=1169 | event_id=ddd93b71-74e7-4132-bf50-26754773df50
2026-07-17 17:02:52,994 | INFO | booking-consumer | Event collected | batch=7/10 | partition=3 | offset=1170 | event_id=6f6ff705-cfc8-482b-9108-196f11b2ccfd
2026-07-17 17:02:52,995 | INFO | booking-consumer | Event collected | batch=8/10 | partition=3 | offset=1171 | event_id=eb2e5b97-251f-47c7-a194-ae9cfa52ad3c
2026-07-17 17:02:52,995 | INFO | booking-consumer | Event collected | batch=9/10 | partition=3 | offset=1172 | event_id=211a44e1-056f-4085-ac7c-9654346682cf
2026-07-17 17:02:52,995 | INFO | booking-consumer | Event collected | batch=10/10 | partition=3 | offset=1173 | event_id=fe1602e0-d848-4145-8b5a-0872d765c289
2026-07-17 17:02:53,002 | INFO | booking-consumer | Batch written and offsets committed | records=10 | offsets={3: 1174}
2026-07-17 17:02:53,002 | INFO | booking-consumer | Event collected | batch=1/10 | partition=3 | offset=1174 | event_id=56e6c3c5-d3b5-45fb-bbc1-9eba6ab80911
2026-07-17 17:02:53,003 | INFO | booking-consumer | Event collected | batch=2/10 | partition=3 | offset=1175 | event_id=0499ff46-a640-441e-bfdc-914f73bdf0f3
2026-07-17 17:02:53,004 | INFO | booking-consumer | Event collected | batch=3/10 | partition=3 | offset=1176 | event_id=b13d60c2-4a30-46a3-b966-d525a65b1d72
2026-07-17 17:02:53,004 | INFO | booking-consumer | Event collected | batch=4/10 | partition=3 | offset=1177 | event_id=c51846c4-759e-43ac-a53c-cda8dfb8f628
2026-07-17 17:02:53,004 | INFO | booking-consumer | Event collected | batch=5/10 | partition=3 | offset=1178 | event_id=df7ef29e-ffd2-4a76-a06e-73646eaad07f
2026-07-17 17:02:53,005 | INFO | booking-consumer | Event collected | batch=6/10 | partition=3 | offset=1179 | event_id=7b496375-add2-4453-9023-ae4bad791105
2026-07-17 17:02:53,006 | INFO | booking-consumer | Event collected | batch=7/10 | partition=3 | offset=1180 | event_id=0afc4839-9130-4dbb-9e09-53858c2d4979
2026-07-17 17:02:53,006 | INFO | booking-consumer | Event collected | batch=8/10 | partition=3 | offset=1181 | event_id=00d23fce-654d-405a-bd00-9a1e3cd47df4
2026-07-17 17:02:53,007 | INFO | booking-consumer | Event collected | batch=9/10 | partition=3 | offset=1182 | event_id=d579639c-41b5-4d5b-b024-23792e91e282
2026-07-17 17:02:53,007 | INFO | booking-consumer | Event collected | batch=10/10 | partition=3 | offset=1183 | event_id=01354d71-7297-4d22-9e6a-1c664f36fb00
2026-07-17 17:02:53,014 | INFO | booking-consumer | Batch written and offsets committed | records=10 | offsets={3: 1184}
2026-07-17 17:02:53,015 | INFO | booking-consumer | Event collected | batch=1/10 | partition=3 | offset=1184 | event_id=072c5a4f-3016-4122-aed7-fe3750827f28
2026-07-17 17:02:53,015 | INFO | booking-consumer | Event collected | batch=2/10 | partition=3 | offset=1185 | event_id=6ed1660d-0ef9-4eb2-a637-9e0e94667830
2026-07-17 17:02:53,016 | INFO | booking-consumer | Event collected | batch=3/10 | partition=3 | offset=1186 | event_id=159f9b23-a820-4d93-b243-435f063db0d7
2026-07-17 17:02:53,016 | INFO | booking-consumer | Event collected | batch=4/10 | partition=3 | offset=1187 | event_id=7f771e88-3cc4-4aeb-974a-804d6a43ab04
2026-07-17 17:02:53,016 | INFO | booking-consumer | Event collected | batch=5/10 | partition=3 | offset=1188 | event_id=2ec91788-d466-45a9-afe3-54d0c1376cec
2026-07-17 17:02:53,017 | INFO | booking-consumer | Event collected | batch=6/10 | partition=3 | offset=1189 | event_id=8bba4188-01cf-42be-bca8-66dcca6b302f
2026-07-17 17:02:53,018 | INFO | booking-consumer | Event collected | batch=7/10 | partition=3 | offset=1190 | event_id=6ba8729e-430a-4fc1-86df-65f5fc5b8b87
2026-07-17 17:02:53,018 | INFO | booking-consumer | Event collected | batch=8/10 | partition=3 | offset=1191 | event_id=7fb5e5df-37bd-4f48-b1e7-04f9ddfcaa73
2026-07-17 17:02:53,019 | INFO | booking-consumer | Event collected | batch=9/10 | partition=3 | offset=1192 | event_id=872f080c-abaf-4927-bdbc-b8635334ef11
2026-07-17 17:02:53,019 | INFO | booking-consumer | Event collected | batch=10/10 | partition=3 | offset=1193 | event_id=c22bec92-aa37-47db-aad3-4a370989d008
2026-07-17 17:02:53,027 | INFO | booking-consumer | Batch written and offsets committed | records=10 | offsets={3: 1194}
2026-07-17 17:02:53,027 | INFO | booking-consumer | Event collected | batch=1/10 | partition=3 | offset=1194 | event_id=dba31bec-b311-4824-82cd-a0f6a99bcfe5
2026-07-17 17:02:53,028 | INFO | booking-consumer | Event collected | batch=2/10 | partition=3 | offset=1195 | event_id=cda62ad5-5f58-44b7-8d7f-b81f00da8261
2026-07-17 17:02:53,028 | INFO | booking-consumer | Event collected | batch=3/10 | partition=3 | offset=1196 | event_id=7ed36a5a-9524-43b9-8a57-602b214ce1b4
2026-07-17 17:02:53,028 | INFO | booking-consumer | Event collected | batch=4/10 | partition=3 | offset=1197 | event_id=2901a81a-6159-4c9b-91cc-8f20f8e0791d
2026-07-17 17:02:53,029 | INFO | booking-consumer | Event collected | batch=5/10 | partition=3 | offset=1198 | event_id=0ce4f5db-4413-4f6e-88c1-bdbd4eaeba24
2026-07-17 17:02:53,029 | INFO | booking-consumer | Event collected | batch=6/10 | partition=3 | offset=1199 | event_id=17a58cc8-d8df-49ce-a520-ff9acb852eff
2026-07-17 17:02:53,030 | INFO | booking-consumer | Event collected | batch=7/10 | partition=3 | offset=1200 | event_id=d3a97bc9-a86c-430b-a171-4356270cf410
2026-07-17 17:02:53,030 | INFO | booking-consumer | Event collected | batch=8/10 | partition=3 | offset=1201 | event_id=d0943c10-fac1-4a7c-a47a-a35e186ace0d
2026-07-17 17:02:53,030 | INFO | booking-consumer | Event collected | batch=9/10 | partition=3 | offset=1202 | event_id=94c380ef-f1fc-4dd6-8dde-15d9eb1ff4b2
2026-07-17 17:02:53,031 | INFO | booking-consumer | Event collected | batch=10/10 | partition=3 | offset=1203 | event_id=3023666c-220f-4aa8-b9cf-a40efacf3a3e
2026-07-17 17:02:53,038 | INFO | booking-consumer | Batch written and offsets committed | records=10 | offsets={3: 1204}
2026-07-17 17:02:53,039 | INFO | booking-consumer | Event collected | batch=1/10 | partition=3 | offset=1204 | event_id=2d4c3d0b-f167-495f-a479-c05ca7baa4aa
2026-07-17 17:02:53,040 | INFO | booking-consumer | Event collected | batch=2/10 | partition=3 | offset=1205 | event_id=3bed1926-cbac-4db9-93f4-d1dbd861c3cc
2026-07-17 17:02:53,041 | INFO | booking-consumer | Event collected | batch=3/10 | partition=3 | offset=1206 | event_id=05dac97c-7195-4a8d-b230-62d10fcc5b3a
2026-07-17 17:02:53,042 | INFO | booking-consumer | Event collected | batch=4/10 | partition=3 | offset=1207 | event_id=508ca78b-9589-45bf-bb9e-9f74e264b0bc
2026-07-17 17:02:53,043 | INFO | booking-consumer | Event collected | batch=5/10 | partition=3 | offset=1208 | event_id=4e668be4-4142-4414-8362-773910c87dee
2026-07-17 17:02:53,043 | INFO | booking-consumer | Event collected | batch=6/10 | partition=3 | offset=1209 | event_id=2e3d6ce2-e6a5-4539-b4b8-a79cb2388ad9
2026-07-17 17:02:53,044 | INFO | booking-consumer | Event collected | batch=7/10 | partition=3 | offset=1210 | event_id=26fa937c-661a-4ca5-aeda-ec7511ff4dad
2026-07-17 17:02:53,044 | INFO | booking-consumer | Event collected | batch=8/10 | partition=3 | offset=1211 | event_id=47451a8d-4706-4407-bc3a-83d648051ab6
2026-07-17 17:02:53,045 | INFO | booking-consumer | Event collected | batch=9/10 | partition=3 | offset=1212 | event_id=6ec5e5b8-8f14-4d9f-a6c5-cbdbe26d23f4
2026-07-17 17:02:53,045 | INFO | booking-consumer | Event collected | batch=10/10 | partition=3 | offset=1213 | event_id=4013fe3f-2de9-434b-b1d1-4db3f0b495d0
2026-07-17 17:02:53,052 | INFO | booking-consumer | Batch written and offsets committed | records=10 | offsets={3: 1214}
2026-07-17 17:02:53,052 | INFO | booking-consumer | Event collected | batch=1/10 | partition=3 | offset=1214 | event_id=2605bf12-e8fe-4e71-9003-30905a130762
2026-07-17 17:02:53,052 | INFO | booking-consumer | Event collected | batch=2/10 | partition=3 | offset=1215 | event_id=475e2e46-f7ae-44f8-925f-a129975dd18b
2026-07-17 17:02:53,053 | INFO | booking-consumer | Event collected | batch=3/10 | partition=3 | offset=1216 | event_id=e29561b1-490d-4c2d-af5b-5edaa4727dac
2026-07-17 17:02:53,053 | INFO | booking-consumer | Event collected | batch=4/10 | partition=3 | offset=1217 | event_id=1ae67652-18fa-4aa6-9df7-2703888769d3
2026-07-17 17:02:53,053 | INFO | booking-consumer | Event collected | batch=5/10 | partition=3 | offset=1218 | event_id=711d138f-c5f7-47eb-9833-b5e96c10c110
2026-07-17 17:02:53,054 | INFO | booking-consumer | Event collected | batch=6/10 | partition=3 | offset=1219 | event_id=4fc09c0b-8bcf-437b-9b74-855d75eb95a8
2026-07-17 17:02:53,055 | INFO | booking-consumer | Event collected | batch=7/10 | partition=3 | offset=1220 | event_id=cf898c64-d94c-40be-adb6-18f64a422539
2026-07-17 17:02:53,055 | INFO | booking-consumer | Event collected | batch=8/10 | partition=3 | offset=1221 | event_id=e0122dfa-c5d3-4c72-b89c-3d52a4ade6f0
2026-07-17 17:02:53,056 | INFO | booking-consumer | Event collected | batch=9/10 | partition=3 | offset=1222 | event_id=7f16631c-9066-4302-b0d5-3b744111a7ae
2026-07-17 17:02:53,056 | INFO | booking-consumer | Event collected | batch=10/10 | partition=3 | offset=1223 | event_id=51b94c4d-3726-4e14-b4ec-4993bd3e6a63
2026-07-17 17:02:53,063 | INFO | booking-consumer | Batch written and offsets committed | records=10 | offsets={3: 1224}
2026-07-17 17:02:53,064 | INFO | booking-consumer | Event collected | batch=1/10 | partition=3 | offset=1224 | event_id=442329f3-ca66-44c5-8e8a-70911e18625d
2026-07-17 17:02:53,064 | INFO | booking-consumer | Event collected | batch=2/10 | partition=3 | offset=1225 | event_id=4fb58932-391f-4869-bf07-49d0dd0f2698
2026-07-17 17:02:53,065 | INFO | booking-consumer | Event collected | batch=3/10 | partition=3 | offset=1226 | event_id=b9331dd6-96a4-4498-8325-80f387b3d3b8
2026-07-17 17:02:53,065 | INFO | booking-consumer | Event collected | batch=4/10 | partition=3 | offset=1227 | event_id=d020db3f-ff4f-419d-929d-0c45d533e730
2026-07-17 17:02:53,065 | INFO | booking-consumer | Event collected | batch=5/10 | partition=3 | offset=1228 | event_id=55bc7278-7fcc-4e36-ae28-b0f7bc8a8284
2026-07-17 17:02:53,066 | INFO | booking-consumer | Event collected | batch=6/10 | partition=3 | offset=1229 | event_id=d31c654f-d7b2-4333-8155-6b9173df6975
2026-07-17 17:02:53,067 | INFO | booking-consumer | Event collected | batch=7/10 | partition=3 | offset=1230 | event_id=34449619-2c79-4a70-aba9-2e02963439cd
2026-07-17 17:02:53,067 | INFO | booking-consumer | Event collected | batch=8/10 | partition=3 | offset=1231 | event_id=810d2490-42d5-4818-9276-3be8c201b1b7
2026-07-17 17:02:53,067 | INFO | booking-consumer | Event collected | batch=9/10 | partition=3 | offset=1232 | event_id=c585c256-ca0f-4de7-90c5-5e674aea1b8a
2026-07-17 17:02:53,068 | INFO | booking-consumer | Event collected | batch=10/10 | partition=3 | offset=1233 | event_id=0d9ba8c4-083a-4cf1-a188-dffe1c16adf5
2026-07-17 17:02:53,075 | INFO | booking-consumer | Batch written and offsets committed | records=10 | offsets={3: 1234}
2026-07-17 17:02:53,075 | INFO | booking-consumer | Event collected | batch=1/10 | partition=3 | offset=1234 | event_id=9e06370a-aac1-4c44-9014-38d8a4465e70
2026-07-17 17:02:53,076 | INFO | booking-consumer | Event collected | batch=2/10 | partition=3 | offset=1235 | event_id=0d46bbc9-f2f6-4c4e-82a7-72015c206973
2026-07-17 17:02:53,077 | INFO | booking-consumer | Event collected | batch=3/10 | partition=3 | offset=1236 | event_id=2a2d933e-7719-4860-b5e1-fe854f50b43b
2026-07-17 17:02:53,077 | INFO | booking-consumer | Event collected | batch=4/10 | partition=3 | offset=1237 | event_id=27457080-59d7-463a-909c-5aa261e2a94b
2026-07-17 17:02:53,077 | INFO | booking-consumer | Event collected | batch=5/10 | partition=3 | offset=1238 | event_id=b191f758-30fc-4e81-9e09-c19afbf718d7
2026-07-17 17:02:53,078 | INFO | booking-consumer | Event collected | batch=6/10 | partition=3 | offset=1239 | event_id=c87b68c1-af0f-45e1-aa65-11b488bebda2
2026-07-17 17:02:53,078 | INFO | booking-consumer | Event collected | batch=7/10 | partition=3 | offset=1240 | event_id=24e45db9-43fa-4f42-8047-1ec2f3fda596
2026-07-17 17:02:53,078 | INFO | booking-consumer | Event collected | batch=8/10 | partition=3 | offset=1241 | event_id=6951f6ec-9df9-47d4-8d61-8f2dd04b8930
2026-07-17 17:02:53,079 | INFO | booking-consumer | Event collected | batch=9/10 | partition=3 | offset=1242 | event_id=dc6ab687-28b8-4eb0-801e-43a0a9b025f3
2026-07-17 17:02:53,079 | INFO | booking-consumer | Event collected | batch=10/10 | partition=3 | offset=1243 | event_id=8514e5a5-5471-4965-afad-e5934f9f6557
2026-07-17 17:02:53,085 | INFO | booking-consumer | Batch written and offsets committed | records=10 | offsets={3: 1244}
2026-07-17 17:02:53,086 | INFO | booking-consumer | Event collected | batch=1/10 | partition=3 | offset=1244 | event_id=f36a1bdc-89d5-49a4-960c-5b21910d2494
2026-07-17 17:02:53,086 | INFO | booking-consumer | Event collected | batch=2/10 | partition=3 | offset=1245 | event_id=fc3418c5-1dd9-4f4e-bbf7-f7a62e08a785
2026-07-17 17:02:53,086 | INFO | booking-consumer | Event collected | batch=3/10 | partition=3 | offset=1246 | event_id=5dae6d44-49f1-43ae-9285-25ba1c806eae
2026-07-17 17:02:53,086 | INFO | booking-consumer | Event collected | batch=4/10 | partition=3 | offset=1247 | event_id=94d5d6b7-0aea-4860-9515-3f66f764bf69
2026-07-17 17:02:53,087 | INFO | booking-consumer | Event collected | batch=5/10 | partition=3 | offset=1248 | event_id=fc42d729-3273-462f-a9a6-8d144c981f0a
2026-07-17 17:02:53,087 | INFO | booking-consumer | Event collected | batch=6/10 | partition=3 | offset=1249 | event_id=97dd5007-039a-4ba8-ba32-af6068f688e5
2026-07-17 17:02:53,089 | INFO | booking-consumer | Event collected | batch=7/10 | partition=3 | offset=1250 | event_id=0f809e2b-9b6f-4d00-9127-c8da220fca43
2026-07-17 17:02:53,089 | INFO | booking-consumer | Event collected | batch=8/10 | partition=3 | offset=1251 | event_id=b9e8778a-a4df-4024-abf5-260723525f58
2026-07-17 17:02:53,090 | INFO | booking-consumer | Event collected | batch=9/10 | partition=3 | offset=1252 | event_id=70b7798e-2f8a-4f37-85bc-ef66e4b64ce9
2026-07-17 17:02:53,091 | INFO | booking-consumer | Event collected | batch=10/10 | partition=3 | offset=1253 | event_id=076eda55-5e6f-427d-a4de-a301f2b29601
2026-07-17 17:02:53,097 | INFO | booking-consumer | Batch written and offsets committed | records=10 | offsets={3: 1254}
2026-07-17 17:02:53,098 | INFO | booking-consumer | Event collected | batch=1/10 | partition=3 | offset=1254 | event_id=cb5d5717-15b1-4a4f-ac92-e62a71f06073
2026-07-17 17:02:53,098 | INFO | booking-consumer | Event collected | batch=2/10 | partition=3 | offset=1255 | event_id=400321ac-5d11-4948-a17b-925c04d3431d
2026-07-17 17:02:53,099 | INFO | booking-consumer | Event collected | batch=3/10 | partition=3 | offset=1256 | event_id=01ead5a1-1b43-4157-b90f-384361dab083
2026-07-17 17:02:53,099 | INFO | booking-consumer | Event collected | batch=4/10 | partition=3 | offset=1257 | event_id=7e97721d-cda2-4a13-9423-7f1095aa5e8f
2026-07-17 17:02:53,099 | INFO | booking-consumer | Event collected | batch=5/10 | partition=3 | offset=1258 | event_id=5813dc34-46f5-46c7-9e61-87e9125c4a05
2026-07-17 17:02:53,100 | INFO | booking-consumer | Event collected | batch=6/10 | partition=3 | offset=1259 | event_id=6feb4c13-6e9c-44b3-bf68-159f417a72e4
2026-07-17 17:02:53,100 | INFO | booking-consumer | Event collected | batch=7/10 | partition=3 | offset=1260 | event_id=3584f53f-0061-43da-982f-78a62163051f
2026-07-17 17:02:53,101 | INFO | booking-consumer | Event collected | batch=8/10 | partition=3 | offset=1261 | event_id=32367d61-176d-47c4-ad97-2736aff2633a
2026-07-17 17:02:53,101 | INFO | booking-consumer | Event collected | batch=9/10 | partition=3 | offset=1262 | event_id=a9882be0-a6d6-40fa-b928-1c276c5be3e0
2026-07-17 17:02:53,101 | INFO | booking-consumer | Event collected | batch=10/10 | partition=3 | offset=1263 | event_id=83d1dd40-26e7-4a36-a8fc-71bfc8939be6
2026-07-17 17:02:53,107 | INFO | booking-consumer | Batch written and offsets committed | records=10 | offsets={3: 1264}
2026-07-17 17:02:53,109 | INFO | booking-consumer | Event collected | batch=1/10 | partition=3 | offset=1264 | event_id=d9b754c2-1192-4f06-9423-a022b8f4394c
2026-07-17 17:02:53,109 | INFO | booking-consumer | Event collected | batch=2/10 | partition=3 | offset=1265 | event_id=1406c8cd-469d-411e-b889-3bef65529e0c
2026-07-17 17:02:53,109 | INFO | booking-consumer | Event collected | batch=3/10 | partition=3 | offset=1266 | event_id=767a7b08-d462-4417-ad25-8e11db3a4e53
2026-07-17 17:02:53,110 | INFO | booking-consumer | Event collected | batch=4/10 | partition=3 | offset=1267 | event_id=9e07346f-c0ee-4639-922d-62e8e691a980
2026-07-17 17:02:53,111 | INFO | booking-consumer | Event collected | batch=5/10 | partition=3 | offset=1268 | event_id=c51e4c96-94d4-4696-baa3-3ead947bb8f0
2026-07-17 17:02:53,111 | INFO | booking-consumer | Event collected | batch=6/10 | partition=3 | offset=1269 | event_id=95dbb927-67b0-4ffc-983f-2bcc7f06c57a
2026-07-17 17:02:53,111 | INFO | booking-consumer | Event collected | batch=7/10 | partition=3 | offset=1270 | event_id=d602a95b-37c6-40f6-ae8a-293cc17fa885
2026-07-17 17:02:53,112 | INFO | booking-consumer | Event collected | batch=8/10 | partition=3 | offset=1271 | event_id=0ecd81f1-c2d3-4e77-a100-bd371639e667
2026-07-17 17:02:53,112 | INFO | booking-consumer | Event collected | batch=9/10 | partition=3 | offset=1272 | event_id=ed9a636e-a20f-4297-a07b-b8e9ec989549
2026-07-17 17:02:53,112 | INFO | booking-consumer | Event collected | batch=10/10 | partition=3 | offset=1273 | event_id=6f112dea-dd99-408d-b8da-50042d5f828d
2026-07-17 17:02:53,118 | INFO | booking-consumer | Batch written and offsets committed | records=10 | offsets={3: 1274}
2026-07-17 17:02:53,118 | INFO | booking-consumer | Event collected | batch=1/10 | partition=3 | offset=1274 | event_id=2bc72ac9-f170-4ade-b315-a4bac4f8ddfd
2026-07-17 17:02:53,119 | INFO | booking-consumer | Event collected | batch=2/10 | partition=3 | offset=1275 | event_id=ecb5b0c5-586b-4f83-9459-eda6b831a73e
2026-07-17 17:02:53,120 | INFO | booking-consumer | Event collected | batch=3/10 | partition=3 | offset=1276 | event_id=0108585d-0c06-4748-9060-4cce8e986ac7
2026-07-17 17:02:53,120 | INFO | booking-consumer | Event collected | batch=4/10 | partition=3 | offset=1277 | event_id=fbda61fe-18bd-4173-a981-a426b96610ed
2026-07-17 17:02:53,120 | INFO | booking-consumer | Event collected | batch=5/10 | partition=3 | offset=1278 | event_id=a7cd935d-ba16-4d10-915c-55d4b43ed3c9
2026-07-17 17:02:53,121 | INFO | booking-consumer | Event collected | batch=6/10 | partition=3 | offset=1279 | event_id=a4b6b01b-fa2f-45a9-a97c-3049b0c0adef
2026-07-17 17:02:53,121 | INFO | booking-consumer | Event collected | batch=7/10 | partition=3 | offset=1280 | event_id=7fd77bba-f754-422c-a130-8ddc43c6c0bb
2026-07-17 17:02:53,121 | INFO | booking-consumer | Event collected | batch=8/10 | partition=3 | offset=1281 | event_id=71a334ec-8516-4a00-8615-c40f137f9dc4
2026-07-17 17:02:53,122 | INFO | booking-consumer | Event collected | batch=9/10 | partition=3 | offset=1282 | event_id=2c7ea4bd-b841-45f0-9f0e-b31174abacc8
2026-07-17 17:02:53,122 | INFO | booking-consumer | Event collected | batch=10/10 | partition=3 | offset=1283 | event_id=a5a798de-49ff-4f42-8fae-77f120a43307
2026-07-17 17:02:53,129 | INFO | booking-consumer | Batch written and offsets committed | records=10 | offsets={3: 1284}
2026-07-17 17:02:53,130 | INFO | booking-consumer | Event collected | batch=1/10 | partition=3 | offset=1284 | event_id=01f9747f-f3c4-406d-b801-e5bc42e7092a
2026-07-17 17:02:53,131 | INFO | booking-consumer | Event collected | batch=2/10 | partition=3 | offset=1285 | event_id=e441e45a-7096-491c-8cb0-94a7da8570ef
2026-07-17 17:02:53,131 | INFO | booking-consumer | Event collected | batch=3/10 | partition=3 | offset=1286 | event_id=d67d0af3-7144-4172-ade3-de0b19153bb0
2026-07-17 17:02:53,131 | INFO | booking-consumer | Event collected | batch=4/10 | partition=3 | offset=1287 | event_id=9d674bd3-030a-4be6-9616-c2a2497146dd
2026-07-17 17:02:53,132 | INFO | booking-consumer | Event collected | batch=5/10 | partition=3 | offset=1288 | event_id=a7623240-7247-47ee-bacd-1a0f95391f4c
2026-07-17 17:02:53,132 | INFO | booking-consumer | Event collected | batch=6/10 | partition=3 | offset=1289 | event_id=048f77a8-73f6-435f-acad-857f07fbae9a
2026-07-17 17:02:53,133 | INFO | booking-consumer | Event collected | batch=7/10 | partition=3 | offset=1290 | event_id=b86f93dd-1172-4ef9-9d10-73be76b5f575
2026-07-17 17:02:53,133 | INFO | booking-consumer | Event collected | batch=8/10 | partition=3 | offset=1291 | event_id=534d7bf0-a85a-49a9-a987-8940705f2e67
2026-07-17 17:02:53,133 | INFO | booking-consumer | Event collected | batch=9/10 | partition=3 | offset=1292 | event_id=84acc1a0-abdb-4828-ac15-29c76c1bb344
2026-07-17 17:02:53,134 | INFO | booking-consumer | Event collected | batch=10/10 | partition=3 | offset=1293 | event_id=cf49f007-cbb2-46c7-9084-c7eabef68aae
2026-07-17 17:02:53,143 | INFO | booking-consumer | Batch written and offsets committed | records=10 | offsets={3: 1294}
2026-07-17 17:02:53,144 | INFO | booking-consumer | Event collected | batch=1/10 | partition=3 | offset=1294 | event_id=5a2eeebd-5398-472c-a6c8-693ad0e17399
2026-07-17 17:02:53,144 | INFO | booking-consumer | Event collected | batch=2/10 | partition=3 | offset=1295 | event_id=cb895df6-3552-4244-b4ad-406bc454f7c5
2026-07-17 17:02:53,145 | INFO | booking-consumer | Event collected | batch=3/10 | partition=3 | offset=1296 | event_id=cb09a685-3b5d-453a-982a-eb941674b5a9
2026-07-17 17:02:53,145 | INFO | booking-consumer | Event collected | batch=4/10 | partition=3 | offset=1297 | event_id=78086f53-62e2-4cfb-a1ca-5c88a2e37fcf
2026-07-17 17:02:53,146 | INFO | booking-consumer | Event collected | batch=5/10 | partition=3 | offset=1298 | event_id=aecc63e5-e3e3-46ae-b551-325713adf62e
2026-07-17 17:02:53,146 | INFO | booking-consumer | Event collected | batch=6/10 | partition=3 | offset=1299 | event_id=4ae966a5-2ba5-43c4-81da-85cf71783d69
2026-07-17 17:02:53,147 | INFO | booking-consumer | Event collected | batch=7/10 | partition=3 | offset=1300 | event_id=4016dcde-22de-41df-8ce2-b18a72d7575c
2026-07-17 17:02:53,147 | INFO | booking-consumer | Event collected | batch=8/10 | partition=3 | offset=1301 | event_id=38bdba6a-e217-4333-bd15-854552cc3007
2026-07-17 17:02:53,148 | INFO | booking-consumer | Event collected | batch=9/10 | partition=3 | offset=1302 | event_id=677470ae-a181-4b75-9d53-e10175a25c2d
2026-07-17 17:02:53,149 | INFO | booking-consumer | Event collected | batch=10/10 | partition=3 | offset=1303 | event_id=7221ad12-9329-4bf2-95d6-665aba5a0178
2026-07-17 17:02:53,158 | INFO | booking-consumer | Batch written and offsets committed | records=10 | offsets={3: 1304}
2026-07-17 17:02:53,160 | INFO | booking-consumer | Event collected | batch=1/10 | partition=3 | offset=1304 | event_id=337a07f5-459f-49e2-895c-25db9ddad2dc
2026-07-17 17:02:53,160 | INFO | booking-consumer | Event collected | batch=2/10 | partition=3 | offset=1305 | event_id=6da6d0f4-4ad0-4c12-8262-4f59a2071522
2026-07-17 17:02:53,161 | INFO | booking-consumer | Event collected | batch=3/10 | partition=3 | offset=1306 | event_id=65480d81-0047-4e01-9fd6-eec5cc3d111d
2026-07-17 17:02:53,162 | INFO | booking-consumer | Event collected | batch=4/10 | partition=3 | offset=1307 | event_id=a8a31b01-117d-46d0-b7d9-6ed391bd3f89
2026-07-17 17:02:53,162 | INFO | booking-consumer | Event collected | batch=5/10 | partition=3 | offset=1308 | event_id=c51f64ab-ec7f-4804-b35a-2d56cea2c477
2026-07-17 17:02:53,163 | INFO | booking-consumer | Event collected | batch=6/10 | partition=3 | offset=1309 | event_id=d3a5e9ac-b640-48ef-9d44-472c196ceff4
2026-07-17 17:02:53,164 | INFO | booking-consumer | Event collected | batch=7/10 | partition=3 | offset=1310 | event_id=fb9de223-387c-48a5-8056-c874b7d0023c
2026-07-17 17:02:53,164 | INFO | booking-consumer | Event collected | batch=8/10 | partition=3 | offset=1311 | event_id=5b4e4cf2-d363-46bd-a536-520a94d51e2f
2026-07-17 17:02:53,166 | INFO | booking-consumer | Event collected | batch=9/10 | partition=3 | offset=1312 | event_id=8559a480-fb8c-4b50-bee4-15dd7cdf6b55
2026-07-17 17:02:53,166 | INFO | booking-consumer | Event collected | batch=10/10 | partition=3 | offset=1313 | event_id=9f40a915-674b-4873-85a2-5628a044ba93
2026-07-17 17:02:53,179 | INFO | booking-consumer | Batch written and offsets committed | records=10 | offsets={3: 1314}
2026-07-17 17:02:53,180 | INFO | booking-consumer | Event collected | batch=1/10 | partition=3 | offset=1314 | event_id=c18b79df-8b2e-4b92-b461-d0605bb6a3a2
2026-07-17 17:02:53,180 | INFO | booking-consumer | Event collected | batch=2/10 | partition=3 | offset=1315 | event_id=be1b49c4-e1fc-4550-af1d-e1496c10a715
2026-07-17 17:02:53,181 | INFO | booking-consumer | Event collected | batch=3/10 | partition=3 | offset=1316 | event_id=4b285c0b-3773-4b07-8d6c-f1ad5540dcf2
2026-07-17 17:02:53,182 | INFO | booking-consumer | Event collected | batch=4/10 | partition=3 | offset=1317 | event_id=9a769673-3cf0-4282-9a9e-80545e6f11f4
2026-07-17 17:02:53,183 | INFO | booking-consumer | Event collected | batch=5/10 | partition=3 | offset=1318 | event_id=249a5d04-8e68-4a6c-9d7e-fe5f54fcccb2
2026-07-17 17:02:53,183 | INFO | booking-consumer | Event collected | batch=6/10 | partition=3 | offset=1319 | event_id=3e85750d-7abb-4c1e-a17b-c5ae94a7b2d3
2026-07-17 17:02:53,186 | INFO | booking-consumer | Event collected | batch=7/10 | partition=3 | offset=1320 | event_id=34bc24c3-101e-49ab-8438-8f372a4c5b58
2026-07-17 17:02:53,187 | INFO | booking-consumer | Event collected | batch=8/10 | partition=3 | offset=1321 | event_id=9f9428fa-25a3-477c-8aac-713305079f0d
2026-07-17 17:02:53,187 | INFO | booking-consumer | Event collected | batch=9/10 | partition=3 | offset=1322 | event_id=29d6b312-5f15-4f50-a6d4-402b5862563d
2026-07-17 17:02:53,192 | INFO | booking-consumer | Event collected | batch=10/10 | partition=3 | offset=1323 | event_id=86d37ce1-32e4-4eb7-bca6-9b3f413bc5c8
2026-07-17 17:02:53,201 | INFO | booking-consumer | Batch written and offsets committed | records=10 | offsets={3: 1324}
2026-07-17 17:02:53,203 | INFO | booking-consumer | Event collected | batch=1/10 | partition=3 | offset=1324 | event_id=7a3067ef-ef8b-4791-9dc9-964582418735
2026-07-17 17:02:53,204 | INFO | booking-consumer | Event collected | batch=2/10 | partition=3 | offset=1325 | event_id=58618378-30f0-4811-9be0-ae1cc3b653b0
2026-07-17 17:02:53,205 | INFO | booking-consumer | Event collected | batch=3/10 | partition=3 | offset=1326 | event_id=f45f7a20-2d2c-4e90-92fe-25753e49f0d6
2026-07-17 17:02:53,208 | INFO | booking-consumer | Event collected | batch=4/10 | partition=3 | offset=1327 | event_id=5bab57e7-b153-4dc1-8275-f2584a081931
2026-07-17 17:02:53,210 | INFO | booking-consumer | Event collected | batch=5/10 | partition=3 | offset=1328 | event_id=523a9f3d-4ab0-466c-8a20-f3ebded54f36
2026-07-17 17:02:53,211 | INFO | booking-consumer | Event collected | batch=6/10 | partition=3 | offset=1329 | event_id=695716b0-6acf-4e22-84d7-93ae721b7f5c
2026-07-17 17:02:53,211 | INFO | booking-consumer | Event collected | batch=7/10 | partition=3 | offset=1330 | event_id=97c916e2-231e-4163-8aca-6edd4799ba7c
2026-07-17 17:02:53,213 | INFO | booking-consumer | Event collected | batch=8/10 | partition=3 | offset=1331 | event_id=12214afc-3c5c-4e78-9cae-6f8b0bc8406d
2026-07-17 17:02:53,213 | INFO | booking-consumer | Event collected | batch=9/10 | partition=3 | offset=1332 | event_id=65409bca-d31b-436c-86f1-32361c298659
2026-07-17 17:02:53,214 | INFO | booking-consumer | Event collected | batch=10/10 | partition=3 | offset=1333 | event_id=19b37c54-190d-48cc-88d1-579d1f37a70f
2026-07-17 17:02:53,221 | INFO | booking-consumer | Batch written and offsets committed | records=10 | offsets={3: 1334}
2026-07-17 17:02:53,222 | INFO | booking-consumer | Event collected | batch=1/10 | partition=3 | offset=1334 | event_id=67ae223f-1563-42f6-8288-6fe80c8bd634
2026-07-17 17:02:53,224 | INFO | booking-consumer | Event collected | batch=2/10 | partition=3 | offset=1335 | event_id=5b9bf9a7-8610-41f8-839f-a2a2a2a8e720
2026-07-17 17:02:53,225 | INFO | booking-consumer | Event collected | batch=3/10 | partition=3 | offset=1336 | event_id=ea90f3fd-288b-479f-9d43-5e0bb63f01d8
2026-07-17 17:02:53,225 | INFO | booking-consumer | Event collected | batch=4/10 | partition=3 | offset=1337 | event_id=59faed03-a606-48bb-babc-300f2bd15891
2026-07-17 17:02:53,226 | INFO | booking-consumer | Event collected | batch=5/10 | partition=3 | offset=1338 | event_id=579fbeba-0469-4898-8a99-911e9f342db7
2026-07-17 17:02:53,227 | INFO | booking-consumer | Event collected | batch=6/10 | partition=3 | offset=1339 | event_id=2fc95c81-6590-414e-81c9-a31edc3fcab5
2026-07-17 17:02:53,228 | INFO | booking-consumer | Event collected | batch=7/10 | partition=3 | offset=1340 | event_id=6f4fe5c2-f240-41eb-8e2d-13287ff1d225
2026-07-17 17:02:53,228 | INFO | booking-consumer | Event collected | batch=8/10 | partition=3 | offset=1341 | event_id=58c3c2be-e236-4487-a110-60d5333155a7
2026-07-17 17:02:53,229 | INFO | booking-consumer | Event collected | batch=9/10 | partition=3 | offset=1342 | event_id=d4559a36-194f-49ba-8c0f-94901f586e44
2026-07-17 17:02:53,229 | INFO | booking-consumer | Event collected | batch=10/10 | partition=3 | offset=1343 | event_id=929a7c59-59ce-4aed-a25f-97469e76cf58
2026-07-17 17:02:53,237 | INFO | booking-consumer | Batch written and offsets committed | records=10 | offsets={3: 1344}
2026-07-17 17:02:53,238 | INFO | booking-consumer | Event collected | batch=1/10 | partition=3 | offset=1344 | event_id=29804f5c-d746-4cc4-8170-2b40c25488c5
2026-07-17 17:02:53,241 | INFO | booking-consumer | Event collected | batch=2/10 | partition=3 | offset=1345 | event_id=b72edc18-b2ed-47a2-af92-d932e963cded
2026-07-17 17:02:53,242 | INFO | booking-consumer | Event collected | batch=3/10 | partition=3 | offset=1346 | event_id=1bdcaa80-4dab-4a8b-b3d4-e998cd506d34
2026-07-17 17:02:53,243 | INFO | booking-consumer | Event collected | batch=4/10 | partition=3 | offset=1347 | event_id=e5ec0eb0-729d-477d-8c4f-6bd0b5a02bb9
2026-07-17 17:02:53,244 | INFO | booking-consumer | Event collected | batch=5/10 | partition=3 | offset=1348 | event_id=bd7f73ba-1073-4792-82e3-28f91234cbd8
2026-07-17 17:02:53,245 | INFO | booking-consumer | Event collected | batch=6/10 | partition=3 | offset=1349 | event_id=a7251028-7111-4861-8b97-ce6e95d50d62
2026-07-17 17:02:53,245 | INFO | booking-consumer | Event collected | batch=7/10 | partition=3 | offset=1350 | event_id=c486699b-5e8a-4fad-a085-b29c529c293c
2026-07-17 17:02:53,247 | INFO | booking-consumer | Event collected | batch=8/10 | partition=3 | offset=1351 | event_id=2858e87f-1ed8-47b0-9465-34e321e7b42e
2026-07-17 17:02:53,248 | INFO | booking-consumer | Event collected | batch=9/10 | partition=3 | offset=1352 | event_id=f8aa9532-9b6b-4c4c-812d-d25a08343a0d
2026-07-17 17:02:53,248 | INFO | booking-consumer | Event collected | batch=10/10 | partition=3 | offset=1353 | event_id=0c805f6d-ea66-4364-9f9a-9cc14be850ff
2026-07-17 17:02:53,257 | INFO | booking-consumer | Batch written and offsets committed | records=10 | offsets={3: 1354}
2026-07-17 17:02:53,257 | INFO | booking-consumer | Event collected | batch=1/10 | partition=3 | offset=1354 | event_id=c33be5f5-a1b2-421a-8cb4-da9ef08a07ac
2026-07-17 17:02:53,258 | INFO | booking-consumer | Event collected | batch=2/10 | partition=3 | offset=1355 | event_id=718ce595-a529-4a65-9361-c199186faa1e
2026-07-17 17:02:53,259 | INFO | booking-consumer | Event collected | batch=3/10 | partition=3 | offset=1356 | event_id=3e177651-2758-4456-ae02-445b5c6931fb
2026-07-17 17:02:53,260 | INFO | booking-consumer | Event collected | batch=4/10 | partition=3 | offset=1357 | event_id=bf9714a4-6dfd-4b83-bf2e-65fc09ca78aa
2026-07-17 17:02:53,261 | INFO | booking-consumer | Event collected | batch=5/10 | partition=3 | offset=1358 | event_id=2e5dc5d0-a9f3-4142-a2f1-6e168f341bb3
2026-07-17 17:02:53,261 | INFO | booking-consumer | Event collected | batch=6/10 | partition=3 | offset=1359 | event_id=76ed6551-c3e8-4d2b-9c3c-ee02ff616944
2026-07-17 17:02:53,262 | INFO | booking-consumer | Event collected | batch=7/10 | partition=3 | offset=1360 | event_id=e4345348-7685-4f44-a2c0-bc5e5a715cda
2026-07-17 17:02:53,262 | INFO | booking-consumer | Event collected | batch=8/10 | partition=3 | offset=1361 | event_id=ca0ff965-25f8-4ea1-90a1-5f613fd3b1d9
2026-07-17 17:02:53,262 | INFO | booking-consumer | Event collected | batch=9/10 | partition=3 | offset=1362 | event_id=a50eb5ac-c289-4039-8db3-4483d2e82133
2026-07-17 17:02:53,263 | INFO | booking-consumer | Event collected | batch=10/10 | partition=3 | offset=1363 | event_id=2f38d88b-aecb-4749-b07d-7c6653ac17c9
2026-07-17 17:02:53,274 | INFO | booking-consumer | Batch written and offsets committed | records=10 | offsets={3: 1364}
2026-07-17 17:02:53,275 | INFO | booking-consumer | Event collected | batch=1/10 | partition=3 | offset=1364 | event_id=cce5a9a9-8cd2-4172-8836-3c720d4d20fd
2026-07-17 17:02:53,276 | INFO | booking-consumer | Event collected | batch=2/10 | partition=3 | offset=1365 | event_id=82a47413-c49a-46ea-b7a2-b06cdb7e357a
2026-07-17 17:02:53,277 | INFO | booking-consumer | Event collected | batch=3/10 | partition=3 | offset=1366 | event_id=8ba81d84-a797-417a-a7a6-d41077b0e5bc
2026-07-17 17:02:53,277 | INFO | booking-consumer | Event collected | batch=4/10 | partition=3 | offset=1367 | event_id=13d40516-b338-4cfe-b209-d95ea5f1d245
2026-07-17 17:02:53,278 | INFO | booking-consumer | Event collected | batch=5/10 | partition=3 | offset=1368 | event_id=b62224d9-abc7-4bd6-b64a-c70621ace15d
2026-07-17 17:02:53,279 | INFO | booking-consumer | Event collected | batch=6/10 | partition=3 | offset=1369 | event_id=69147f15-7d79-438b-89ce-4e8b95793c53
2026-07-17 17:02:53,279 | INFO | booking-consumer | Event collected | batch=7/10 | partition=3 | offset=1370 | event_id=16d3a091-b58d-4d12-8c8e-f9b636748f74
2026-07-17 17:02:53,280 | INFO | booking-consumer | Event collected | batch=8/10 | partition=3 | offset=1371 | event_id=24121dfe-a376-4b15-9797-30709ca323d2
2026-07-17 17:02:53,281 | INFO | booking-consumer | Event collected | batch=9/10 | partition=3 | offset=1372 | event_id=9cd0fdd0-40d6-4e9f-93f4-ead84af130b1
2026-07-17 17:02:53,281 | INFO | booking-consumer | Event collected | batch=10/10 | partition=3 | offset=1373 | event_id=2af78cda-ddee-4bce-8c1f-a75839ad6984
2026-07-17 17:02:53,291 | INFO | booking-consumer | Batch written and offsets committed | records=10 | offsets={3: 1374}
2026-07-17 17:02:53,293 | INFO | booking-consumer | Event collected | batch=1/10 | partition=3 | offset=1374 | event_id=96c89d38-3827-4117-997c-cf21f21fda71
2026-07-17 17:02:53,294 | INFO | booking-consumer | Event collected | batch=2/10 | partition=3 | offset=1375 | event_id=f041b78e-0560-494d-a867-0b60779dca11
2026-07-17 17:02:53,295 | INFO | booking-consumer | Event collected | batch=3/10 | partition=3 | offset=1376 | event_id=3cfe3737-9233-4bac-8c97-e1a69957bed2
2026-07-17 17:02:53,296 | INFO | booking-consumer | Event collected | batch=4/10 | partition=3 | offset=1377 | event_id=039a6cf8-5fc7-4b19-8daf-a23f9aef5e21
2026-07-17 17:02:53,297 | INFO | booking-consumer | Event collected | batch=5/10 | partition=3 | offset=1378 | event_id=07096664-68aa-4cd2-98f8-115d47976918
2026-07-17 17:02:53,298 | INFO | booking-consumer | Event collected | batch=6/10 | partition=3 | offset=1379 | event_id=068d5525-f24a-40b2-9562-edf05540eddc
2026-07-17 17:02:53,299 | INFO | booking-consumer | Event collected | batch=7/10 | partition=3 | offset=1380 | event_id=0ef3b33b-57f8-46ff-964d-496900893b0b
2026-07-17 17:02:53,300 | INFO | booking-consumer | Event collected | batch=8/10 | partition=3 | offset=1381 | event_id=b59b5ba3-9234-453a-a5a6-d3c92c42c40a
2026-07-17 17:02:53,301 | INFO | booking-consumer | Event collected | batch=9/10 | partition=3 | offset=1382 | event_id=9fb55ff7-f0c9-4f05-929d-46ca63851746
2026-07-17 17:02:53,301 | INFO | booking-consumer | Event collected | batch=10/10 | partition=3 | offset=1383 | event_id=858f6c70-12cd-41ee-bd0b-f5ca871de053
2026-07-17 17:02:53,310 | INFO | booking-consumer | Batch written and offsets committed | records=10 | offsets={3: 1384}
2026-07-17 17:02:53,312 | INFO | booking-consumer | Event collected | batch=1/10 | partition=3 | offset=1384 | event_id=7bd49000-9b29-48f5-bf42-828244aad892
2026-07-17 17:02:53,313 | INFO | booking-consumer | Event collected | batch=2/10 | partition=3 | offset=1385 | event_id=9a955fea-6462-4863-b50d-be50bb660645
2026-07-17 17:02:53,314 | INFO | booking-consumer | Event collected | batch=3/10 | partition=3 | offset=1386 | event_id=3710af12-b7e0-45ae-85cf-87eb3e3200d8
2026-07-17 17:02:53,314 | INFO | booking-consumer | Event collected | batch=4/10 | partition=3 | offset=1387 | event_id=95e21b97-7748-4962-97e5-1ba26c7dc93d
2026-07-17 17:02:53,315 | INFO | booking-consumer | Event collected | batch=5/10 | partition=3 | offset=1388 | event_id=2d688492-eec1-4108-aad9-92bcaaeb5d13
2026-07-17 17:02:53,316 | INFO | booking-consumer | Event collected | batch=6/10 | partition=3 | offset=1389 | event_id=f46ba175-9aec-4761-a963-8aa9733e3d16
2026-07-17 17:02:53,317 | INFO | booking-consumer | Event collected | batch=7/10 | partition=3 | offset=1390 | event_id=f10d4689-bc58-47ba-85c8-d093607b4924
2026-07-17 17:02:53,318 | INFO | booking-consumer | Event collected | batch=8/10 | partition=3 | offset=1391 | event_id=d4d2077c-0f58-4aaa-b324-a087209fe873
2026-07-17 17:02:53,319 | INFO | booking-consumer | Event collected | batch=9/10 | partition=3 | offset=1392 | event_id=deb7aa5c-00a3-4475-9968-6834e5efef7f
2026-07-17 17:02:53,320 | INFO | booking-consumer | Event collected | batch=10/10 | partition=3 | offset=1393 | event_id=932a2d74-9776-4042-88a7-3818bf56d1b5
2026-07-17 17:02:53,332 | INFO | booking-consumer | Batch written and offsets committed | records=10 | offsets={3: 1394}
2026-07-17 17:02:53,334 | INFO | booking-consumer | Event collected | batch=1/10 | partition=3 | offset=1394 | event_id=53777ee3-cc13-42fe-a734-43bbce3242c2
2026-07-17 17:02:53,335 | INFO | booking-consumer | Event collected | batch=2/10 | partition=3 | offset=1395 | event_id=602f3178-6501-429a-9c0d-9a0e9865e455
2026-07-17 17:02:53,336 | INFO | booking-consumer | Event collected | batch=3/10 | partition=3 | offset=1396 | event_id=177ca5a3-dfd7-4c85-ad57-21a12d7d71dc
2026-07-17 17:02:53,337 | INFO | booking-consumer | Event collected | batch=4/10 | partition=3 | offset=1397 | event_id=0d1aa047-cc02-4787-8d2b-ccf1b242ca64
2026-07-17 17:02:53,338 | INFO | booking-consumer | Event collected | batch=5/10 | partition=3 | offset=1398 | event_id=d296da52-dd45-4656-9969-1ff9ac2b8b74
2026-07-17 17:02:53,343 | INFO | booking-consumer | Event collected | batch=6/10 | partition=3 | offset=1399 | event_id=623225d7-43fe-43d6-9444-befb6eb962a6
2026-07-17 17:02:53,346 | INFO | booking-consumer | Event collected | batch=7/10 | partition=3 | offset=1400 | event_id=71713509-ca01-472e-a982-0de694a1de83
2026-07-17 17:02:53,347 | INFO | booking-consumer | Event collected | batch=8/10 | partition=3 | offset=1401 | event_id=eefc79c7-4c65-442e-a6ef-39df609404d4
2026-07-17 17:02:53,349 | INFO | booking-consumer | Event collected | batch=9/10 | partition=3 | offset=1402 | event_id=e9440e7c-855e-4c13-8730-6ea5908dc2b4
2026-07-17 17:02:53,351 | INFO | booking-consumer | Event collected | batch=10/10 | partition=3 | offset=1403 | event_id=44588483-5937-4c93-8715-7ec76dbe525e
2026-07-17 17:02:53,363 | INFO | booking-consumer | Batch written and offsets committed | records=10 | offsets={3: 1404}
2026-07-17 17:02:53,363 | INFO | booking-consumer | Event collected | batch=1/10 | partition=3 | offset=1404 | event_id=2ec7fe4e-da81-4dcb-bbc0-af9102bc82bc
2026-07-17 17:02:53,364 | INFO | booking-consumer | Event collected | batch=2/10 | partition=3 | offset=1405 | event_id=99fc45bc-94d5-448f-8aa3-38528d01a35c
2026-07-17 17:02:53,365 | INFO | booking-consumer | Event collected | batch=3/10 | partition=3 | offset=1406 | event_id=83ba414d-608a-41f7-9b59-34fd6313b862
2026-07-17 17:02:53,365 | INFO | booking-consumer | Event collected | batch=4/10 | partition=3 | offset=1407 | event_id=b9487e2a-0720-432a-9516-59f10b2109c5
2026-07-17 17:02:53,366 | INFO | booking-consumer | Event collected | batch=5/10 | partition=3 | offset=1408 | event_id=85862f26-30c2-44d3-a948-181c5be821dc
2026-07-17 17:02:53,367 | INFO | booking-consumer | Event collected | batch=6/10 | partition=3 | offset=1409 | event_id=ecc4f3b5-c8cb-4f49-89fe-3cc5a9fd17d8
2026-07-17 17:02:53,368 | INFO | booking-consumer | Event collected | batch=7/10 | partition=3 | offset=1410 | event_id=3a271166-4858-40da-a3d6-ed278fa4baf3
2026-07-17 17:02:53,368 | INFO | booking-consumer | Event collected | batch=8/10 | partition=3 | offset=1411 | event_id=69a115fb-a600-497a-96ba-24c19336186e
2026-07-17 17:02:53,369 | INFO | booking-consumer | Event collected | batch=9/10 | partition=3 | offset=1412 | event_id=8cbe9be8-600b-428f-80cb-9c3a7fd1bd13
2026-07-17 17:02:53,371 | INFO | booking-consumer | Event collected | batch=10/10 | partition=3 | offset=1413 | event_id=fdc3186d-f580-47bc-8fb5-04966f4d42f0
2026-07-17 17:02:53,381 | INFO | booking-consumer | Batch written and offsets committed | records=10 | offsets={3: 1414}
2026-07-17 17:02:53,382 | INFO | booking-consumer | Event collected | batch=1/10 | partition=3 | offset=1414 | event_id=85bfa905-20c8-415b-8a62-70e0f5b60911
2026-07-17 17:02:53,384 | INFO | booking-consumer | Event collected | batch=2/10 | partition=3 | offset=1415 | event_id=05805310-04e5-44c6-9600-f99a0c8771ba
2026-07-17 17:02:53,384 | INFO | booking-consumer | Event collected | batch=3/10 | partition=3 | offset=1416 | event_id=157576bb-bbf0-4574-95d5-26e3ffdbef66
2026-07-17 17:02:53,385 | INFO | booking-consumer | Event collected | batch=4/10 | partition=3 | offset=1417 | event_id=45c05ae6-0516-4269-96ce-336a5eef6cd7
2026-07-17 17:02:53,386 | INFO | booking-consumer | Event collected | batch=5/10 | partition=3 | offset=1418 | event_id=583aaabb-fa6e-4a74-af6f-d509efdd1b20
2026-07-17 17:02:53,386 | INFO | booking-consumer | Event collected | batch=6/10 | partition=3 | offset=1419 | event_id=65ebc332-ab2e-4b07-b3fc-659486493cea
2026-07-17 17:02:53,387 | INFO | booking-consumer | Event collected | batch=7/10 | partition=3 | offset=1420 | event_id=5123989e-1ee5-4029-9f30-2caaabc1b812
2026-07-17 17:02:53,387 | INFO | booking-consumer | Event collected | batch=8/10 | partition=3 | offset=1421 | event_id=82c25ead-bad1-46ae-8c51-d22939175e9d
2026-07-17 17:02:53,391 | INFO | booking-consumer | Event collected | batch=9/10 | partition=3 | offset=1422 | event_id=f179f373-4abf-4348-9bb3-3c712ffb51bb
2026-07-17 17:02:53,393 | INFO | booking-consumer | Event collected | batch=10/10 | partition=3 | offset=1423 | event_id=6666a26a-c10a-45ba-b827-ee3ca249625f
2026-07-17 17:02:53,400 | INFO | booking-consumer | Batch written and offsets committed | records=10 | offsets={3: 1424}
2026-07-17 17:02:53,401 | INFO | booking-consumer | Event collected | batch=1/10 | partition=3 | offset=1424 | event_id=31132685-a46c-4a43-a779-f44da471dd10
2026-07-17 17:02:53,402 | INFO | booking-consumer | Event collected | batch=2/10 | partition=3 | offset=1425 | event_id=b5a8ab36-9761-4baa-bd57-cc61a320dac9
2026-07-17 17:02:53,403 | INFO | booking-consumer | Event collected | batch=3/10 | partition=3 | offset=1426 | event_id=a691348b-ab38-492a-b499-156803e9f573
2026-07-17 17:02:53,404 | INFO | booking-consumer | Event collected | batch=4/10 | partition=3 | offset=1427 | event_id=02449b1e-c118-4313-9cfc-aa3e608dd8b7
2026-07-17 17:02:53,405 | INFO | booking-consumer | Event collected | batch=5/10 | partition=3 | offset=1428 | event_id=10a09b8f-9f59-462b-9667-11147acc945b
2026-07-17 17:02:53,408 | INFO | booking-consumer | Event collected | batch=6/10 | partition=3 | offset=1429 | event_id=554cd00e-ba6f-459b-9483-e8fe02947969
2026-07-17 17:02:53,410 | INFO | booking-consumer | Event collected | batch=7/10 | partition=3 | offset=1430 | event_id=30d67200-ac19-4957-948e-1f87a8b42b8e
2026-07-17 17:02:53,411 | INFO | booking-consumer | Event collected | batch=8/10 | partition=3 | offset=1431 | event_id=c57ebd68-b07a-4efd-8789-b92307c34dcf
2026-07-17 17:02:53,412 | INFO | booking-consumer | Event collected | batch=9/10 | partition=3 | offset=1432 | event_id=4e485f14-ec39-4f0c-875f-fca1f4941dc7
2026-07-17 17:02:53,413 | INFO | booking-consumer | Event collected | batch=10/10 | partition=3 | offset=1433 | event_id=927869ac-2cd9-4c2f-91ea-00ba0ed23a88
2026-07-17 17:02:53,421 | INFO | booking-consumer | Batch written and offsets committed | records=10 | offsets={3: 1434}
2026-07-17 17:02:53,424 | INFO | booking-consumer | Event collected | batch=1/10 | partition=3 | offset=1434 | event_id=5b05fbff-5338-4586-a1f2-a678028c4e06
2026-07-17 17:02:53,425 | INFO | booking-consumer | Event collected | batch=2/10 | partition=3 | offset=1435 | event_id=da9aabb5-18a1-48ed-99c1-6d31d19e8e58
2026-07-17 17:02:53,426 | INFO | booking-consumer | Event collected | batch=3/10 | partition=3 | offset=1436 | event_id=257de9a7-62c8-4753-b816-a520ecaf0f44
2026-07-17 17:02:53,427 | INFO | booking-consumer | Event collected | batch=4/10 | partition=3 | offset=1437 | event_id=af14de53-10ea-447c-acc9-4483efdee0da
2026-07-17 17:02:53,428 | INFO | booking-consumer | Event collected | batch=5/10 | partition=3 | offset=1438 | event_id=2bb9a1e9-309f-4ff3-90e3-db013299d926
2026-07-17 17:02:53,429 | INFO | booking-consumer | Event collected | batch=6/10 | partition=3 | offset=1439 | event_id=7343b536-f421-4ffa-ad3e-488d2137b650
2026-07-17 17:02:53,430 | INFO | booking-consumer | Event collected | batch=7/10 | partition=3 | offset=1440 | event_id=a46de425-a4a2-4b6a-acdc-e1e3b80f3801
2026-07-17 17:02:53,430 | INFO | booking-consumer | Event collected | batch=8/10 | partition=3 | offset=1441 | event_id=190279d6-56c6-47c7-94ab-e6c22acde6b1
2026-07-17 17:02:53,432 | INFO | booking-consumer | Event collected | batch=9/10 | partition=3 | offset=1442 | event_id=dd2b8663-00c8-4028-8c45-79a8d3c08100
2026-07-17 17:02:53,432 | INFO | booking-consumer | Event collected | batch=10/10 | partition=3 | offset=1443 | event_id=bcd2228d-f21d-4e68-9e16-9c62233ce518
2026-07-17 17:02:53,441 | INFO | booking-consumer | Batch written and offsets committed | records=10 | offsets={3: 1444}
2026-07-17 17:02:53,442 | INFO | booking-consumer | Event collected | batch=1/10 | partition=3 | offset=1444 | event_id=c3dae2ba-1eed-4ee7-ae38-b11f97752118
2026-07-17 17:02:53,444 | INFO | booking-consumer | Event collected | batch=2/10 | partition=3 | offset=1445 | event_id=9f10928a-abc6-4c55-bbf2-071fcbea0b69
2026-07-17 17:02:53,444 | INFO | booking-consumer | Event collected | batch=3/10 | partition=3 | offset=1446 | event_id=899031ee-57e2-465f-8dff-3a68a8429445
2026-07-17 17:02:53,445 | INFO | booking-consumer | Event collected | batch=4/10 | partition=3 | offset=1447 | event_id=5a7b940f-e39d-45e0-9e94-40b2f8eb6e5a
2026-07-17 17:02:53,446 | INFO | booking-consumer | Event collected | batch=5/10 | partition=3 | offset=1448 | event_id=9d56061c-1c53-4bd5-a917-dd580e74f606
2026-07-17 17:02:53,446 | INFO | booking-consumer | Event collected | batch=6/10 | partition=3 | offset=1449 | event_id=d9872aab-8ba6-4dd0-9cf7-b3e5062e6b97
2026-07-17 17:02:53,447 | INFO | booking-consumer | Event collected | batch=7/10 | partition=3 | offset=1450 | event_id=6fa7b559-3e89-4960-8603-1e398e8d4bb5
2026-07-17 17:02:53,448 | INFO | booking-consumer | Event collected | batch=8/10 | partition=3 | offset=1451 | event_id=d5cac3b4-d706-4f57-bbba-5b3b40c418c1
2026-07-17 17:02:53,449 | INFO | booking-consumer | Event collected | batch=9/10 | partition=3 | offset=1452 | event_id=7026aade-9159-48e4-a2db-512d3253d6d9
2026-07-17 17:02:53,449 | INFO | booking-consumer | Event collected | batch=10/10 | partition=3 | offset=1453 | event_id=16c32805-30aa-43e3-8c5d-527bada5baa2
2026-07-17 17:02:53,460 | INFO | booking-consumer | Batch written and offsets committed | records=10 | offsets={3: 1454}
2026-07-17 17:02:53,460 | INFO | booking-consumer | Event collected | batch=1/10 | partition=3 | offset=1454 | event_id=ba2c5d68-06df-4b8a-85a6-f79ab589ef0b
2026-07-17 17:02:53,462 | INFO | booking-consumer | Event collected | batch=2/10 | partition=3 | offset=1455 | event_id=9abdb69b-a5cd-4628-bed4-055cb4016bcd
2026-07-17 17:02:53,463 | INFO | booking-consumer | Event collected | batch=3/10 | partition=3 | offset=1456 | event_id=f8dcbfc6-a3d8-49ba-bda6-3c7c2b05a023
2026-07-17 17:02:53,464 | INFO | booking-consumer | Event collected | batch=4/10 | partition=3 | offset=1457 | event_id=7b85df16-3e1e-4276-be24-b002a04a9417
2026-07-17 17:02:53,464 | INFO | booking-consumer | Event collected | batch=5/10 | partition=3 | offset=1458 | event_id=3e6d85e5-f946-4bbb-9f01-d0519ecbd903
2026-07-17 17:02:53,465 | INFO | booking-consumer | Event collected | batch=6/10 | partition=3 | offset=1459 | event_id=9ba6fb88-d28b-4d24-8daa-7fdaf90901c5
2026-07-17 17:02:53,466 | INFO | booking-consumer | Event collected | batch=7/10 | partition=3 | offset=1460 | event_id=02f57258-75ed-435b-9ec2-388dcbe05a6b
2026-07-17 17:02:53,467 | INFO | booking-consumer | Event collected | batch=8/10 | partition=3 | offset=1461 | event_id=766638b4-a816-4a44-bcca-7667be104f78
2026-07-17 17:02:53,468 | INFO | booking-consumer | Event collected | batch=9/10 | partition=3 | offset=1462 | event_id=6b8f46f3-fe58-4f48-9ba1-223d1e7b7817
2026-07-17 17:02:53,469 | INFO | booking-consumer | Event collected | batch=10/10 | partition=3 | offset=1463 | event_id=bec1b165-6868-46ff-ad9b-c45b7e46826d
2026-07-17 17:02:53,478 | INFO | booking-consumer | Batch written and offsets committed | records=10 | offsets={3: 1464}
2026-07-17 17:02:53,479 | INFO | booking-consumer | Event collected | batch=1/10 | partition=3 | offset=1464 | event_id=1d863d66-7fd2-43b9-8215-8c210b586411
2026-07-17 17:02:53,480 | INFO | booking-consumer | Event collected | batch=2/10 | partition=3 | offset=1465 | event_id=aace317f-ab6b-4ceb-8a44-6ecbdca59e91
2026-07-17 17:02:53,481 | INFO | booking-consumer | Event collected | batch=3/10 | partition=3 | offset=1466 | event_id=be933b0b-8632-4039-a5c8-3a38b52df9bf
2026-07-17 17:02:53,482 | INFO | booking-consumer | Event collected | batch=4/10 | partition=3 | offset=1467 | event_id=5b409c8e-a79a-4b45-bcbf-01f2dcdb4383
2026-07-17 17:02:53,483 | INFO | booking-consumer | Event collected | batch=5/10 | partition=3 | offset=1468 | event_id=99b3a0b5-ad90-491a-bb88-760306c4a273
2026-07-17 17:02:53,483 | INFO | booking-consumer | Event collected | batch=6/10 | partition=3 | offset=1469 | event_id=a79cad37-e3c2-4489-a78a-a20250b4e2d4
2026-07-17 17:02:53,484 | INFO | booking-consumer | Event collected | batch=7/10 | partition=3 | offset=1470 | event_id=0bd3e700-c8ae-41c6-9aee-43ea1f08815d
2026-07-17 17:02:53,484 | INFO | booking-consumer | Event collected | batch=8/10 | partition=3 | offset=1471 | event_id=9abfe3d7-7711-47dc-b51d-9807dd1f4b53
2026-07-17 17:02:53,485 | INFO | booking-consumer | Event collected | batch=9/10 | partition=3 | offset=1472 | event_id=864af80a-9670-467a-a814-859f4a8cb964
2026-07-17 17:02:53,487 | INFO | booking-consumer | Event collected | batch=10/10 | partition=3 | offset=1473 | event_id=a457c284-d875-41e0-adc2-7b5f883116e0
2026-07-17 17:02:53,502 | INFO | booking-consumer | Batch written and offsets committed | records=10 | offsets={3: 1474}
2026-07-17 17:02:53,502 | INFO | booking-consumer | Event collected | batch=1/10 | partition=3 | offset=1474 | event_id=e5d9e990-ad5c-4ad1-b43b-3413b444fc0a
2026-07-17 17:02:53,503 | INFO | booking-consumer | Event collected | batch=2/10 | partition=3 | offset=1475 | event_id=8de619a2-44f2-4e48-822b-0418e308ac73
2026-07-17 17:02:53,504 | INFO | booking-consumer | Event collected | batch=3/10 | partition=3 | offset=1476 | event_id=35851ddf-d8e2-49f3-869e-d07a9f25a0ea
2026-07-17 17:02:53,505 | INFO | booking-consumer | Event collected | batch=4/10 | partition=3 | offset=1477 | event_id=0d458ff6-d713-42f2-940f-327911cf47ec
2026-07-17 17:02:53,506 | INFO | booking-consumer | Event collected | batch=5/10 | partition=3 | offset=1478 | event_id=e6b914b9-2634-4ee1-9891-70e618b37e1a
2026-07-17 17:02:53,507 | INFO | booking-consumer | Event collected | batch=6/10 | partition=3 | offset=1479 | event_id=1bd036e7-c425-4fcc-9549-a857cd0e7d21
2026-07-17 17:02:53,509 | INFO | booking-consumer | Event collected | batch=7/10 | partition=3 | offset=1480 | event_id=47e68609-4546-42aa-b754-30c6f76d99e5
2026-07-17 17:02:53,510 | INFO | booking-consumer | Event collected | batch=8/10 | partition=3 | offset=1481 | event_id=d907e458-65c9-4423-8d6d-fbb916e4d2fa
2026-07-17 17:02:53,511 | INFO | booking-consumer | Event collected | batch=9/10 | partition=3 | offset=1482 | event_id=075c861f-8116-4eb8-a6c2-c8419f6a712d
2026-07-17 17:02:53,511 | INFO | booking-consumer | Event collected | batch=10/10 | partition=3 | offset=1483 | event_id=524b8c20-2a9a-4859-af9c-4314a06da0f2
2026-07-17 17:02:53,519 | INFO | booking-consumer | Batch written and offsets committed | records=10 | offsets={3: 1484}
2026-07-17 17:02:53,520 | INFO | booking-consumer | Event collected | batch=1/10 | partition=3 | offset=1484 | event_id=cae6830e-fbda-4658-987c-44f22b407f0f
2026-07-17 17:02:53,520 | INFO | booking-consumer | Event collected | batch=2/10 | partition=3 | offset=1485 | event_id=ae83f3a9-d7d1-4ee8-84a5-f16d6f0a8db9
2026-07-17 17:02:53,523 | INFO | booking-consumer | Event collected | batch=3/10 | partition=3 | offset=1486 | event_id=a052b61e-d6f2-4489-8a2a-b88366c9ce3f
2026-07-17 17:02:53,524 | INFO | booking-consumer | Event collected | batch=4/10 | partition=3 | offset=1487 | event_id=44fe3c84-bb21-46d7-a06b-eb697e6fc915
2026-07-17 17:02:53,527 | INFO | booking-consumer | Event collected | batch=5/10 | partition=3 | offset=1488 | event_id=b5a609ba-8aa3-42a5-a902-60bb85c67607
2026-07-17 17:02:53,528 | INFO | booking-consumer | Event collected | batch=6/10 | partition=3 | offset=1489 | event_id=e4aae3f2-3111-4e93-8ff0-b8f6a7a78ac7
2026-07-17 17:02:53,529 | INFO | booking-consumer | Event collected | batch=7/10 | partition=3 | offset=1490 | event_id=5532aeb6-645c-4131-b3a7-4dcacc1635c3
2026-07-17 17:02:53,530 | INFO | booking-consumer | Event collected | batch=8/10 | partition=3 | offset=1491 | event_id=543c3379-ff7e-4add-bbd4-b5908b9c9cff
2026-07-17 17:02:53,530 | INFO | booking-consumer | Event collected | batch=9/10 | partition=3 | offset=1492 | event_id=3b8a1108-2c54-46a2-bc4b-d546cdb33d8b
2026-07-17 17:02:53,531 | INFO | booking-consumer | Event collected | batch=10/10 | partition=3 | offset=1493 | event_id=4938a140-8d58-4b23-a196-62ac2fc6b187
2026-07-17 17:02:53,540 | INFO | booking-consumer | Batch written and offsets committed | records=10 | offsets={3: 1494}
2026-07-17 17:02:53,542 | INFO | booking-consumer | Event collected | batch=1/10 | partition=3 | offset=1494 | event_id=a805b4b6-de68-4841-8fb4-0cac29f8c45a
2026-07-17 17:02:53,547 | INFO | booking-consumer | Event collected | batch=2/10 | partition=3 | offset=1495 | event_id=d92887e9-f108-4877-8fce-9c746c3a0bb6
2026-07-17 17:02:53,551 | INFO | booking-consumer | Event collected | batch=3/10 | partition=3 | offset=1496 | event_id=15a21003-0d00-4cd7-9895-015a1267fef3
2026-07-17 17:02:53,551 | INFO | booking-consumer | Event collected | batch=4/10 | partition=3 | offset=1497 | event_id=bdd48a19-4a93-4d1d-b758-e9d1d7a79776
2026-07-17 17:02:53,551 | INFO | booking-consumer | Event collected | batch=5/10 | partition=3 | offset=1498 | event_id=64ca91bd-5d2e-4cfb-86c7-cbeb86167332
2026-07-17 17:02:53,553 | INFO | booking-consumer | Event collected | batch=6/10 | partition=3 | offset=1499 | event_id=479abb03-ddd6-4916-8432-7957b9091c32
2026-07-17 17:02:53,553 | INFO | booking-consumer | Event collected | batch=7/10 | partition=3 | offset=1500 | event_id=127ba566-53db-4a5e-8550-b2a914a85e18
2026-07-17 17:02:53,553 | INFO | booking-consumer | Event collected | batch=8/10 | partition=3 | offset=1501 | event_id=d4431ef5-8406-42d5-89c5-50bd72e1cce7
2026-07-17 17:02:53,557 | INFO | booking-consumer | Event collected | batch=9/10 | partition=3 | offset=1502 | event_id=c7ee4187-2e15-45a9-a1dc-849bfeade3b3
2026-07-17 17:02:53,563 | INFO | booking-consumer | Event collected | batch=10/10 | partition=3 | offset=1503 | event_id=d1bf7496-71ad-4ecb-9e55-11e54b2423a9
2026-07-17 17:02:53,572 | INFO | booking-consumer | Batch written and offsets committed | records=10 | offsets={3: 1504}
2026-07-17 17:02:53,574 | INFO | booking-consumer | Event collected | batch=1/10 | partition=3 | offset=1504 | event_id=a1582e65-6614-4c0c-80b4-8fd4c05a7170
2026-07-17 17:02:53,574 | INFO | booking-consumer | Event collected | batch=2/10 | partition=3 | offset=1505 | event_id=394045b9-9413-4af6-90bd-ef3285e774db
2026-07-17 17:02:53,575 | INFO | booking-consumer | Event collected | batch=3/10 | partition=3 | offset=1506 | event_id=caabf65d-9c37-4b1e-97ee-302895da1ff6
2026-07-17 17:02:53,577 | INFO | booking-consumer | Event collected | batch=4/10 | partition=3 | offset=1507 | event_id=50dacc0c-c471-4f4e-ba81-6e571ae34076
2026-07-17 17:02:53,577 | INFO | booking-consumer | Event collected | batch=5/10 | partition=3 | offset=1508 | event_id=410d9282-5612-4f15-b233-cf3579c11973
2026-07-17 17:02:53,578 | INFO | booking-consumer | Event collected | batch=6/10 | partition=3 | offset=1509 | event_id=bd71eac6-32f4-4cd7-99aa-2730387cbddd
2026-07-17 17:02:53,578 | INFO | booking-consumer | Event collected | batch=7/10 | partition=3 | offset=1510 | event_id=6bba7ad8-94cb-4c80-951e-deec2d0759ba
2026-07-17 17:02:53,579 | INFO | booking-consumer | Event collected | batch=8/10 | partition=3 | offset=1511 | event_id=9f503aaf-0618-4947-81d4-d63f86ca032a
2026-07-17 17:02:53,580 | INFO | booking-consumer | Event collected | batch=9/10 | partition=3 | offset=1512 | event_id=ae87143b-6ea1-433e-9ff2-4e486728b04b
2026-07-17 17:02:53,581 | INFO | booking-consumer | Event collected | batch=10/10 | partition=3 | offset=1513 | event_id=d706b87c-e30d-4ef5-a30f-2d2e374384f6
2026-07-17 17:02:53,594 | INFO | booking-consumer | Batch written and offsets committed | records=10 | offsets={3: 1514}
2026-07-17 17:02:53,595 | INFO | booking-consumer | Event collected | batch=1/10 | partition=3 | offset=1514 | event_id=cfeadc0d-fcb2-4339-9fab-3db76b7705cd
2026-07-17 17:02:53,596 | INFO | booking-consumer | Event collected | batch=2/10 | partition=3 | offset=1515 | event_id=4343af0a-b195-4476-9708-aef3fbd06dc4
2026-07-17 17:02:53,596 | INFO | booking-consumer | Event collected | batch=3/10 | partition=3 | offset=1516 | event_id=87d8524a-6e3d-4c59-97fe-2ed128277b70
2026-07-17 17:02:53,597 | INFO | booking-consumer | Event collected | batch=4/10 | partition=3 | offset=1517 | event_id=a6eacf2f-b4e9-4bc9-9a6e-68184a46c823
2026-07-17 17:02:53,598 | INFO | booking-consumer | Event collected | batch=5/10 | partition=3 | offset=1518 | event_id=6a1e67be-a192-4460-a4f2-521a5766cef4
2026-07-17 17:02:53,598 | INFO | booking-consumer | Event collected | batch=6/10 | partition=3 | offset=1519 | event_id=32629eff-c359-4338-8eed-a58b3b8e031b
2026-07-17 17:02:53,598 | INFO | booking-consumer | Event collected | batch=7/10 | partition=3 | offset=1520 | event_id=2db2e3c3-1e04-43fc-a660-a55fa00795b4
2026-07-17 17:02:53,599 | INFO | booking-consumer | Event collected | batch=8/10 | partition=3 | offset=1521 | event_id=fc749df7-b752-497f-bfdb-5b2bf57970e5
2026-07-17 17:02:53,599 | INFO | booking-consumer | Event collected | batch=9/10 | partition=3 | offset=1522 | event_id=8cbf5b22-4d00-4351-b2c7-0167549fd0da
2026-07-17 17:02:53,600 | INFO | booking-consumer | Event collected | batch=10/10 | partition=3 | offset=1523 | event_id=74b3ec22-4aaa-45dc-9bd8-e7f227e68ca2
2026-07-17 17:02:53,614 | INFO | booking-consumer | Batch written and offsets committed | records=10 | offsets={3: 1524}
2026-07-17 17:02:53,615 | INFO | booking-consumer | Event collected | batch=1/10 | partition=3 | offset=1524 | event_id=45f326b5-0f20-4713-b124-fae0f22e6f1c
2026-07-17 17:02:53,617 | INFO | booking-consumer | Event collected | batch=2/10 | partition=3 | offset=1525 | event_id=d376a78d-645b-4c95-a930-88d79601e1ad
2026-07-17 17:02:53,618 | INFO | booking-consumer | Event collected | batch=3/10 | partition=3 | offset=1526 | event_id=3604f491-72fd-4973-89cf-c81c8f7159a5
2026-07-17 17:02:53,618 | INFO | booking-consumer | Event collected | batch=4/10 | partition=3 | offset=1527 | event_id=0f6d052e-4881-4cda-8cd7-6d8900ba8f89
2026-07-17 17:02:53,619 | INFO | booking-consumer | Event collected | batch=5/10 | partition=3 | offset=1528 | event_id=7567f6cf-2e8d-4fc3-a941-f50c8f4b58f0
2026-07-17 17:02:53,620 | INFO | booking-consumer | Event collected | batch=6/10 | partition=3 | offset=1529 | event_id=b31ec19f-328c-4c69-a41f-b62b52455c69
2026-07-17 17:02:53,621 | INFO | booking-consumer | Event collected | batch=7/10 | partition=3 | offset=1530 | event_id=def86458-d7ec-40ed-b18d-baf2a2483261
2026-07-17 17:02:53,621 | INFO | booking-consumer | Event collected | batch=8/10 | partition=3 | offset=1531 | event_id=dcb18079-68ae-44b4-9819-c96b08d042da
2026-07-17 17:02:53,622 | INFO | booking-consumer | Event collected | batch=9/10 | partition=3 | offset=1532 | event_id=482d1d84-ab92-4a6d-b8fb-4cf3c27fe7fc
2026-07-17 17:02:53,623 | INFO | booking-consumer | Event collected | batch=10/10 | partition=3 | offset=1533 | event_id=a4736d03-22eb-43c4-b8a5-c732d8dc3426
2026-07-17 17:02:53,643 | INFO | booking-consumer | Batch written and offsets committed | records=10 | offsets={3: 1534}
2026-07-17 17:02:53,643 | INFO | booking-consumer | Event collected | batch=1/10 | partition=3 | offset=1534 | event_id=19417a51-19b5-4c30-91df-7eb0cfa5980b
2026-07-17 17:02:53,644 | INFO | booking-consumer | Event collected | batch=2/10 | partition=3 | offset=1535 | event_id=61eb59c4-4291-4517-ba77-a6eef7c66363
2026-07-17 17:02:53,644 | INFO | booking-consumer | Event collected | batch=3/10 | partition=3 | offset=1536 | event_id=c77704a3-39ad-494c-a437-f60ba5b11722
2026-07-17 17:02:53,646 | INFO | booking-consumer | Event collected | batch=4/10 | partition=3 | offset=1537 | event_id=71cb47fe-6b8f-4d8e-8d81-e287bbed78cf
2026-07-17 17:02:53,646 | INFO | booking-consumer | Event collected | batch=5/10 | partition=3 | offset=1538 | event_id=c5b34e8c-c966-464f-a6fe-aee086f0e529
2026-07-17 17:02:53,647 | INFO | booking-consumer | Event collected | batch=6/10 | partition=3 | offset=1539 | event_id=80deaf45-d691-4c80-8b39-60224a222d09
2026-07-17 17:02:53,647 | INFO | booking-consumer | Event collected | batch=7/10 | partition=3 | offset=1540 | event_id=56320c23-c463-420b-91af-b12e12034319
2026-07-17 17:02:53,648 | INFO | booking-consumer | Event collected | batch=8/10 | partition=3 | offset=1541 | event_id=d48a2f8e-7adc-4d2c-8804-972b3c002995
2026-07-17 17:02:53,649 | INFO | booking-consumer | Event collected | batch=9/10 | partition=3 | offset=1542 | event_id=8cb42211-b611-418d-b00a-dd162547235b
2026-07-17 17:02:53,649 | INFO | booking-consumer | Event collected | batch=10/10 | partition=3 | offset=1543 | event_id=d18101e0-1fd7-420c-bddd-cb0e69620d1e
2026-07-17 17:02:53,662 | INFO | booking-consumer | Batch written and offsets committed | records=10 | offsets={3: 1544}
2026-07-17 17:02:53,662 | INFO | booking-consumer | Event collected | batch=1/10 | partition=3 | offset=1544 | event_id=73d42e0e-3e58-4e28-b5f4-8cc0b72ce7e9
2026-07-17 17:02:53,663 | INFO | booking-consumer | Event collected | batch=2/10 | partition=3 | offset=1545 | event_id=bf5aaafd-87ce-4b8d-bbb2-dfff79ac3d73
2026-07-17 17:02:53,664 | INFO | booking-consumer | Event collected | batch=3/10 | partition=3 | offset=1546 | event_id=3bd327d8-cca1-4e31-a664-a896b942ea22
2026-07-17 17:02:53,664 | INFO | booking-consumer | Event collected | batch=4/10 | partition=3 | offset=1547 | event_id=070bc6a0-f220-4202-863e-1fe7c7028f29
2026-07-17 17:02:53,665 | INFO | booking-consumer | Event collected | batch=5/10 | partition=3 | offset=1548 | event_id=6fabd1cb-4a11-4c45-bb92-b872f2ea2b0e
2026-07-17 17:02:53,666 | INFO | booking-consumer | Event collected | batch=6/10 | partition=3 | offset=1549 | event_id=6b330102-574a-483f-a92f-ad56bf56813f
2026-07-17 17:02:53,666 | INFO | booking-consumer | Event collected | batch=7/10 | partition=3 | offset=1550 | event_id=1e094e1c-e2ee-4ab2-a4cd-58b5d3e7c0bc
2026-07-17 17:02:53,667 | INFO | booking-consumer | Event collected | batch=8/10 | partition=3 | offset=1551 | event_id=2a74b59f-ab4d-432a-877e-d3095c054fee
2026-07-17 17:02:53,667 | INFO | booking-consumer | Event collected | batch=9/10 | partition=3 | offset=1552 | event_id=f85300d3-7cf8-4efb-992c-00281f61dffd
2026-07-17 17:02:53,668 | INFO | booking-consumer | Event collected | batch=10/10 | partition=3 | offset=1553 | event_id=a57d8d04-dd26-4f38-8bf8-a42622e8bc63
2026-07-17 17:02:53,678 | INFO | booking-consumer | Batch written and offsets committed | records=10 | offsets={3: 1554}
2026-07-17 17:02:53,679 | INFO | booking-consumer | Event collected | batch=1/10 | partition=3 | offset=1554 | event_id=5aa670b4-ccf6-42d3-9d03-ad40802b139a
2026-07-17 17:02:53,681 | INFO | booking-consumer | Event collected | batch=2/10 | partition=3 | offset=1555 | event_id=10882565-d481-4919-9d59-d0974807e65c
2026-07-17 17:02:53,681 | INFO | booking-consumer | Event collected | batch=3/10 | partition=3 | offset=1556 | event_id=1e2e8eae-348a-49dc-91dc-1a2ac0b2f2ae
2026-07-17 17:02:53,682 | INFO | booking-consumer | Event collected | batch=4/10 | partition=3 | offset=1557 | event_id=b05606da-4d0f-4d29-a862-ce6f47e3e412
2026-07-17 17:02:53,683 | INFO | booking-consumer | Event collected | batch=5/10 | partition=3 | offset=1558 | event_id=1c73f60e-4c5b-4c27-a70f-8363f80eea36
2026-07-17 17:02:53,684 | INFO | booking-consumer | Event collected | batch=6/10 | partition=3 | offset=1559 | event_id=638745b7-8f79-4e62-b47d-68dcbc0c9937
2026-07-17 17:02:53,684 | INFO | booking-consumer | Event collected | batch=7/10 | partition=3 | offset=1560 | event_id=e4d08398-d3c2-4f04-bcfa-c1079812f917
2026-07-17 17:02:53,685 | INFO | booking-consumer | Event collected | batch=8/10 | partition=3 | offset=1561 | event_id=c0a8e140-9f33-471b-a553-aa61996a606b
2026-07-17 17:02:53,685 | INFO | booking-consumer | Event collected | batch=9/10 | partition=3 | offset=1562 | event_id=26583cf9-6ecd-4268-a2e9-684a7495d3d2
2026-07-17 17:02:53,686 | INFO | booking-consumer | Event collected | batch=10/10 | partition=3 | offset=1563 | event_id=806f1d2f-f34d-48e9-9cdc-d5cef492309f
2026-07-17 17:02:53,696 | INFO | booking-consumer | Batch written and offsets committed | records=10 | offsets={3: 1564}
2026-07-17 17:02:53,697 | INFO | booking-consumer | Event collected | batch=1/10 | partition=3 | offset=1564 | event_id=1e1f1b41-0ede-4b71-8280-00f0dee58bf0
2026-07-17 17:02:53,698 | INFO | booking-consumer | Event collected | batch=2/10 | partition=3 | offset=1565 | event_id=283ce9f8-00ab-4ed7-929c-8e07cf023b28
2026-07-17 17:02:53,699 | INFO | booking-consumer | Event collected | batch=3/10 | partition=3 | offset=1566 | event_id=3645ea3e-d675-462c-88f6-f79657e99088
2026-07-17 17:02:53,699 | INFO | booking-consumer | Event collected | batch=4/10 | partition=3 | offset=1567 | event_id=116dd52b-e5f0-45e2-b5c3-a6ea924bd82b
2026-07-17 17:02:53,700 | INFO | booking-consumer | Event collected | batch=5/10 | partition=3 | offset=1568 | event_id=26a64b77-112b-473f-bd79-a074c630bae8
2026-07-17 17:02:53,701 | INFO | booking-consumer | Event collected | batch=6/10 | partition=3 | offset=1569 | event_id=cb2560c4-ebb2-4acd-9729-84548bceb511
2026-07-17 17:02:53,701 | INFO | booking-consumer | Event collected | batch=7/10 | partition=3 | offset=1570 | event_id=bfdf6c68-6f8e-4b41-afb9-0aeed16657ad
2026-07-17 17:02:53,703 | INFO | booking-consumer | Event collected | batch=8/10 | partition=3 | offset=1571 | event_id=7815560e-12a8-4fdf-8014-360110d808a9
2026-07-17 17:02:53,704 | INFO | booking-consumer | Event collected | batch=9/10 | partition=3 | offset=1572 | event_id=0b76f79d-36d0-47b6-b092-6edd7946163a
2026-07-17 17:02:53,704 | INFO | booking-consumer | Event collected | batch=10/10 | partition=3 | offset=1573 | event_id=4c74821b-0641-4999-abea-0cd14fba2338
2026-07-17 17:02:53,717 | INFO | booking-consumer | Batch written and offsets committed | records=10 | offsets={3: 1574}
2026-07-17 17:02:53,719 | INFO | booking-consumer | Event collected | batch=1/10 | partition=3 | offset=1574 | event_id=fdcdb595-f518-463d-b6ca-164c2d37fbb4
2026-07-17 17:02:53,720 | INFO | booking-consumer | Event collected | batch=2/10 | partition=3 | offset=1575 | event_id=5ae4f228-6fed-4597-9ea3-b9619af23480
2026-07-17 17:02:53,721 | INFO | booking-consumer | Event collected | batch=3/10 | partition=3 | offset=1576 | event_id=221a27c9-de24-4e0a-a0ba-b4f27b7bb21d
2026-07-17 17:02:53,724 | INFO | booking-consumer | Event collected | batch=4/10 | partition=3 | offset=1577 | event_id=708fd5c4-ba44-4d11-bf33-aac5785169a9
2026-07-17 17:02:53,725 | INFO | booking-consumer | Event collected | batch=5/10 | partition=3 | offset=1578 | event_id=c5187591-55ed-409b-b355-f7c5dc2efffc
2026-07-17 17:02:53,726 | INFO | booking-consumer | Event collected | batch=6/10 | partition=3 | offset=1579 | event_id=cdb1745d-61ce-49f9-b952-fd0c02b0aea8
2026-07-17 17:02:53,727 | INFO | booking-consumer | Event collected | batch=7/10 | partition=3 | offset=1580 | event_id=8998c43c-688f-42d1-bee0-7d28cb1a59fd
2026-07-17 17:02:53,729 | INFO | booking-consumer | Event collected | batch=8/10 | partition=3 | offset=1581 | event_id=68cb93bb-3ff9-4f6f-932d-bd67dc89caab
2026-07-17 17:02:53,730 | INFO | booking-consumer | Event collected | batch=9/10 | partition=3 | offset=1582 | event_id=6027336d-3639-4b9b-908e-f36f85ef1f96
2026-07-17 17:02:53,730 | INFO | booking-consumer | Event collected | batch=10/10 | partition=3 | offset=1583 | event_id=2728db0f-ae50-437b-9427-ef76a4299b10
2026-07-17 17:02:53,752 | INFO | booking-consumer | Batch written and offsets committed | records=10 | offsets={3: 1584}
2026-07-17 17:02:53,753 | INFO | booking-consumer | Event collected | batch=1/10 | partition=3 | offset=1584 | event_id=80f56e35-1274-435a-baff-e73f2d5c5405
2026-07-17 17:02:53,754 | INFO | booking-consumer | Event collected | batch=2/10 | partition=3 | offset=1585 | event_id=37f2fd86-8416-4590-a2d1-6fdcb335e02b
2026-07-17 17:02:53,754 | INFO | booking-consumer | Event collected | batch=3/10 | partition=3 | offset=1586 | event_id=89131a65-8eed-42c8-8338-9f3803b23037
2026-07-17 17:02:53,754 | INFO | booking-consumer | Event collected | batch=4/10 | partition=3 | offset=1587 | event_id=095a4341-bb6b-42eb-b3f1-e8c6b610c912
2026-07-17 17:02:53,756 | INFO | booking-consumer | Event collected | batch=5/10 | partition=3 | offset=1588 | event_id=44960cd4-f007-47b1-9f4a-d27a8fb8ae65
2026-07-17 17:02:53,759 | INFO | booking-consumer | Event collected | batch=6/10 | partition=3 | offset=1589 | event_id=961cee55-e7e9-4d2c-a9da-8141ebaa45f2
2026-07-17 17:02:53,763 | INFO | booking-consumer | Event collected | batch=7/10 | partition=3 | offset=1590 | event_id=5703a251-6d85-4d7e-9ae8-6eb9255bb3ad
2026-07-17 17:02:53,763 | INFO | booking-consumer | Event collected | batch=8/10 | partition=3 | offset=1591 | event_id=f08a132f-5634-484c-a44d-5ff5b364438c
2026-07-17 17:02:53,764 | INFO | booking-consumer | Event collected | batch=9/10 | partition=3 | offset=1592 | event_id=8485fae6-897a-40ed-8d3d-74ab483ab09b
2026-07-17 17:02:53,765 | INFO | booking-consumer | Event collected | batch=10/10 | partition=3 | offset=1593 | event_id=d7b97100-5808-4312-a890-d02cf396491c
2026-07-17 17:02:53,775 | INFO | booking-consumer | Batch written and offsets committed | records=10 | offsets={3: 1594}
2026-07-17 17:02:53,776 | INFO | booking-consumer | Event collected | batch=1/10 | partition=3 | offset=1594 | event_id=7b19d2c1-7afe-4d5c-a771-6524e6cb8bb1
2026-07-17 17:02:53,777 | INFO | booking-consumer | Event collected | batch=2/10 | partition=3 | offset=1595 | event_id=19d6e31a-9c12-42d2-80f5-1283e98a9a10
2026-07-17 17:02:53,778 | INFO | booking-consumer | Event collected | batch=3/10 | partition=3 | offset=1596 | event_id=0ec3904b-7ca5-4e7c-a2aa-00ae9aa64783
2026-07-17 17:02:53,778 | INFO | booking-consumer | Event collected | batch=4/10 | partition=3 | offset=1597 | event_id=2a24f355-c20a-4a64-8e3b-db6861932f34
2026-07-17 17:02:53,779 | INFO | booking-consumer | Event collected | batch=5/10 | partition=3 | offset=1598 | event_id=ebb37b55-910f-4310-92ae-cd20edebc979
2026-07-17 17:02:53,779 | INFO | booking-consumer | Event collected | batch=6/10 | partition=3 | offset=1599 | event_id=908ae0c8-0d8e-48b1-a3e0-0a70e4b4ac8c
2026-07-17 17:02:53,780 | INFO | booking-consumer | Event collected | batch=7/10 | partition=3 | offset=1600 | event_id=5e2b685b-4e7d-4974-8b89-21444c675a61
2026-07-17 17:02:53,781 | INFO | booking-consumer | Event collected | batch=8/10 | partition=3 | offset=1601 | event_id=8b9eca1c-0fce-470a-8d78-11e14b89ddd0
2026-07-17 17:02:53,782 | INFO | booking-consumer | Event collected | batch=9/10 | partition=3 | offset=1602 | event_id=27a64fe3-6c45-411b-8462-fd1184891e56
2026-07-17 17:02:53,782 | INFO | booking-consumer | Event collected | batch=10/10 | partition=3 | offset=1603 | event_id=88e3c278-079e-4e95-a52c-2f262d09f2d5
2026-07-17 17:02:53,794 | INFO | booking-consumer | Batch written and offsets committed | records=10 | offsets={3: 1604}
2026-07-17 17:02:53,795 | INFO | booking-consumer | Event collected | batch=1/10 | partition=3 | offset=1604 | event_id=f0e82f92-bc2e-4000-880d-170889b7deb5
2026-07-17 17:02:53,796 | INFO | booking-consumer | Event collected | batch=2/10 | partition=3 | offset=1605 | event_id=b5a05174-be14-4c79-8cd5-6ef82523d4fe
2026-07-17 17:02:53,796 | INFO | booking-consumer | Event collected | batch=3/10 | partition=3 | offset=1606 | event_id=33274d4a-8eb9-443f-bd05-0f9200ab29fb
2026-07-17 17:02:53,797 | INFO | booking-consumer | Event collected | batch=4/10 | partition=3 | offset=1607 | event_id=2d073e30-92e2-4684-975a-e791c85fa216
2026-07-17 17:02:53,798 | INFO | booking-consumer | Event collected | batch=5/10 | partition=3 | offset=1608 | event_id=8d256143-99e1-4b3a-9ed3-a86825dfc04e
2026-07-17 17:02:53,799 | INFO | booking-consumer | Event collected | batch=6/10 | partition=3 | offset=1609 | event_id=0c595e61-26e9-4782-acce-127b9643abea
2026-07-17 17:02:53,801 | INFO | booking-consumer | Event collected | batch=7/10 | partition=3 | offset=1610 | event_id=699c0711-1ad5-4d5b-9556-677a531f89dd
2026-07-17 17:02:53,802 | INFO | booking-consumer | Event collected | batch=8/10 | partition=3 | offset=1611 | event_id=dea76a84-436f-45d1-9ac4-70ac75dc011d
2026-07-17 17:02:53,803 | INFO | booking-consumer | Event collected | batch=9/10 | partition=3 | offset=1612 | event_id=e33ef583-15d4-4daa-96d1-a08f8d8e2517
2026-07-17 17:02:53,804 | INFO | booking-consumer | Event collected | batch=10/10 | partition=3 | offset=1613 | event_id=088649d8-885c-4cab-9619-7c3a7e061ad1
2026-07-17 17:02:53,829 | INFO | booking-consumer | Batch written and offsets committed | records=10 | offsets={3: 1614}
2026-07-17 17:02:53,831 | INFO | booking-consumer | Event collected | batch=1/10 | partition=3 | offset=1614 | event_id=8a7f4b1f-a043-4198-96a2-53ca6bfc9ecc
2026-07-17 17:02:53,834 | INFO | booking-consumer | Event collected | batch=2/10 | partition=3 | offset=1615 | event_id=03724767-d1e5-4511-b382-6bd356d0d629
2026-07-17 17:02:53,835 | INFO | booking-consumer | Event collected | batch=3/10 | partition=3 | offset=1616 | event_id=c9f3b2a3-397e-49cc-a4ff-b2627eddb15a
2026-07-17 17:02:53,838 | INFO | booking-consumer | Event collected | batch=4/10 | partition=3 | offset=1617 | event_id=73665ed2-2021-4126-a70c-da5000947402
2026-07-17 17:02:53,839 | INFO | booking-consumer | Event collected | batch=5/10 | partition=3 | offset=1618 | event_id=5e8d5367-b3b6-4aed-b656-fe4f5fa890bd
2026-07-17 17:02:53,843 | INFO | booking-consumer | Event collected | batch=6/10 | partition=3 | offset=1619 | event_id=6310c561-738c-45cd-92ed-af686b301db3
2026-07-17 17:02:53,844 | INFO | booking-consumer | Event collected | batch=7/10 | partition=3 | offset=1620 | event_id=40e2646c-accd-4b0f-a6c5-0d5ba74595f9
2026-07-17 17:02:53,845 | INFO | booking-consumer | Event collected | batch=8/10 | partition=3 | offset=1621 | event_id=67e6d849-7191-4e49-8b0c-40ba349164ad
2026-07-17 17:02:53,846 | INFO | booking-consumer | Event collected | batch=9/10 | partition=3 | offset=1622 | event_id=71324d75-7690-48b2-8d18-fc2f5194e1f3
2026-07-17 17:02:53,846 | INFO | booking-consumer | Event collected | batch=10/10 | partition=3 | offset=1623 | event_id=40b876b1-bd42-44d1-a9c7-699f73e9ba2f
2026-07-17 17:02:53,861 | INFO | booking-consumer | Batch written and offsets committed | records=10 | offsets={3: 1624}
2026-07-17 17:02:53,863 | INFO | booking-consumer | Event collected | batch=1/10 | partition=3 | offset=1624 | event_id=761cbfff-cbd2-467f-b957-3f2790878d35
2026-07-17 17:02:53,864 | INFO | booking-consumer | Event collected | batch=2/10 | partition=3 | offset=1625 | event_id=a15e22d0-f999-4f00-a076-957f552f7f02
2026-07-17 17:02:53,864 | INFO | booking-consumer | Event collected | batch=3/10 | partition=3 | offset=1626 | event_id=d89868ba-0ae5-40d0-9979-d1bf17261966
2026-07-17 17:02:53,865 | INFO | booking-consumer | Event collected | batch=4/10 | partition=3 | offset=1627 | event_id=5725785f-e93b-4bc5-84f0-313a089c27e3
2026-07-17 17:02:53,866 | INFO | booking-consumer | Event collected | batch=5/10 | partition=3 | offset=1628 | event_id=427a04a0-6cc1-4353-b2fa-fcdc24e369cb
2026-07-17 17:02:53,866 | INFO | booking-consumer | Event collected | batch=6/10 | partition=3 | offset=1629 | event_id=f4faed09-1ea1-4d5f-a001-e9b081b424d4
2026-07-17 17:02:53,866 | INFO | booking-consumer | Event collected | batch=7/10 | partition=3 | offset=1630 | event_id=399476ab-a2ee-42e1-bb58-62a62df9ba51
2026-07-17 17:02:53,868 | INFO | booking-consumer | Event collected | batch=8/10 | partition=3 | offset=1631 | event_id=4cfed3ed-d26f-4c8e-b993-9ab47115d0ee
2026-07-17 17:02:53,868 | INFO | booking-consumer | Event collected | batch=9/10 | partition=3 | offset=1632 | event_id=1f176865-ee9b-4ffd-9331-d4b8ac7a06b0
2026-07-17 17:02:53,870 | INFO | booking-consumer | Event collected | batch=10/10 | partition=3 | offset=1633 | event_id=ac89666f-5759-4cde-8d50-c13ae14d33fb
2026-07-17 17:02:53,880 | INFO | booking-consumer | Batch written and offsets committed | records=10 | offsets={3: 1634}
2026-07-17 17:02:53,881 | INFO | booking-consumer | Event collected | batch=1/10 | partition=3 | offset=1634 | event_id=49ab7686-30dc-4e2c-87fa-f6ade87b7df2
2026-07-17 17:02:53,882 | INFO | booking-consumer | Event collected | batch=2/10 | partition=3 | offset=1635 | event_id=0ebcac6f-44ee-4803-9eaf-e76438550de5
2026-07-17 17:02:53,882 | INFO | booking-consumer | Event collected | batch=3/10 | partition=3 | offset=1636 | event_id=a72b2a46-a347-4d3b-9e3a-4db8ddf5d5d7
2026-07-17 17:02:53,883 | INFO | booking-consumer | Event collected | batch=4/10 | partition=3 | offset=1637 | event_id=6088fb81-9a7a-4cdf-bf89-781fd5374d31
2026-07-17 17:02:53,884 | INFO | booking-consumer | Event collected | batch=5/10 | partition=3 | offset=1638 | event_id=49602e3d-9f67-4377-8bde-8e9651eb873c
2026-07-17 17:02:53,884 | INFO | booking-consumer | Event collected | batch=6/10 | partition=3 | offset=1639 | event_id=9bcafeb3-b6ad-41b9-9c4a-ab360fcd6953
2026-07-17 17:02:53,885 | INFO | booking-consumer | Event collected | batch=7/10 | partition=3 | offset=1640 | event_id=08a7320e-0693-48ac-a5be-6e7d9f87fb30
2026-07-17 17:02:53,885 | INFO | booking-consumer | Event collected | batch=8/10 | partition=3 | offset=1641 | event_id=294ed396-2463-4f0a-ac80-b13fdee117f4
2026-07-17 17:02:53,886 | INFO | booking-consumer | Event collected | batch=9/10 | partition=3 | offset=1642 | event_id=ed2e7064-071b-484c-a6a3-906d69ac121b
2026-07-17 17:02:53,887 | INFO | booking-consumer | Event collected | batch=10/10 | partition=3 | offset=1643 | event_id=01daed1a-781c-4244-b589-aefb71f9ee57
2026-07-17 17:02:53,899 | INFO | booking-consumer | Batch written and offsets committed | records=10 | offsets={3: 1644}
2026-07-17 17:02:53,899 | INFO | booking-consumer | Event collected | batch=1/10 | partition=3 | offset=1644 | event_id=8f4be582-9069-4b21-80e1-2fdff9aaecd4
2026-07-17 17:02:53,900 | INFO | booking-consumer | Event collected | batch=2/10 | partition=3 | offset=1645 | event_id=8d1ac40c-c780-4ebf-9f54-07110e6983f9
2026-07-17 17:02:53,901 | INFO | booking-consumer | Event collected | batch=3/10 | partition=3 | offset=1646 | event_id=65b5a81b-21fb-4709-8a37-97e39c2257c4
2026-07-17 17:02:53,902 | INFO | booking-consumer | Event collected | batch=4/10 | partition=3 | offset=1647 | event_id=11e75b91-3d5d-49dd-b17a-803dff79a48d
2026-07-17 17:02:53,904 | INFO | booking-consumer | Event collected | batch=5/10 | partition=3 | offset=1648 | event_id=0536222f-eee0-49f0-b20a-6cffa3690001
2026-07-17 17:02:53,906 | INFO | booking-consumer | Event collected | batch=6/10 | partition=3 | offset=1649 | event_id=159495f1-63ee-4329-aa3b-c138c000844f
2026-07-17 17:02:53,909 | INFO | booking-consumer | Event collected | batch=7/10 | partition=3 | offset=1650 | event_id=ec3787f8-8b51-4d25-a7dc-3bb0d6cddd23
2026-07-17 17:02:53,911 | INFO | booking-consumer | Event collected | batch=8/10 | partition=3 | offset=1651 | event_id=99e0b468-e8e4-4b8a-892b-e93720ae4960
2026-07-17 17:02:53,914 | INFO | booking-consumer | Event collected | batch=9/10 | partition=3 | offset=1652 | event_id=7d5b083d-e509-4e02-9f7e-53b7c234e448
2026-07-17 17:02:53,915 | INFO | booking-consumer | Event collected | batch=10/10 | partition=3 | offset=1653 | event_id=27b15600-d9ce-4d30-ba8e-4dfce4fbd46c
2026-07-17 17:02:53,926 | INFO | booking-consumer | Batch written and offsets committed | records=10 | offsets={3: 1654}
2026-07-17 17:02:53,930 | INFO | booking-consumer | Event collected | batch=1/10 | partition=3 | offset=1654 | event_id=1e37f0da-235d-4c2b-984b-efb6a8a7ed7a
2026-07-17 17:02:53,931 | INFO | booking-consumer | Event collected | batch=2/10 | partition=3 | offset=1655 | event_id=0069cf36-c64b-412d-86f8-dc9433f761f8
2026-07-17 17:02:53,932 | INFO | booking-consumer | Event collected | batch=3/10 | partition=3 | offset=1656 | event_id=1901e0a6-5241-454d-8277-6809bbc35e0d
2026-07-17 17:02:53,935 | INFO | booking-consumer | Event collected | batch=4/10 | partition=3 | offset=1657 | event_id=97e456a8-cf77-44d8-ad7e-460a89abc610
2026-07-17 17:02:53,936 | INFO | booking-consumer | Event collected | batch=5/10 | partition=3 | offset=1658 | event_id=7223cd56-e117-418b-a12f-b294090bd05b
2026-07-17 17:02:53,938 | INFO | booking-consumer | Event collected | batch=6/10 | partition=3 | offset=1659 | event_id=adaa3db1-cb51-4535-9801-45c4d8914e47
2026-07-17 17:02:53,942 | INFO | booking-consumer | Event collected | batch=7/10 | partition=3 | offset=1660 | event_id=a16bbb9c-55dc-418a-a46f-63feae94f79a
2026-07-17 17:02:53,944 | INFO | booking-consumer | Event collected | batch=8/10 | partition=3 | offset=1661 | event_id=1a5e8683-1ba4-42e5-b1d8-f9eaa0876ff8
2026-07-17 17:02:53,944 | INFO | booking-consumer | Event collected | batch=9/10 | partition=3 | offset=1662 | event_id=3872f6e3-9f52-41e9-b963-05b89328a1f6
2026-07-17 17:02:53,946 | INFO | booking-consumer | Event collected | batch=10/10 | partition=3 | offset=1663 | event_id=5d3b1395-31b9-40f9-b529-59df58b055a0
2026-07-17 17:02:53,961 | INFO | booking-consumer | Batch written and offsets committed | records=10 | offsets={3: 1664}
2026-07-17 17:02:53,962 | INFO | booking-consumer | Event collected | batch=1/10 | partition=3 | offset=1664 | event_id=e4ed0167-2cab-42d6-85b4-ff02b8dde0d3
2026-07-17 17:02:53,962 | INFO | booking-consumer | Event collected | batch=2/10 | partition=3 | offset=1665 | event_id=7c87f93c-92e4-4c1a-8d0c-86ce393c7749
2026-07-17 17:02:53,963 | INFO | booking-consumer | Event collected | batch=3/10 | partition=3 | offset=1666 | event_id=3b8440a3-0747-4597-98f9-1f7213ea7e11
2026-07-17 17:02:53,963 | INFO | booking-consumer | Event collected | batch=4/10 | partition=3 | offset=1667 | event_id=6960c4ea-9e6f-4d0b-a5c0-4e60bfbe04a0
2026-07-17 17:02:53,964 | INFO | booking-consumer | Event collected | batch=5/10 | partition=3 | offset=1668 | event_id=62ec7193-a474-45e0-bb9e-83ec06a84bb9
2026-07-17 17:02:53,965 | INFO | booking-consumer | Event collected | batch=6/10 | partition=3 | offset=1669 | event_id=f0a78b45-9e34-4bba-b8ef-8b88add16270
2026-07-17 17:02:53,966 | INFO | booking-consumer | Event collected | batch=7/10 | partition=3 | offset=1670 | event_id=79363e54-5dbb-40e2-b78e-8bf1ac317be2
2026-07-17 17:02:53,966 | INFO | booking-consumer | Event collected | batch=8/10 | partition=3 | offset=1671 | event_id=e74006b7-901b-4d03-8152-72fcfdbe7e19
2026-07-17 17:02:53,967 | INFO | booking-consumer | Event collected | batch=9/10 | partition=3 | offset=1672 | event_id=e8f16fb3-3a6e-43f8-971a-1ce71c9ab232
2026-07-17 17:02:53,967 | INFO | booking-consumer | Event collected | batch=10/10 | partition=3 | offset=1673 | event_id=41d5f5ff-1ea8-4712-89a0-358c516d3b0b
2026-07-17 17:02:53,975 | INFO | booking-consumer | Batch written and offsets committed | records=10 | offsets={3: 1674}
2026-07-17 17:02:53,977 | INFO | booking-consumer | Event collected | batch=1/10 | partition=3 | offset=1674 | event_id=afbbf0ce-270b-4594-9a76-b62252c26262
2026-07-17 17:02:53,977 | INFO | booking-consumer | Event collected | batch=2/10 | partition=3 | offset=1675 | event_id=0e717d4e-2495-424a-8a9a-18c9541e73f5
2026-07-17 17:02:53,978 | INFO | booking-consumer | Event collected | batch=3/10 | partition=3 | offset=1676 | event_id=68203077-5bad-4e29-b619-b7de590bbc74
2026-07-17 17:02:53,979 | INFO | booking-consumer | Event collected | batch=4/10 | partition=3 | offset=1677 | event_id=d204bb5d-4d43-4789-ab7b-751ab323ab88
2026-07-17 17:02:53,979 | INFO | booking-consumer | Event collected | batch=5/10 | partition=3 | offset=1678 | event_id=f5f07fcc-8188-4ab9-8e52-efa32fd10544
2026-07-17 17:02:53,980 | INFO | booking-consumer | Event collected | batch=6/10 | partition=3 | offset=1679 | event_id=918e9a2a-13a1-4674-9b8e-5d010e16001b
2026-07-17 17:02:53,981 | INFO | booking-consumer | Event collected | batch=7/10 | partition=3 | offset=1680 | event_id=7d11cc5c-9089-4c32-847c-c75728da2aaa
2026-07-17 17:02:53,981 | INFO | booking-consumer | Event collected | batch=8/10 | partition=3 | offset=1681 | event_id=fc7bcdca-aa3e-48f8-b8da-6e05af15fba7
2026-07-17 17:02:53,982 | INFO | booking-consumer | Event collected | batch=9/10 | partition=3 | offset=1682 | event_id=5b0b9043-b4c8-419b-9bae-b2bd577f6e0b
2026-07-17 17:02:53,983 | INFO | booking-consumer | Event collected | batch=10/10 | partition=3 | offset=1683 | event_id=5ca8a1c5-4d3c-487a-8c4c-2c4273da2571
2026-07-17 17:02:53,991 | INFO | booking-consumer | Batch written and offsets committed | records=10 | offsets={3: 1684}
2026-07-17 17:02:53,994 | INFO | booking-consumer | Event collected | batch=1/10 | partition=3 | offset=1684 | event_id=3be1f490-4246-4044-b65e-1df5c62a1b51
2026-07-17 17:02:53,996 | INFO | booking-consumer | Event collected | batch=2/10 | partition=3 | offset=1685 | event_id=00522be3-28c7-4993-8c13-e7dbe94f4e8c
2026-07-17 17:02:53,997 | INFO | booking-consumer | Event collected | batch=3/10 | partition=3 | offset=1686 | event_id=f82d828c-4fb8-4e56-b9bb-e22054006b68
2026-07-17 17:02:53,997 | INFO | booking-consumer | Event collected | batch=4/10 | partition=3 | offset=1687 | event_id=a86a51b9-22fe-4fdf-bfea-87f3ab5112af
2026-07-17 17:02:53,997 | INFO | booking-consumer | Event collected | batch=5/10 | partition=3 | offset=1688 | event_id=edefdf2a-e16f-4faf-9370-78f8238f11dc
2026-07-17 17:02:53,998 | INFO | booking-consumer | Event collected | batch=6/10 | partition=3 | offset=1689 | event_id=d84c326e-9001-45fe-8130-00a6b62ad0e4
2026-07-17 17:02:53,998 | INFO | booking-consumer | Event collected | batch=7/10 | partition=3 | offset=1690 | event_id=a39db13a-8c65-410e-8bff-0b9707bc004b
2026-07-17 17:02:53,999 | INFO | booking-consumer | Event collected | batch=8/10 | partition=3 | offset=1691 | event_id=d1ddc7c5-c18e-4511-b876-09c030452a33
2026-07-17 17:02:54,000 | INFO | booking-consumer | Event collected | batch=9/10 | partition=3 | offset=1692 | event_id=c1f5528a-55ac-4ff5-afaa-582fac00c658
2026-07-17 17:02:54,000 | INFO | booking-consumer | Event collected | batch=10/10 | partition=3 | offset=1693 | event_id=86fdf569-d010-4c39-a529-8fe11594fde3
2026-07-17 17:02:54,007 | INFO | booking-consumer | Batch written and offsets committed | records=10 | offsets={3: 1694}
2026-07-17 17:02:54,008 | INFO | booking-consumer | Event collected | batch=1/10 | partition=3 | offset=1694 | event_id=1ac48ed0-eaf6-494c-ad62-c9105c5d6375
2026-07-17 17:02:54,009 | INFO | booking-consumer | Event collected | batch=2/10 | partition=3 | offset=1695 | event_id=6de5e22b-3cdd-4596-890b-7781258408d0
2026-07-17 17:02:54,010 | INFO | booking-consumer | Event collected | batch=3/10 | partition=3 | offset=1696 | event_id=8c7bd615-a408-416b-aac6-ec943ca341af
2026-07-17 17:02:54,012 | INFO | booking-consumer | Event collected | batch=4/10 | partition=3 | offset=1697 | event_id=0070871d-37b1-4ad7-9415-c3af42f08664
2026-07-17 17:02:54,012 | INFO | booking-consumer | Event collected | batch=5/10 | partition=3 | offset=1698 | event_id=4f258edb-5fa8-4eae-b87c-6c96247ef8e7
2026-07-17 17:02:54,013 | INFO | booking-consumer | Event collected | batch=6/10 | partition=3 | offset=1699 | event_id=f8b80c02-6255-4546-b535-6c5de00c3d1f
2026-07-17 17:02:54,013 | INFO | booking-consumer | Event collected | batch=7/10 | partition=3 | offset=1700 | event_id=3625a435-9dba-4a04-b31f-1eb14d7b4f4d
2026-07-17 17:02:54,013 | INFO | booking-consumer | Event collected | batch=8/10 | partition=3 | offset=1701 | event_id=c95a47c0-f331-498d-8e31-e855d213d579
2026-07-17 17:02:54,014 | INFO | booking-consumer | Event collected | batch=9/10 | partition=3 | offset=1702 | event_id=13e5a6ad-3a74-4d25-856e-4b2bfa70403f
2026-07-17 17:02:54,014 | INFO | booking-consumer | Event collected | batch=10/10 | partition=3 | offset=1703 | event_id=92248e88-46f3-446f-9326-2174432c9812
2026-07-17 17:02:54,024 | INFO | booking-consumer | Batch written and offsets committed | records=10 | offsets={3: 1704}
2026-07-17 17:02:54,024 | INFO | booking-consumer | Event collected | batch=1/10 | partition=3 | offset=1704 | event_id=fa8cee5f-4138-42d9-8616-f6fe83fcf5dc
2026-07-17 17:02:54,026 | INFO | booking-consumer | Event collected | batch=2/10 | partition=3 | offset=1705 | event_id=19cb50d6-41d0-4fe2-be49-53ba39a47312
2026-07-17 17:02:54,027 | INFO | booking-consumer | Event collected | batch=3/10 | partition=3 | offset=1706 | event_id=13a21e0c-a955-4460-9d60-12b36e52ff7a
2026-07-17 17:02:54,028 | INFO | booking-consumer | Event collected | batch=4/10 | partition=3 | offset=1707 | event_id=27e80407-6f1a-4d98-b157-18c819c739c6
2026-07-17 17:02:54,029 | INFO | booking-consumer | Event collected | batch=5/10 | partition=3 | offset=1708 | event_id=ce49779c-7e49-45ac-b9fd-a595d21ed18e
2026-07-17 17:02:54,029 | INFO | booking-consumer | Event collected | batch=6/10 | partition=3 | offset=1709 | event_id=9a67f1c4-9602-44f4-a45a-f027ed90b0ab
2026-07-17 17:02:54,030 | INFO | booking-consumer | Event collected | batch=7/10 | partition=3 | offset=1710 | event_id=cbc4954c-6df8-42a7-9b7f-1949db962ead
2026-07-17 17:02:54,030 | INFO | booking-consumer | Event collected | batch=8/10 | partition=3 | offset=1711 | event_id=5dda107b-ff43-43fc-ad18-fcdaaa167789
2026-07-17 17:02:54,030 | INFO | booking-consumer | Event collected | batch=9/10 | partition=3 | offset=1712 | event_id=11dcb12a-9d3d-4af6-93ae-89bca5052c99
2026-07-17 17:02:54,031 | INFO | booking-consumer | Event collected | batch=10/10 | partition=3 | offset=1713 | event_id=385e3ba8-e60d-4a4e-aea7-6c64cedde21e
2026-07-17 17:02:54,040 | INFO | booking-consumer | Batch written and offsets committed | records=10 | offsets={3: 1714}
2026-07-17 17:02:54,041 | INFO | booking-consumer | Event collected | batch=1/10 | partition=3 | offset=1714 | event_id=d8b9049f-ac14-4774-aad6-d56744a63504
2026-07-17 17:02:54,043 | INFO | booking-consumer | Event collected | batch=2/10 | partition=3 | offset=1715 | event_id=2c8548ef-387f-405d-83c8-bd975105015c
2026-07-17 17:02:54,044 | INFO | booking-consumer | Event collected | batch=3/10 | partition=3 | offset=1716 | event_id=e53dd2d4-854d-4c31-8468-74d85c4773bc
2026-07-17 17:02:54,045 | INFO | booking-consumer | Event collected | batch=4/10 | partition=3 | offset=1717 | event_id=464086e3-9e94-43b1-8c61-fea0e5c13159
2026-07-17 17:02:54,045 | INFO | booking-consumer | Event collected | batch=5/10 | partition=3 | offset=1718 | event_id=1fbbd1d0-aeea-4518-9ec7-506f606f7d28
2026-07-17 17:02:54,045 | INFO | booking-consumer | Event collected | batch=6/10 | partition=3 | offset=1719 | event_id=93749845-d449-4151-8898-c0a26d68d0f0
2026-07-17 17:02:54,046 | INFO | booking-consumer | Event collected | batch=7/10 | partition=3 | offset=1720 | event_id=696b13a3-1545-4335-ab95-18e8097caef3
2026-07-17 17:02:54,046 | INFO | booking-consumer | Event collected | batch=8/10 | partition=3 | offset=1721 | event_id=f459e859-9b11-4fbb-b38e-4688dc5086b4
2026-07-17 17:02:54,046 | INFO | booking-consumer | Event collected | batch=9/10 | partition=3 | offset=1722 | event_id=3ed798e4-0a6e-4594-99fc-af036aaf2b09
2026-07-17 17:02:54,047 | INFO | booking-consumer | Event collected | batch=10/10 | partition=3 | offset=1723 | event_id=7ec45cca-e8c2-473e-a3a8-126c4344273e
2026-07-17 17:02:54,052 | INFO | booking-consumer | Batch written and offsets committed | records=10 | offsets={3: 1724}
2026-07-17 17:02:54,053 | INFO | booking-consumer | Event collected | batch=1/10 | partition=3 | offset=1724 | event_id=7e36aaa9-5823-461d-9025-d321c5ac1449
2026-07-17 17:02:54,053 | INFO | booking-consumer | Event collected | batch=2/10 | partition=3 | offset=1725 | event_id=0b25e144-c408-4578-8528-fc529be2114e
2026-07-17 17:02:54,054 | INFO | booking-consumer | Event collected | batch=3/10 | partition=3 | offset=1726 | event_id=8e070842-54cd-4761-9b0d-fa04c903103e
2026-07-17 17:02:54,054 | INFO | booking-consumer | Event collected | batch=4/10 | partition=3 | offset=1727 | event_id=98abeadc-92a0-48e0-8c12-5e966e2bdbb1
2026-07-17 17:02:54,055 | INFO | booking-consumer | Event collected | batch=5/10 | partition=3 | offset=1728 | event_id=28de7697-7777-4884-95df-66273a2164c7
2026-07-17 17:02:54,055 | INFO | booking-consumer | Event collected | batch=6/10 | partition=3 | offset=1729 | event_id=0b86f9e4-390e-4829-9f02-91124e9de1a8
2026-07-17 17:02:54,056 | INFO | booking-consumer | Event collected | batch=7/10 | partition=3 | offset=1730 | event_id=3bae323c-ec1f-4cee-b896-c38d6d52999b
2026-07-17 17:02:54,057 | INFO | booking-consumer | Event collected | batch=8/10 | partition=3 | offset=1731 | event_id=71862333-ec32-44d0-8cbb-db9e70584570
2026-07-17 17:02:54,057 | INFO | booking-consumer | Event collected | batch=9/10 | partition=3 | offset=1732 | event_id=9d7dc5fe-9112-4444-bc4a-c3b551a67d03
2026-07-17 17:02:54,057 | INFO | booking-consumer | Event collected | batch=10/10 | partition=3 | offset=1733 | event_id=94878b91-3716-4a4e-9486-d71f2681068b
2026-07-17 17:02:54,064 | INFO | booking-consumer | Batch written and offsets committed | records=10 | offsets={3: 1734}
2026-07-17 17:02:54,065 | INFO | booking-consumer | Event collected | batch=1/10 | partition=3 | offset=1734 | event_id=835e86b6-4762-47f9-83c9-e9ccc4c1fa76
2026-07-17 17:02:54,066 | INFO | booking-consumer | Event collected | batch=2/10 | partition=3 | offset=1735 | event_id=60bbd5fd-4eba-44b5-a778-b522c29fd735
2026-07-17 17:02:54,066 | INFO | booking-consumer | Event collected | batch=3/10 | partition=3 | offset=1736 | event_id=dc3efa35-68ea-4aee-89e1-8e86378c4f56
2026-07-17 17:02:54,066 | INFO | booking-consumer | Event collected | batch=4/10 | partition=3 | offset=1737 | event_id=91470c46-9e52-4096-8810-e6b655fb0b3c
2026-07-17 17:02:54,067 | INFO | booking-consumer | Event collected | batch=5/10 | partition=3 | offset=1738 | event_id=1d1feba5-aaf0-4a92-8d8e-a365d33ce981
2026-07-17 17:02:54,067 | INFO | booking-consumer | Event collected | batch=6/10 | partition=3 | offset=1739 | event_id=50b5d6c1-fb38-4a55-af7f-54c91a7d489e
2026-07-17 17:02:54,067 | INFO | booking-consumer | Event collected | batch=7/10 | partition=3 | offset=1740 | event_id=4c2be31e-87a4-473b-84a2-56b04f239a0d
2026-07-17 17:02:54,068 | INFO | booking-consumer | Event collected | batch=8/10 | partition=3 | offset=1741 | event_id=37476fa4-cc7b-4e45-adfe-dcc8eb3c90ad
2026-07-17 17:02:54,068 | INFO | booking-consumer | Event collected | batch=9/10 | partition=3 | offset=1742 | event_id=04761d1a-5596-49f5-be10-b7ed60b3228f
2026-07-17 17:02:54,069 | INFO | booking-consumer | Event collected | batch=10/10 | partition=3 | offset=1743 | event_id=8751281a-a089-48d1-b88d-0fe5d45bfb24
2026-07-17 17:02:54,075 | INFO | booking-consumer | Batch written and offsets committed | records=10 | offsets={3: 1744}
2026-07-17 17:02:54,075 | INFO | booking-consumer | Event collected | batch=1/10 | partition=3 | offset=1744 | event_id=377a0d57-4abe-4313-83c0-61227eb683e7
2026-07-17 17:02:54,075 | INFO | booking-consumer | Event collected | batch=2/10 | partition=3 | offset=1745 | event_id=02fbb518-ad0c-40cc-8b1c-cf96d99d5749
2026-07-17 17:02:54,076 | INFO | booking-consumer | Event collected | batch=3/10 | partition=3 | offset=1746 | event_id=ce96c7a1-ed36-494e-9736-db0b13d3352a
2026-07-17 17:02:54,076 | INFO | booking-consumer | Event collected | batch=4/10 | partition=3 | offset=1747 | event_id=a95c7347-dc08-4031-9d18-ea48f5e3ffa3
2026-07-17 17:02:54,077 | INFO | booking-consumer | Event collected | batch=5/10 | partition=3 | offset=1748 | event_id=04525b1a-8f82-492f-a2fc-d604b6a0ed75
2026-07-17 17:02:54,077 | INFO | booking-consumer | Event collected | batch=6/10 | partition=3 | offset=1749 | event_id=9ede70dc-a42c-4959-9ec2-921473a5b635
2026-07-17 17:02:54,077 | INFO | booking-consumer | Event collected | batch=7/10 | partition=3 | offset=1750 | event_id=0fa4d604-bad4-477e-89e7-625fcdeda50c
2026-07-17 17:02:54,078 | INFO | booking-consumer | Event collected | batch=8/10 | partition=3 | offset=1751 | event_id=b0e931b4-c399-4d1d-b43e-add0fd5d18b9
2026-07-17 17:02:54,078 | INFO | booking-consumer | Event collected | batch=9/10 | partition=3 | offset=1752 | event_id=7f187bdb-2d76-45ea-838b-aa50e0ba75c2
2026-07-17 17:02:54,078 | INFO | booking-consumer | Event collected | batch=10/10 | partition=3 | offset=1753 | event_id=4ec1c8f7-c043-426e-ba59-a53a7237e0de
2026-07-17 17:02:54,085 | INFO | booking-consumer | Batch written and offsets committed | records=10 | offsets={3: 1754}
2026-07-17 17:02:54,085 | INFO | booking-consumer | Event collected | batch=1/10 | partition=3 | offset=1754 | event_id=b81b240d-3c21-473f-b1b6-1c1f912234a1
2026-07-17 17:02:54,086 | INFO | booking-consumer | Event collected | batch=2/10 | partition=3 | offset=1755 | event_id=2758f1ea-a363-4e0b-8035-dc9fa8123165
2026-07-17 17:02:54,086 | INFO | booking-consumer | Event collected | batch=3/10 | partition=3 | offset=1756 | event_id=88db2021-6193-4b81-9f4d-0338c0e838c1
2026-07-17 17:02:54,086 | INFO | booking-consumer | Event collected | batch=4/10 | partition=3 | offset=1757 | event_id=49fcf386-1149-4842-9ec8-1ebd2641d272
2026-07-17 17:02:54,087 | INFO | booking-consumer | Event collected | batch=5/10 | partition=3 | offset=1758 | event_id=3ac0d014-6f12-42a0-9ab1-bffcaf39012a
2026-07-17 17:02:54,087 | INFO | booking-consumer | Event collected | batch=6/10 | partition=3 | offset=1759 | event_id=252f6a9e-8954-4c4f-ae09-a9b739ca487c
2026-07-17 17:02:54,087 | INFO | booking-consumer | Event collected | batch=7/10 | partition=3 | offset=1760 | event_id=388bcb0c-8791-41e3-b8a6-28c41f5d9282
2026-07-17 17:02:54,089 | INFO | booking-consumer | Event collected | batch=8/10 | partition=3 | offset=1761 | event_id=938ec36b-7099-4c85-bd77-dd877aacd4d1
2026-07-17 17:02:54,089 | INFO | booking-consumer | Event collected | batch=9/10 | partition=3 | offset=1762 | event_id=f284f19f-6199-4ef6-8473-129386e4f9ab
2026-07-17 17:02:54,090 | INFO | booking-consumer | Event collected | batch=10/10 | partition=3 | offset=1763 | event_id=69be939b-2f2b-41be-8315-3f692f416d61
2026-07-17 17:02:54,097 | INFO | booking-consumer | Batch written and offsets committed | records=10 | offsets={3: 1764}
2026-07-17 17:02:54,098 | INFO | booking-consumer | Event collected | batch=1/10 | partition=3 | offset=1764 | event_id=2830984e-6732-4264-92fd-0ac91635fdf5
2026-07-17 17:02:54,098 | INFO | booking-consumer | Event collected | batch=2/10 | partition=3 | offset=1765 | event_id=5a957c9c-3ea2-4ac6-b194-8080198a540e
2026-07-17 17:02:54,099 | INFO | booking-consumer | Event collected | batch=3/10 | partition=3 | offset=1766 | event_id=b0e510a7-bcd6-4df5-b545-df6207cb2e33
2026-07-17 17:02:54,099 | INFO | booking-consumer | Event collected | batch=4/10 | partition=3 | offset=1767 | event_id=197225c3-9618-4708-9a24-baa484d23d91
2026-07-17 17:02:54,099 | INFO | booking-consumer | Event collected | batch=5/10 | partition=3 | offset=1768 | event_id=0c2982ad-a139-4368-98fe-27e61452bf4d
2026-07-17 17:02:54,100 | INFO | booking-consumer | Event collected | batch=6/10 | partition=3 | offset=1769 | event_id=e77deabf-d9e5-4783-88be-3db86113a452
2026-07-17 17:02:54,100 | INFO | booking-consumer | Event collected | batch=7/10 | partition=3 | offset=1770 | event_id=ff4dcf54-eacd-4ebf-be1e-db640db79efe
2026-07-17 17:02:54,100 | INFO | booking-consumer | Event collected | batch=8/10 | partition=3 | offset=1771 | event_id=ca4a71d8-ff5b-4e69-a03d-9ebd37ece2e2
2026-07-17 17:02:54,101 | INFO | booking-consumer | Event collected | batch=9/10 | partition=3 | offset=1772 | event_id=71170779-9c44-473d-9d3a-1dc92e646d4a
2026-07-17 17:02:54,101 | INFO | booking-consumer | Event collected | batch=10/10 | partition=3 | offset=1773 | event_id=a6ebb4ad-8a4b-4944-a856-9d21efcfcad9
2026-07-17 17:02:54,107 | INFO | booking-consumer | Batch written and offsets committed | records=10 | offsets={3: 1774}
2026-07-17 17:02:54,108 | INFO | booking-consumer | Event collected | batch=1/10 | partition=3 | offset=1774 | event_id=9d300317-1eaa-419d-8ce7-a3930cb77d33
2026-07-17 17:02:54,108 | INFO | booking-consumer | Event collected | batch=2/10 | partition=3 | offset=1775 | event_id=6b2f2c4e-7502-49a7-b734-90ee09e3271a
2026-07-17 17:02:54,109 | INFO | booking-consumer | Event collected | batch=3/10 | partition=3 | offset=1776 | event_id=63c952b9-c641-4197-93f3-280db4feffac
2026-07-17 17:02:54,110 | INFO | booking-consumer | Event collected | batch=4/10 | partition=3 | offset=1777 | event_id=f52d6ae9-4a2c-4df9-be57-bf3a83ed0605
2026-07-17 17:02:54,110 | INFO | booking-consumer | Event collected | batch=5/10 | partition=3 | offset=1778 | event_id=fe42c91b-ef35-44d4-9a90-e4cd8fba450a
2026-07-17 17:02:54,110 | INFO | booking-consumer | Event collected | batch=6/10 | partition=3 | offset=1779 | event_id=1b749d45-4d2f-4de6-87d5-75d9d5cf5d16
2026-07-17 17:02:54,111 | INFO | booking-consumer | Event collected | batch=7/10 | partition=3 | offset=1780 | event_id=4c3a4357-2f64-423a-bff5-8f038c3afa75
2026-07-17 17:02:54,111 | INFO | booking-consumer | Event collected | batch=8/10 | partition=3 | offset=1781 | event_id=0f804b6e-b942-4d08-b435-b9eb2ef111e7
2026-07-17 17:02:54,112 | INFO | booking-consumer | Event collected | batch=9/10 | partition=3 | offset=1782 | event_id=19ada147-49d8-4589-b375-1c2ddb8ade7b
2026-07-17 17:02:54,112 | INFO | booking-consumer | Event collected | batch=10/10 | partition=3 | offset=1783 | event_id=56e0ec4b-a1ee-45c4-872a-12113954c509
2026-07-17 17:02:54,118 | INFO | booking-consumer | Batch written and offsets committed | records=10 | offsets={3: 1784}
2026-07-17 17:02:54,118 | INFO | booking-consumer | Event collected | batch=1/10 | partition=3 | offset=1784 | event_id=83da6f43-8378-48a4-9645-1ece197d43ba
2026-07-17 17:02:54,119 | INFO | booking-consumer | Event collected | batch=2/10 | partition=3 | offset=1785 | event_id=275047e6-9091-42de-b1f3-c6489ed3908c
2026-07-17 17:02:54,119 | INFO | booking-consumer | Event collected | batch=3/10 | partition=3 | offset=1786 | event_id=610bbbe8-bcfa-4cd4-8517-df8135874aaf
2026-07-17 17:02:54,119 | INFO | booking-consumer | Event collected | batch=4/10 | partition=3 | offset=1787 | event_id=a806112e-8795-4282-85d6-be6ae603793c
2026-07-17 17:02:54,119 | INFO | booking-consumer | Event collected | batch=5/10 | partition=3 | offset=1788 | event_id=b9f7069a-e80f-4b45-b481-8049b7304d69
2026-07-17 17:02:54,120 | INFO | booking-consumer | Event collected | batch=6/10 | partition=3 | offset=1789 | event_id=9c004485-14dd-4004-9d60-36d151763215
2026-07-17 17:02:54,120 | INFO | booking-consumer | Event collected | batch=7/10 | partition=3 | offset=1790 | event_id=89c2f81d-b351-4322-9539-1faea7d4288e
2026-07-17 17:02:54,120 | INFO | booking-consumer | Event collected | batch=8/10 | partition=3 | offset=1791 | event_id=23452704-f8f8-45ec-8311-02e34ab4cd1c
2026-07-17 17:02:54,120 | INFO | booking-consumer | Event collected | batch=9/10 | partition=3 | offset=1792 | event_id=efd71704-9f43-48b1-bf72-baddda58e376
2026-07-17 17:02:54,122 | INFO | booking-consumer | Event collected | batch=10/10 | partition=3 | offset=1793 | event_id=bf7c6a5e-3e9f-42cc-a140-91a7cc31be73
2026-07-17 17:02:54,129 | INFO | booking-consumer | Batch written and offsets committed | records=10 | offsets={3: 1794}
2026-07-17 17:02:54,130 | INFO | booking-consumer | Event collected | batch=1/10 | partition=3 | offset=1794 | event_id=7988b19a-690c-4dab-b116-bd5ae6c5f8b6
2026-07-17 17:02:54,130 | INFO | booking-consumer | Event collected | batch=2/10 | partition=3 | offset=1795 | event_id=db8e9bd6-67d1-40b6-b9ae-3c3a76f295ad
2026-07-17 17:02:54,131 | INFO | booking-consumer | Event collected | batch=3/10 | partition=3 | offset=1796 | event_id=7f978be3-3db5-4d18-a5a2-c1ee1442dd94
2026-07-17 17:02:54,131 | INFO | booking-consumer | Event collected | batch=4/10 | partition=3 | offset=1797 | event_id=7c6a4199-6dc8-47ee-a5fd-d18923eb158b
2026-07-17 17:02:54,131 | INFO | booking-consumer | Event collected | batch=5/10 | partition=3 | offset=1798 | event_id=b60ec508-477a-4030-a806-cd252b0ca12b
2026-07-17 17:02:54,131 | INFO | booking-consumer | Event collected | batch=6/10 | partition=3 | offset=1799 | event_id=68ac3f46-309b-4856-b3e2-f94a887b4eb5
2026-07-17 17:02:54,132 | INFO | booking-consumer | Event collected | batch=7/10 | partition=3 | offset=1800 | event_id=972599eb-7715-4716-abc0-0f3b097a6a57
2026-07-17 17:02:54,132 | INFO | booking-consumer | Event collected | batch=8/10 | partition=3 | offset=1801 | event_id=79a40ffe-d68e-4980-8550-b1ae6ebc72fe
2026-07-17 17:02:54,133 | INFO | booking-consumer | Event collected | batch=9/10 | partition=3 | offset=1802 | event_id=4cedf4ed-037b-4170-9aa3-ab8d0b570496
2026-07-17 17:02:54,133 | INFO | booking-consumer | Event collected | batch=10/10 | partition=3 | offset=1803 | event_id=58751a98-f0b2-4f55-9335-f4b71ba598b3
2026-07-17 17:02:54,139 | INFO | booking-consumer | Batch written and offsets committed | records=10 | offsets={3: 1804}
2026-07-17 17:02:54,139 | INFO | booking-consumer | Event collected | batch=1/10 | partition=3 | offset=1804 | event_id=fe2f0add-4207-49b9-a3bc-5012afae062f
2026-07-17 17:02:54,140 | INFO | booking-consumer | Event collected | batch=2/10 | partition=3 | offset=1805 | event_id=3de2dc41-a445-4a03-b61d-1db0760dbb5f
2026-07-17 17:02:54,140 | INFO | booking-consumer | Event collected | batch=3/10 | partition=3 | offset=1806 | event_id=af389f6f-6a8d-4bb5-9462-b3e45868a843
2026-07-17 17:02:54,141 | INFO | booking-consumer | Event collected | batch=4/10 | partition=3 | offset=1807 | event_id=4e1134c4-5006-4fb4-b292-66426051dfb2
2026-07-17 17:02:54,142 | INFO | booking-consumer | Event collected | batch=5/10 | partition=3 | offset=1808 | event_id=3b2d17a2-0630-45b6-bbca-3581d7f66d1a
2026-07-17 17:02:54,143 | INFO | booking-consumer | Event collected | batch=6/10 | partition=3 | offset=1809 | event_id=0b82526d-e341-44aa-b222-f104dc6a71bf
2026-07-17 17:02:54,144 | INFO | booking-consumer | Event collected | batch=7/10 | partition=3 | offset=1810 | event_id=ccbf3eb9-70ed-4aa0-8971-0ca42aeae529
2026-07-17 17:02:54,144 | INFO | booking-consumer | Event collected | batch=8/10 | partition=3 | offset=1811 | event_id=6d65ba42-854b-4203-9fd6-2d570a06c570
2026-07-17 17:02:54,144 | INFO | booking-consumer | Event collected | batch=9/10 | partition=3 | offset=1812 | event_id=9a8d32b8-f208-40eb-9831-abc80f6e0310
2026-07-17 17:02:54,144 | INFO | booking-consumer | Event collected | batch=10/10 | partition=3 | offset=1813 | event_id=b656a7ce-0137-41a5-9e0e-fa3ad773355a
2026-07-17 17:02:54,150 | INFO | booking-consumer | Batch written and offsets committed | records=10 | offsets={3: 1814}
2026-07-17 17:02:54,150 | INFO | booking-consumer | Event collected | batch=1/10 | partition=3 | offset=1814 | event_id=4f4e9fa8-c961-4942-af43-b7d4f16372a7
2026-07-17 17:02:54,151 | INFO | booking-consumer | Event collected | batch=2/10 | partition=3 | offset=1815 | event_id=368a75ff-99eb-4843-a2f3-40a4ef8f1d27
2026-07-17 17:02:54,151 | INFO | booking-consumer | Event collected | batch=3/10 | partition=3 | offset=1816 | event_id=1d666e9f-5439-4df3-b929-cb633dd802db
2026-07-17 17:02:54,152 | INFO | booking-consumer | Event collected | batch=4/10 | partition=3 | offset=1817 | event_id=5b915dcc-cef8-4aa5-b64d-324114cefa63
2026-07-17 17:02:54,152 | INFO | booking-consumer | Event collected | batch=5/10 | partition=3 | offset=1818 | event_id=373c7ff0-e0ea-418d-98ec-9bc8c0210b6a
2026-07-17 17:02:54,152 | INFO | booking-consumer | Event collected | batch=6/10 | partition=3 | offset=1819 | event_id=ad023da1-1263-4680-a409-33cd71a0747b
2026-07-17 17:02:54,153 | INFO | booking-consumer | Event collected | batch=7/10 | partition=3 | offset=1820 | event_id=4d1cf0f5-a619-40d8-be5e-6e8e6c8c9be8
2026-07-17 17:02:54,153 | INFO | booking-consumer | Event collected | batch=8/10 | partition=3 | offset=1821 | event_id=5906e3ef-71b0-475d-ac53-0a9196df697d
2026-07-17 17:02:54,154 | INFO | booking-consumer | Event collected | batch=9/10 | partition=3 | offset=1822 | event_id=26aaf181-b316-41f5-abd1-01d118b6fa8f
2026-07-17 17:02:54,154 | INFO | booking-consumer | Event collected | batch=10/10 | partition=3 | offset=1823 | event_id=18c76a12-62ba-44a8-8cea-4a58edb8f361
2026-07-17 17:02:54,163 | INFO | booking-consumer | Batch written and offsets committed | records=10 | offsets={3: 1824}
2026-07-17 17:02:54,164 | INFO | booking-consumer | Event collected | batch=1/10 | partition=3 | offset=1824 | event_id=9a385ddd-ce64-453b-982a-faebf4506331
2026-07-17 17:02:54,164 | INFO | booking-consumer | Event collected | batch=2/10 | partition=3 | offset=1825 | event_id=d3d21b6f-e02b-49b9-b0c1-0175cf143747
2026-07-17 17:02:54,164 | INFO | booking-consumer | Event collected | batch=3/10 | partition=3 | offset=1826 | event_id=247c43b8-3c93-4f61-ba85-b22c3e9d4f61
2026-07-17 17:02:54,165 | INFO | booking-consumer | Event collected | batch=4/10 | partition=3 | offset=1827 | event_id=101222f8-ab15-4083-bc3e-bede27f30014
2026-07-17 17:02:54,165 | INFO | booking-consumer | Event collected | batch=5/10 | partition=3 | offset=1828 | event_id=2c761ce9-062e-45af-ad7e-11807b7faede
2026-07-17 17:02:54,165 | INFO | booking-consumer | Event collected | batch=6/10 | partition=3 | offset=1829 | event_id=8a7e550d-bae1-4337-adbc-31670af11ba3
2026-07-17 17:02:54,166 | INFO | booking-consumer | Event collected | batch=7/10 | partition=3 | offset=1830 | event_id=b88babdf-f12d-41fb-8b5b-f0e9130e21f4
2026-07-17 17:02:54,167 | INFO | booking-consumer | Event collected | batch=8/10 | partition=3 | offset=1831 | event_id=483f523f-0725-4a50-a74b-00b42ede9e95
2026-07-17 17:02:54,167 | INFO | booking-consumer | Event collected | batch=9/10 | partition=3 | offset=1832 | event_id=e3c42f5d-d9c0-4de2-a40e-4a8373ba9d72
2026-07-17 17:02:54,167 | INFO | booking-consumer | Event collected | batch=10/10 | partition=3 | offset=1833 | event_id=6e25a7f6-1e3a-4978-8579-b56a768919fd
2026-07-17 17:02:54,173 | INFO | booking-consumer | Batch written and offsets committed | records=10 | offsets={3: 1834}
2026-07-17 17:02:54,174 | INFO | booking-consumer | Event collected | batch=1/10 | partition=3 | offset=1834 | event_id=ccc2e53d-95a6-4800-a521-9274f3c16ec2
2026-07-17 17:02:54,175 | INFO | booking-consumer | Event collected | batch=2/10 | partition=3 | offset=1835 | event_id=d59c3e2d-733f-4a0f-b719-92b8bbc09c55
2026-07-17 17:02:54,176 | INFO | booking-consumer | Event collected | batch=3/10 | partition=3 | offset=1836 | event_id=1e2fc47e-a16f-4dbf-aa73-fa13fa577f21
2026-07-17 17:02:54,176 | INFO | booking-consumer | Event collected | batch=4/10 | partition=3 | offset=1837 | event_id=82d0178b-8557-4a00-8485-f571ec85d5a8
2026-07-17 17:02:54,176 | INFO | booking-consumer | Event collected | batch=5/10 | partition=3 | offset=1838 | event_id=88dbb19e-e8ae-460b-b0cc-fa5f45eb2b21
2026-07-17 17:02:54,177 | INFO | booking-consumer | Event collected | batch=6/10 | partition=3 | offset=1839 | event_id=afcde8ee-c295-44bc-90fd-cec87675bd85
2026-07-17 17:02:54,177 | INFO | booking-consumer | Event collected | batch=7/10 | partition=3 | offset=1840 | event_id=1989765a-5988-46f6-9df6-23ae4491cc1d
2026-07-17 17:02:54,177 | INFO | booking-consumer | Event collected | batch=8/10 | partition=3 | offset=1841 | event_id=acbbb6c7-48d8-429a-9949-3f00b67815e4
2026-07-17 17:02:54,177 | INFO | booking-consumer | Event collected | batch=9/10 | partition=3 | offset=1842 | event_id=4513966b-6597-4212-8dca-d563074ee5bc
2026-07-17 17:02:54,178 | INFO | booking-consumer | Event collected | batch=10/10 | partition=3 | offset=1843 | event_id=c7221270-f026-4c9c-859e-f8c02d7117b7
2026-07-17 17:02:54,184 | INFO | booking-consumer | Batch written and offsets committed | records=10 | offsets={3: 1844}
2026-07-17 17:02:54,185 | INFO | booking-consumer | Event collected | batch=1/10 | partition=3 | offset=1844 | event_id=9963b72d-e6ee-49ed-9eb8-c5eae1fdf6ea
2026-07-17 17:02:54,185 | INFO | booking-consumer | Event collected | batch=2/10 | partition=3 | offset=1845 | event_id=f45d7626-f925-41db-88ba-a313305665a5
2026-07-17 17:02:54,185 | INFO | booking-consumer | Event collected | batch=3/10 | partition=3 | offset=1846 | event_id=4dbf775b-69a7-4d28-a170-e5529289355c
2026-07-17 17:02:54,186 | INFO | booking-consumer | Event collected | batch=4/10 | partition=3 | offset=1847 | event_id=c35302fd-e4b3-4b77-afd5-d49c217d2172
2026-07-17 17:02:54,186 | INFO | booking-consumer | Event collected | batch=5/10 | partition=3 | offset=1848 | event_id=a4fed1a7-81b3-4b53-9e75-2fd8f5eacb11
2026-07-17 17:02:54,187 | INFO | booking-consumer | Event collected | batch=6/10 | partition=3 | offset=1849 | event_id=add532a5-2f48-4096-b7e2-3ca12f165b88
2026-07-17 17:02:54,187 | INFO | booking-consumer | Event collected | batch=7/10 | partition=3 | offset=1850 | event_id=e1534509-4dbd-40a1-ab26-14279109e643
2026-07-17 17:02:54,188 | INFO | booking-consumer | Event collected | batch=8/10 | partition=3 | offset=1851 | event_id=ebcc4122-a0de-4ed6-a70b-48115f154092
2026-07-17 17:02:54,188 | INFO | booking-consumer | Event collected | batch=9/10 | partition=3 | offset=1852 | event_id=8ec5be10-ef3e-4b01-9be7-948ebb0a66f4
2026-07-17 17:02:54,189 | INFO | booking-consumer | Event collected | batch=10/10 | partition=3 | offset=1853 | event_id=fc6c6205-3271-4520-8ac5-1714f77c718b
2026-07-17 17:02:54,197 | INFO | booking-consumer | Batch written and offsets committed | records=10 | offsets={3: 1854}
2026-07-17 17:02:54,197 | INFO | booking-consumer | Event collected | batch=1/10 | partition=3 | offset=1854 | event_id=3488aced-4996-46ae-8313-6f047766a3e7
2026-07-17 17:02:54,198 | INFO | booking-consumer | Event collected | batch=2/10 | partition=3 | offset=1855 | event_id=035bcff1-80e4-44c9-9705-75bd9684c0fe
2026-07-17 17:02:54,198 | INFO | booking-consumer | Event collected | batch=3/10 | partition=3 | offset=1856 | event_id=a8b66e30-7664-405c-9900-e4ceee39dbb3
2026-07-17 17:02:54,198 | INFO | booking-consumer | Event collected | batch=4/10 | partition=3 | offset=1857 | event_id=e09b7e34-e686-4c7f-9bf2-cef8ae851310
2026-07-17 17:02:54,199 | INFO | booking-consumer | Event collected | batch=5/10 | partition=3 | offset=1858 | event_id=98015afe-1971-4d56-b511-6d3716a8040d
2026-07-17 17:02:54,199 | INFO | booking-consumer | Event collected | batch=6/10 | partition=3 | offset=1859 | event_id=09d3c6aa-894a-48b8-af11-b578da975cb2
2026-07-17 17:02:54,199 | INFO | booking-consumer | Event collected | batch=7/10 | partition=3 | offset=1860 | event_id=8d6f571e-2273-4e04-81fd-141942e0b041
2026-07-17 17:02:54,200 | INFO | booking-consumer | Event collected | batch=8/10 | partition=3 | offset=1861 | event_id=f4cba891-25f1-4349-a0f9-19bcfe9ab7d2
2026-07-17 17:02:54,200 | INFO | booking-consumer | Event collected | batch=9/10 | partition=3 | offset=1862 | event_id=229708fa-3115-4e16-96e8-70d5021bb098
2026-07-17 17:02:54,201 | INFO | booking-consumer | Event collected | batch=10/10 | partition=3 | offset=1863 | event_id=a471b874-9cfa-4866-b231-7dd18b2fd8d5
2026-07-17 17:02:54,208 | INFO | booking-consumer | Batch written and offsets committed | records=10 | offsets={3: 1864}
2026-07-17 17:02:54,208 | INFO | booking-consumer | Event collected | batch=1/10 | partition=3 | offset=1864 | event_id=ec08c25a-bb92-48f5-9a1a-0689a1e7d835
2026-07-17 17:02:54,209 | INFO | booking-consumer | Event collected | batch=2/10 | partition=3 | offset=1865 | event_id=ae1e6f0e-3728-4180-81c5-67ec236e5d10
2026-07-17 17:02:54,209 | INFO | booking-consumer | Event collected | batch=3/10 | partition=3 | offset=1866 | event_id=aa7fa576-f2be-4867-896a-3a270c4d1abe
2026-07-17 17:02:54,209 | INFO | booking-consumer | Event collected | batch=4/10 | partition=3 | offset=1867 | event_id=03ef948d-10d3-427b-95af-360d9ac1a8e6
2026-07-17 17:02:54,210 | INFO | booking-consumer | Event collected | batch=5/10 | partition=3 | offset=1868 | event_id=f9e48e94-fcf0-4492-bcc5-2a43cfd0f630
2026-07-17 17:02:54,210 | INFO | booking-consumer | Event collected | batch=6/10 | partition=3 | offset=1869 | event_id=6c50fce6-28f6-41d1-98e4-fb1bb5f4675f
2026-07-17 17:02:54,210 | INFO | booking-consumer | Event collected | batch=7/10 | partition=3 | offset=1870 | event_id=88d8475e-3c39-42f2-b01c-edfe7e66f7ff
2026-07-17 17:02:54,211 | INFO | booking-consumer | Event collected | batch=8/10 | partition=3 | offset=1871 | event_id=850c63d1-4ce7-4b8c-8f72-fb4ac69b5c35
2026-07-17 17:02:54,211 | INFO | booking-consumer | Event collected | batch=9/10 | partition=3 | offset=1872 | event_id=86532ba6-d676-4148-ab32-8cc314e54693
2026-07-17 17:02:54,212 | INFO | booking-consumer | Event collected | batch=10/10 | partition=3 | offset=1873 | event_id=07f3c3bf-2a4d-42ec-910b-ab2c2b4bd10b
2026-07-17 17:02:54,217 | INFO | booking-consumer | Batch written and offsets committed | records=10 | offsets={3: 1874}
2026-07-17 17:02:54,218 | INFO | booking-consumer | Event collected | batch=1/10 | partition=3 | offset=1874 | event_id=403a79e2-4ada-4ece-b27e-e1e8d9327956
2026-07-17 17:02:54,219 | INFO | booking-consumer | Event collected | batch=2/10 | partition=3 | offset=1875 | event_id=d841eb61-5182-489b-bb0d-bc38c87d24b0
2026-07-17 17:02:54,219 | INFO | booking-consumer | Event collected | batch=3/10 | partition=3 | offset=1876 | event_id=66136149-e754-48f3-a381-4fd97bc7031a
2026-07-17 17:02:54,221 | INFO | booking-consumer | Event collected | batch=4/10 | partition=3 | offset=1877 | event_id=947acd04-7d80-4874-a461-703f0d88c3f8
2026-07-17 17:02:54,221 | INFO | booking-consumer | Event collected | batch=5/10 | partition=3 | offset=1878 | event_id=f66f7ea2-1c76-461a-826e-9710f9c8b979
2026-07-17 17:02:54,221 | INFO | booking-consumer | Event collected | batch=6/10 | partition=3 | offset=1879 | event_id=d581e090-d162-4b01-b872-130849212a20
2026-07-17 17:02:54,222 | INFO | booking-consumer | Event collected | batch=7/10 | partition=3 | offset=1880 | event_id=e5c1f34b-b8f5-4a01-98eb-776393a1fc3e
2026-07-17 17:02:54,222 | INFO | booking-consumer | Event collected | batch=8/10 | partition=3 | offset=1881 | event_id=a789e81e-8dbe-4985-8613-a27f79ed0b22
2026-07-17 17:02:54,224 | INFO | booking-consumer | Event collected | batch=9/10 | partition=3 | offset=1882 | event_id=71a1a4e5-c7f7-45b3-8280-ca85799c162b
2026-07-17 17:02:54,224 | INFO | booking-consumer | Event collected | batch=10/10 | partition=3 | offset=1883 | event_id=1f39bcb6-efb6-431f-9c7f-b4b7ad9a9b61
2026-07-17 17:02:54,231 | INFO | booking-consumer | Batch written and offsets committed | records=10 | offsets={3: 1884}
2026-07-17 17:02:54,232 | INFO | booking-consumer | Event collected | batch=1/10 | partition=3 | offset=1884 | event_id=0e80e997-bb28-4727-b55e-e83f2327f984
2026-07-17 17:02:54,232 | INFO | booking-consumer | Event collected | batch=2/10 | partition=3 | offset=1885 | event_id=e4d31853-9b26-48af-9bfa-bfee5aae099d
2026-07-17 17:02:54,232 | INFO | booking-consumer | Event collected | batch=3/10 | partition=3 | offset=1886 | event_id=7bb901d4-46a3-4581-87d6-d5cf3c68c658
2026-07-17 17:02:54,233 | INFO | booking-consumer | Event collected | batch=4/10 | partition=3 | offset=1887 | event_id=dba25e49-5c26-4219-86ff-254dbc55ed13
2026-07-17 17:02:54,233 | INFO | booking-consumer | Event collected | batch=5/10 | partition=3 | offset=1888 | event_id=1c8d4af5-7419-4493-8ba2-925786782385
2026-07-17 17:02:54,233 | INFO | booking-consumer | Event collected | batch=6/10 | partition=3 | offset=1889 | event_id=f868107d-0518-42a8-bc43-8112d9bf23cf
2026-07-17 17:02:54,234 | INFO | booking-consumer | Event collected | batch=7/10 | partition=3 | offset=1890 | event_id=9447e25c-4154-4a44-85e4-1a4e677b5b4f
2026-07-17 17:02:54,234 | INFO | booking-consumer | Event collected | batch=8/10 | partition=3 | offset=1891 | event_id=802da4df-50f8-4680-a1cf-0e5a8384ddb5
2026-07-17 17:02:54,234 | INFO | booking-consumer | Event collected | batch=9/10 | partition=3 | offset=1892 | event_id=6dbbcd6b-bc51-4967-9ebc-85d2acfbcd6c
2026-07-17 17:02:54,234 | INFO | booking-consumer | Event collected | batch=10/10 | partition=3 | offset=1893 | event_id=7c0e4c25-53d4-4e7a-b9c3-b52b08ba82ab
2026-07-17 17:02:54,242 | INFO | booking-consumer | Batch written and offsets committed | records=10 | offsets={3: 1894}
2026-07-17 17:02:54,242 | INFO | booking-consumer | Event collected | batch=1/10 | partition=3 | offset=1894 | event_id=39fdd078-0899-41d2-8a71-1a5f69ac8279
2026-07-17 17:02:54,243 | INFO | booking-consumer | Event collected | batch=2/10 | partition=3 | offset=1895 | event_id=0af53af3-42e5-42ec-90af-0410d3f274da
2026-07-17 17:02:54,244 | INFO | booking-consumer | Event collected | batch=3/10 | partition=3 | offset=1896 | event_id=147ea8df-54c6-4b0c-8efb-35f7dd35c9ab
2026-07-17 17:02:54,244 | INFO | booking-consumer | Event collected | batch=4/10 | partition=3 | offset=1897 | event_id=6da717d6-cd5c-4ce1-ac70-d29b21e051ef
2026-07-17 17:02:54,245 | INFO | booking-consumer | Event collected | batch=5/10 | partition=3 | offset=1898 | event_id=64ff8cea-f2b1-4690-80f2-e28b4c4aeae0
2026-07-17 17:02:54,245 | INFO | booking-consumer | Event collected | batch=6/10 | partition=3 | offset=1899 | event_id=cc20103e-9b9f-444c-9b5f-c7f402409773
2026-07-17 17:02:54,246 | INFO | booking-consumer | Event collected | batch=7/10 | partition=3 | offset=1900 | event_id=73221635-603e-4d7c-813a-86279a595f11
2026-07-17 17:02:54,246 | INFO | booking-consumer | Event collected | batch=8/10 | partition=3 | offset=1901 | event_id=6a663b64-c79f-4a46-9400-d0e3e291c9d8
2026-07-17 17:02:54,246 | INFO | booking-consumer | Event collected | batch=9/10 | partition=3 | offset=1902 | event_id=c9570ddc-7309-46c1-9ee5-704580bd359a
2026-07-17 17:02:54,246 | INFO | booking-consumer | Event collected | batch=10/10 | partition=3 | offset=1903 | event_id=e34f397a-a7a3-47a8-8913-45e88a6b7f5a
2026-07-17 17:02:54,252 | INFO | booking-consumer | Batch written and offsets committed | records=10 | offsets={3: 1904}
2026-07-17 17:02:54,253 | INFO | booking-consumer | Event collected | batch=1/10 | partition=3 | offset=1904 | event_id=5ac2e382-1c64-477e-af17-6677b9d00e26
2026-07-17 17:02:54,254 | INFO | booking-consumer | Event collected | batch=2/10 | partition=3 | offset=1905 | event_id=fddfef33-750c-432a-af0f-7936ff72b3e4
2026-07-17 17:02:54,254 | INFO | booking-consumer | Event collected | batch=3/10 | partition=3 | offset=1906 | event_id=cf906674-b423-48c0-9d4b-c56f0d03805e
2026-07-17 17:02:54,254 | INFO | booking-consumer | Event collected | batch=4/10 | partition=3 | offset=1907 | event_id=204041f9-2d38-45d7-a74c-8703846a18f7
2026-07-17 17:02:54,254 | INFO | booking-consumer | Event collected | batch=5/10 | partition=3 | offset=1908 | event_id=8ce0716e-8a46-40c6-aa75-55421571baf1
2026-07-17 17:02:54,255 | INFO | booking-consumer | Event collected | batch=6/10 | partition=3 | offset=1909 | event_id=7bf5a227-663a-430a-91e2-2dd04ba1f6b9
2026-07-17 17:02:54,255 | INFO | booking-consumer | Event collected | batch=7/10 | partition=3 | offset=1910 | event_id=a6b7c3bf-7770-40a4-afe1-4340844f8770
2026-07-17 17:02:54,256 | INFO | booking-consumer | Event collected | batch=8/10 | partition=3 | offset=1911 | event_id=26bcd756-2b5d-41e6-b151-ffc8c87db0ec
2026-07-17 17:02:54,256 | INFO | booking-consumer | Event collected | batch=9/10 | partition=3 | offset=1912 | event_id=f440eb79-c726-4e67-8f1e-2dd54548a9d1
2026-07-17 17:02:54,258 | INFO | booking-consumer | Event collected | batch=10/10 | partition=3 | offset=1913 | event_id=8eccd9b5-7074-4462-bb13-389f718456de
2026-07-17 17:02:54,264 | INFO | booking-consumer | Batch written and offsets committed | records=10 | offsets={3: 1914}
2026-07-17 17:02:54,264 | INFO | booking-consumer | Event collected | batch=1/10 | partition=3 | offset=1914 | event_id=05b13095-d438-4028-94f2-583240d60361
2026-07-17 17:02:54,266 | INFO | booking-consumer | Event collected | batch=2/10 | partition=3 | offset=1915 | event_id=c74f19a8-68a9-4a9f-a1c9-9f804291c838
2026-07-17 17:02:54,266 | INFO | booking-consumer | Event collected | batch=3/10 | partition=3 | offset=1916 | event_id=b3c3d77f-5084-4d1e-a3ea-bde655a886a8
2026-07-17 17:02:54,266 | INFO | booking-consumer | Event collected | batch=4/10 | partition=3 | offset=1917 | event_id=4ca5d96f-65d0-41dd-9e4a-1bea83d89c8c
2026-07-17 17:02:54,267 | INFO | booking-consumer | Event collected | batch=5/10 | partition=3 | offset=1918 | event_id=1c51cd79-46e5-46d8-b9ab-7a07d20bdf03
2026-07-17 17:02:54,267 | INFO | booking-consumer | Event collected | batch=6/10 | partition=3 | offset=1919 | event_id=c76afcee-1bbd-4197-b857-d5afd7179e7a
2026-07-17 17:02:54,268 | INFO | booking-consumer | Event collected | batch=7/10 | partition=3 | offset=1920 | event_id=7caccd94-5dd5-4dc2-85f8-abbc3bda4081
2026-07-17 17:02:54,269 | INFO | booking-consumer | Event collected | batch=8/10 | partition=3 | offset=1921 | event_id=284f3148-e6f2-4abe-860d-9777c0b47760
2026-07-17 17:02:54,269 | INFO | booking-consumer | Event collected | batch=9/10 | partition=3 | offset=1922 | event_id=9738a45a-84da-46a6-b9bc-e911f970b5b9
2026-07-17 17:02:54,269 | INFO | booking-consumer | Event collected | batch=10/10 | partition=3 | offset=1923 | event_id=c84057bf-0545-4266-bb59-4dc3c2e225f3
2026-07-17 17:02:54,277 | INFO | booking-consumer | Batch written and offsets committed | records=10 | offsets={3: 1924}
2026-07-17 17:02:54,278 | INFO | booking-consumer | Event collected | batch=1/10 | partition=3 | offset=1924 | event_id=3e524ba6-75c8-4efe-8600-879da1819578
2026-07-17 17:02:54,278 | INFO | booking-consumer | Event collected | batch=2/10 | partition=3 | offset=1925 | event_id=f20cc2e0-662b-4c48-b3c7-979b97c4861b
2026-07-17 17:02:54,278 | INFO | booking-consumer | Event collected | batch=3/10 | partition=3 | offset=1926 | event_id=039c8dd5-dfb4-4649-8b9e-e5e60863b9e7
2026-07-17 17:02:54,279 | INFO | booking-consumer | Event collected | batch=4/10 | partition=3 | offset=1927 | event_id=2f607808-e5a8-4f24-b89f-827c34386f0e
2026-07-17 17:02:54,280 | INFO | booking-consumer | Event collected | batch=5/10 | partition=3 | offset=1928 | event_id=8793ba67-de76-4b71-8985-465395d493ac
2026-07-17 17:02:54,280 | INFO | booking-consumer | Event collected | batch=6/10 | partition=3 | offset=1929 | event_id=db3f40eb-7301-4ddb-868d-0d6073bea813
2026-07-17 17:02:54,281 | INFO | booking-consumer | Event collected | batch=7/10 | partition=3 | offset=1930 | event_id=39bc5ffc-33a7-4feb-b6a9-428b5c1273bf
2026-07-17 17:02:54,281 | INFO | booking-consumer | Event collected | batch=8/10 | partition=3 | offset=1931 | event_id=5aa5c2b2-a7eb-43ab-8df8-6834c9175d95
2026-07-17 17:02:54,281 | INFO | booking-consumer | Event collected | batch=9/10 | partition=3 | offset=1932 | event_id=2c1ca8d6-66a0-4ed8-b7cf-6019cff7f6b1
2026-07-17 17:02:54,282 | INFO | booking-consumer | Event collected | batch=10/10 | partition=3 | offset=1933 | event_id=744889f0-279e-4a96-b654-d5c15b335d82
2026-07-17 17:02:54,287 | INFO | booking-consumer | Batch written and offsets committed | records=10 | offsets={3: 1934}
2026-07-17 17:02:54,288 | INFO | booking-consumer | Event collected | batch=1/10 | partition=3 | offset=1934 | event_id=22d4b81c-7ec1-43a6-a8eb-85467b1976b0
2026-07-17 17:02:54,288 | INFO | booking-consumer | Event collected | batch=2/10 | partition=3 | offset=1935 | event_id=aa9c5a33-5b4a-4d29-ab68-93bf294c6fe5
2026-07-17 17:02:54,289 | INFO | booking-consumer | Event collected | batch=3/10 | partition=3 | offset=1936 | event_id=c2819e13-e1c5-4f7b-a79b-7a77cc664168
2026-07-17 17:02:54,289 | INFO | booking-consumer | Event collected | batch=4/10 | partition=3 | offset=1937 | event_id=c6a2a54b-88bb-4a9f-a7f1-a7bac84215e9
2026-07-17 17:02:54,290 | INFO | booking-consumer | Event collected | batch=5/10 | partition=3 | offset=1938 | event_id=3169ead3-8155-49a7-8ff6-53eb18fb526b
2026-07-17 17:02:54,290 | INFO | booking-consumer | Event collected | batch=6/10 | partition=3 | offset=1939 | event_id=957799a6-43cc-4761-9d98-1b51334da1fd
2026-07-17 17:02:54,290 | INFO | booking-consumer | Event collected | batch=7/10 | partition=3 | offset=1940 | event_id=0e86ef87-a733-475d-99b0-ba32940d9089
2026-07-17 17:02:54,291 | INFO | booking-consumer | Event collected | batch=8/10 | partition=3 | offset=1941 | event_id=9f7a4c16-08c8-4e43-9d99-b2270368e7d9
2026-07-17 17:02:54,292 | INFO | booking-consumer | Event collected | batch=9/10 | partition=3 | offset=1942 | event_id=12a0e55e-7067-4c0f-af6f-5f52007666bb
2026-07-17 17:02:54,292 | INFO | booking-consumer | Event collected | batch=10/10 | partition=3 | offset=1943 | event_id=0df38eb5-c53f-4476-8433-ef526fb933da
2026-07-17 17:02:54,299 | INFO | booking-consumer | Batch written and offsets committed | records=10 | offsets={3: 1944}
2026-07-17 17:02:54,299 | INFO | booking-consumer | Event collected | batch=1/10 | partition=3 | offset=1944 | event_id=bf39afad-700e-4e8f-92c9-767f150243d0
2026-07-17 17:02:54,300 | INFO | booking-consumer | Event collected | batch=2/10 | partition=3 | offset=1945 | event_id=0be6bef9-ced7-4534-acf4-25aeba5c75a1
2026-07-17 17:02:54,300 | INFO | booking-consumer | Event collected | batch=3/10 | partition=3 | offset=1946 | event_id=2a9257ff-4143-4352-a263-2263bdc46127
2026-07-17 17:02:54,300 | INFO | booking-consumer | Event collected | batch=4/10 | partition=3 | offset=1947 | event_id=bb560600-30e8-44a3-b7aa-405e89e5e887
2026-07-17 17:02:54,301 | INFO | booking-consumer | Event collected | batch=5/10 | partition=3 | offset=1948 | event_id=b64a9505-0c03-493e-83b3-87d2bf9f01d9
2026-07-17 17:02:54,301 | INFO | booking-consumer | Event collected | batch=6/10 | partition=3 | offset=1949 | event_id=d949101d-8fef-4f50-b108-754c4b19998d
2026-07-17 17:02:54,301 | INFO | booking-consumer | Event collected | batch=7/10 | partition=3 | offset=1950 | event_id=32ad6205-56b0-4590-9eef-a192f7695de4
2026-07-17 17:02:54,301 | INFO | booking-consumer | Event collected | batch=8/10 | partition=3 | offset=1951 | event_id=44de7db2-67d7-465e-92ba-3be57ba6e09f
2026-07-17 17:02:54,302 | INFO | booking-consumer | Event collected | batch=9/10 | partition=3 | offset=1952 | event_id=43c0a67e-6f3d-4a71-8441-13bd3011240d
2026-07-17 17:02:54,302 | INFO | booking-consumer | Event collected | batch=10/10 | partition=3 | offset=1953 | event_id=2ab3f731-bf4d-4a64-b041-24fa44d2e336
2026-07-17 17:02:54,309 | INFO | booking-consumer | Batch written and offsets committed | records=10 | offsets={3: 1954}
2026-07-17 17:02:54,310 | INFO | booking-consumer | Event collected | batch=1/10 | partition=3 | offset=1954 | event_id=a265d810-c4af-43f3-9b16-2ca02abd43f2
2026-07-17 17:02:54,310 | INFO | booking-consumer | Event collected | batch=2/10 | partition=3 | offset=1955 | event_id=62ab65bd-0656-4414-a1ee-de051e2bdf32
2026-07-17 17:02:54,310 | INFO | booking-consumer | Event collected | batch=3/10 | partition=3 | offset=1956 | event_id=1cba1e96-eb31-4217-8093-57f167e9d25e
2026-07-17 17:02:54,311 | INFO | booking-consumer | Event collected | batch=4/10 | partition=3 | offset=1957 | event_id=f6d90b64-1b47-4421-89a2-3bf57ca5fcdb
2026-07-17 17:02:54,311 | INFO | booking-consumer | Event collected | batch=5/10 | partition=3 | offset=1958 | event_id=ff508ece-efca-48cd-b708-ce148b57f17a
2026-07-17 17:02:54,311 | INFO | booking-consumer | Event collected | batch=6/10 | partition=3 | offset=1959 | event_id=2013c375-df4e-4e1f-81af-b4c2afdfa90c
2026-07-17 17:02:54,312 | INFO | booking-consumer | Event collected | batch=7/10 | partition=3 | offset=1960 | event_id=3381089b-bf9b-4041-9971-4bbc0860efcb
2026-07-17 17:02:54,312 | INFO | booking-consumer | Event collected | batch=8/10 | partition=3 | offset=1961 | event_id=748e2dec-5be9-45a3-96d2-3cba19b6bfcb
2026-07-17 17:02:54,312 | INFO | booking-consumer | Event collected | batch=9/10 | partition=3 | offset=1962 | event_id=81eb8014-1f46-4068-8b9b-5622606149c0
2026-07-17 17:02:54,312 | INFO | booking-consumer | Event collected | batch=10/10 | partition=3 | offset=1963 | event_id=099c0e24-c6df-4bc9-b61f-b1aacd82974e
2026-07-17 17:02:54,319 | INFO | booking-consumer | Batch written and offsets committed | records=10 | offsets={3: 1964}
2026-07-17 17:02:54,319 | INFO | booking-consumer | Event collected | batch=1/10 | partition=3 | offset=1964 | event_id=c85e8f8c-2cf3-4c01-8803-4d78ab91e9b7
2026-07-17 17:02:54,319 | INFO | booking-consumer | Event collected | batch=2/10 | partition=3 | offset=1965 | event_id=5abd61e3-7042-46b4-a816-5f9e9f7ce3dd
2026-07-17 17:02:54,320 | INFO | booking-consumer | Event collected | batch=3/10 | partition=3 | offset=1966 | event_id=7fc91384-35ce-4605-89e3-2bb3742f80d7
2026-07-17 17:02:54,321 | INFO | booking-consumer | Event collected | batch=4/10 | partition=3 | offset=1967 | event_id=bf8250bf-4f07-4623-9f0d-96ee8722ef06
2026-07-17 17:02:54,321 | INFO | booking-consumer | Event collected | batch=5/10 | partition=3 | offset=1968 | event_id=0c4493e9-21aa-4de3-ba9b-ba3b9b477bcd
2026-07-17 17:02:54,322 | INFO | booking-consumer | Event collected | batch=6/10 | partition=3 | offset=1969 | event_id=7437b5db-2c4b-4f0a-9bf4-3ec29fac56b2
2026-07-17 17:02:54,322 | INFO | booking-consumer | Event collected | batch=7/10 | partition=3 | offset=1970 | event_id=ffe9fbbb-2a05-471f-b86a-ced7efe79692
2026-07-17 17:02:54,323 | INFO | booking-consumer | Event collected | batch=8/10 | partition=3 | offset=1971 | event_id=69834317-8e61-49c3-a698-8ba7b0c91352
2026-07-17 17:02:54,323 | INFO | booking-consumer | Event collected | batch=9/10 | partition=3 | offset=1972 | event_id=03412613-53ed-4405-9205-9f4a30c24fd3
2026-07-17 17:02:54,324 | INFO | booking-consumer | Event collected | batch=10/10 | partition=3 | offset=1973 | event_id=952b8ce6-3a6a-4531-ae01-5a9ca7314c95
2026-07-17 17:02:54,331 | INFO | booking-consumer | Batch written and offsets committed | records=10 | offsets={3: 1974}
2026-07-17 17:02:54,332 | INFO | booking-consumer | Event collected | batch=1/10 | partition=3 | offset=1974 | event_id=367db4e4-3d16-4e9f-9652-0c26df62f1d7
2026-07-17 17:02:54,333 | INFO | booking-consumer | Event collected | batch=2/10 | partition=3 | offset=1975 | event_id=2e7244fa-359e-4b17-b648-b3563e4b3886
2026-07-17 17:02:54,333 | INFO | booking-consumer | Event collected | batch=3/10 | partition=3 | offset=1976 | event_id=57ac1751-42cf-4af4-b013-7cd180b408a0
2026-07-17 17:02:54,333 | INFO | booking-consumer | Event collected | batch=4/10 | partition=3 | offset=1977 | event_id=2fb1fdb2-bf47-4abb-ab75-d7bb88c0ac7d
2026-07-17 17:02:54,334 | INFO | booking-consumer | Event collected | batch=5/10 | partition=3 | offset=1978 | event_id=e595b8e0-df29-46c3-a3c0-59da68c7e8e7
2026-07-17 17:02:54,334 | INFO | booking-consumer | Event collected | batch=6/10 | partition=3 | offset=1979 | event_id=b5bbbea1-2360-48e6-910b-b32983875025
2026-07-17 17:02:54,334 | INFO | booking-consumer | Event collected | batch=7/10 | partition=3 | offset=1980 | event_id=cd3941fc-5585-4b97-bfb9-0455b78b7252
2026-07-17 17:02:54,335 | INFO | booking-consumer | Event collected | batch=8/10 | partition=3 | offset=1981 | event_id=837527d8-003b-4a05-8e5b-66f8284e8c68
2026-07-17 17:02:54,335 | INFO | booking-consumer | Event collected | batch=9/10 | partition=3 | offset=1982 | event_id=8605b3ed-9dd8-4912-85c6-62a214a7e07a
2026-07-17 17:02:54,335 | INFO | booking-consumer | Event collected | batch=10/10 | partition=3 | offset=1983 | event_id=e01eb939-03cd-4bf6-ac9d-718e8f35c9df
2026-07-17 17:02:54,343 | INFO | booking-consumer | Batch written and offsets committed | records=10 | offsets={3: 1984}
2026-07-17 17:02:54,343 | INFO | booking-consumer | Event collected | batch=1/10 | partition=3 | offset=1984 | event_id=8c0c1ae4-8a51-40ea-b8a7-d4de778d7c14
2026-07-17 17:02:54,343 | INFO | booking-consumer | Event collected | batch=2/10 | partition=3 | offset=1985 | event_id=a8307a28-8a14-4f70-b426-92bf1cefd82f
2026-07-17 17:02:54,344 | INFO | booking-consumer | Event collected | batch=3/10 | partition=3 | offset=1986 | event_id=47edc77a-1317-4255-a591-9d43de0b33e5
2026-07-17 17:02:54,344 | INFO | booking-consumer | Event collected | batch=4/10 | partition=3 | offset=1987 | event_id=4e4e31c0-e37f-446c-b73b-a51229f60e43
2026-07-17 17:02:54,344 | INFO | booking-consumer | Event collected | batch=5/10 | partition=3 | offset=1988 | event_id=039ef5b2-9157-4d66-93f1-e207885dde00
2026-07-17 17:02:54,345 | INFO | booking-consumer | Event collected | batch=6/10 | partition=3 | offset=1989 | event_id=f36f97ab-9a59-44af-bcc5-d4f9f88c4273
2026-07-17 17:02:54,345 | INFO | booking-consumer | Event collected | batch=7/10 | partition=3 | offset=1990 | event_id=ad37e750-cf08-4520-a8f6-b9f96df2ce9b
2026-07-17 17:02:54,345 | INFO | booking-consumer | Event collected | batch=8/10 | partition=3 | offset=1991 | event_id=d3ffc710-0bc1-41bd-93a2-08a1c6d0e2c7
2026-07-17 17:02:54,346 | INFO | booking-consumer | Event collected | batch=9/10 | partition=3 | offset=1992 | event_id=0dd4bca8-67a0-4d4e-ae8d-fb170eaf00b6
2026-07-17 17:02:54,346 | INFO | booking-consumer | Event collected | batch=10/10 | partition=3 | offset=1993 | event_id=c4d7717d-824d-4f8a-93be-d40f9fe05eff
2026-07-17 17:02:54,352 | INFO | booking-consumer | Batch written and offsets committed | records=10 | offsets={3: 1994}
2026-07-17 17:02:54,353 | INFO | booking-consumer | Event collected | batch=1/10 | partition=3 | offset=1994 | event_id=d2aa8474-1735-4d33-ab28-167f32157dae
2026-07-17 17:02:54,353 | INFO | booking-consumer | Event collected | batch=2/10 | partition=3 | offset=1995 | event_id=c98f49b4-5cec-47b7-903d-3c932334c2b4
2026-07-17 17:02:54,354 | INFO | booking-consumer | Event collected | batch=3/10 | partition=3 | offset=1996 | event_id=acc00a8c-a329-4954-8825-741e3a6ac4e0
2026-07-17 17:02:54,355 | INFO | booking-consumer | Event collected | batch=4/10 | partition=3 | offset=1997 | event_id=a6829c6f-bcbb-4501-8cfb-82e3e583910b
2026-07-17 17:02:54,355 | INFO | booking-consumer | Event collected | batch=5/10 | partition=3 | offset=1998 | event_id=2116df63-456c-490c-94f0-06f21401c447
2026-07-17 17:02:54,356 | INFO | booking-consumer | Event collected | batch=6/10 | partition=3 | offset=1999 | event_id=5aaf7456-4372-4294-a81e-b442a92d33fc
2026-07-17 17:02:54,357 | INFO | booking-consumer | Event collected | batch=7/10 | partition=3 | offset=2000 | event_id=f5400a07-b1d5-4771-9af7-38400f33822d
2026-07-17 17:02:54,357 | INFO | booking-consumer | Event collected | batch=8/10 | partition=3 | offset=2001 | event_id=21291061-e88c-490a-925e-5b563ef5c421
2026-07-17 17:02:54,358 | INFO | booking-consumer | Event collected | batch=9/10 | partition=3 | offset=2002 | event_id=0edee6d9-a898-46ed-b8c4-9f8c5a620d5c
2026-07-17 17:02:54,359 | INFO | booking-consumer | Event collected | batch=10/10 | partition=3 | offset=2003 | event_id=e1b3aa05-617c-44a1-848d-4f865a7d6d5f
2026-07-17 17:02:54,365 | INFO | booking-consumer | Batch written and offsets committed | records=10 | offsets={3: 2004}
2026-07-17 17:02:54,366 | INFO | booking-consumer | Event collected | batch=1/10 | partition=3 | offset=2004 | event_id=45ad2787-c1e6-4b4b-9812-61fe2e7f4d4c
2026-07-17 17:02:54,366 | INFO | booking-consumer | Event collected | batch=2/10 | partition=3 | offset=2005 | event_id=b84c8608-0e10-41de-b9e0-e57b2a52cbdb
2026-07-17 17:02:54,367 | INFO | booking-consumer | Event collected | batch=3/10 | partition=3 | offset=2006 | event_id=ea95e744-3dd4-4d45-ab07-ab9d5d6e6990
2026-07-17 17:02:54,367 | INFO | booking-consumer | Event collected | batch=4/10 | partition=3 | offset=2007 | event_id=861407d8-831f-4b16-800d-569420dde291
2026-07-17 17:02:54,367 | INFO | booking-consumer | Event collected | batch=5/10 | partition=3 | offset=2008 | event_id=3760452e-a4d2-4852-8c9c-a009bf733523
2026-07-17 17:02:54,368 | INFO | booking-consumer | Event collected | batch=6/10 | partition=3 | offset=2009 | event_id=8d1e748e-d5b2-434f-93ce-82379205d850
2026-07-17 17:02:54,368 | INFO | booking-consumer | Event collected | batch=7/10 | partition=3 | offset=2010 | event_id=16afe75c-f9da-4cec-b93b-1cc77c09b731
2026-07-17 17:02:54,369 | INFO | booking-consumer | Event collected | batch=8/10 | partition=3 | offset=2011 | event_id=9b9e6038-f5fd-4c56-acd4-5e8355b6e295
2026-07-17 17:02:54,369 | INFO | booking-consumer | Event collected | batch=9/10 | partition=3 | offset=2012 | event_id=3ef5f808-5127-433c-bb5c-e0a83507234a
2026-07-17 17:02:54,369 | INFO | booking-consumer | Event collected | batch=10/10 | partition=3 | offset=2013 | event_id=d193e379-f414-4efe-81af-3b02758e6794
2026-07-17 17:02:54,377 | INFO | booking-consumer | Batch written and offsets committed | records=10 | offsets={3: 2014}
2026-07-17 17:02:54,378 | INFO | booking-consumer | Event collected | batch=1/10 | partition=3 | offset=2014 | event_id=5ed10223-a6e0-4d17-8495-8c9e87c3b8db
2026-07-17 17:02:54,378 | INFO | booking-consumer | Event collected | batch=2/10 | partition=3 | offset=2015 | event_id=d4fd82b4-66fc-40e8-b91f-8b390955cafd
2026-07-17 17:02:54,379 | INFO | booking-consumer | Event collected | batch=3/10 | partition=3 | offset=2016 | event_id=9fca33e4-26e5-40a8-8994-8196a17d9a07
2026-07-17 17:02:54,379 | INFO | booking-consumer | Event collected | batch=4/10 | partition=3 | offset=2017 | event_id=6b26c597-a763-4640-92fb-e61dc460bf7f
2026-07-17 17:02:54,379 | INFO | booking-consumer | Event collected | batch=5/10 | partition=3 | offset=2018 | event_id=617611d4-9946-486c-8b99-6e6661366fa4
2026-07-17 17:02:54,380 | INFO | booking-consumer | Event collected | batch=6/10 | partition=3 | offset=2019 | event_id=0a95b06e-4d4e-4730-a402-db12a6bca217
2026-07-17 17:02:54,380 | INFO | booking-consumer | Event collected | batch=7/10 | partition=3 | offset=2020 | event_id=c4895028-29e0-4d05-98c0-98031d4f7386
2026-07-17 17:02:54,380 | INFO | booking-consumer | Event collected | batch=8/10 | partition=3 | offset=2021 | event_id=b473ee6f-6971-45b7-9687-18b314e40c06
2026-07-17 17:02:54,380 | INFO | booking-consumer | Event collected | batch=9/10 | partition=3 | offset=2022 | event_id=a0524367-f8e1-4795-aa41-0dc90c08f8b0
2026-07-17 17:02:54,381 | INFO | booking-consumer | Event collected | batch=10/10 | partition=3 | offset=2023 | event_id=1b671b63-005f-4fc8-8cd5-b6ce2ba3bbf7
2026-07-17 17:02:54,387 | INFO | booking-consumer | Batch written and offsets committed | records=10 | offsets={3: 2024}
2026-07-17 17:02:54,387 | INFO | booking-consumer | Event collected | batch=1/10 | partition=3 | offset=2024 | event_id=35e49c0c-b236-4894-8a30-c0c4fc704d4b
2026-07-17 17:02:54,388 | INFO | booking-consumer | Event collected | batch=2/10 | partition=3 | offset=2025 | event_id=711137cb-b891-4e31-9507-a7d8ccf4c02a
2026-07-17 17:02:54,389 | INFO | booking-consumer | Event collected | batch=3/10 | partition=3 | offset=2026 | event_id=f01891d5-b2ea-4829-8173-b0f2a4445f45
2026-07-17 17:02:54,390 | INFO | booking-consumer | Event collected | batch=4/10 | partition=3 | offset=2027 | event_id=3d7733fd-9f1b-4069-a26a-1df634e92b90
2026-07-17 17:02:54,390 | INFO | booking-consumer | Event collected | batch=5/10 | partition=3 | offset=2028 | event_id=4c70bbb3-fe82-4e9d-804c-f59745fcde55
2026-07-17 17:02:54,391 | INFO | booking-consumer | Event collected | batch=6/10 | partition=3 | offset=2029 | event_id=5642a1e2-3d43-41a5-8724-b40f14512f97
2026-07-17 17:02:54,392 | INFO | booking-consumer | Event collected | batch=7/10 | partition=3 | offset=2030 | event_id=e7b841bd-c09f-451c-920e-8e8a83632dc4
2026-07-17 17:02:54,392 | INFO | booking-consumer | Event collected | batch=8/10 | partition=3 | offset=2031 | event_id=766f0895-f487-4026-bf68-99247d6cbdb5
2026-07-17 17:02:54,393 | INFO | booking-consumer | Event collected | batch=9/10 | partition=3 | offset=2032 | event_id=73498d38-2072-4bb6-bfac-8020a51e12cb
2026-07-17 17:02:54,393 | INFO | booking-consumer | Event collected | batch=10/10 | partition=3 | offset=2033 | event_id=a7d00f87-3645-489d-9ebd-25f49a4bf176
2026-07-17 17:02:54,399 | INFO | booking-consumer | Batch written and offsets committed | records=10 | offsets={3: 2034}
2026-07-17 17:02:54,399 | INFO | booking-consumer | Event collected | batch=1/10 | partition=3 | offset=2034 | event_id=fb02f178-9643-4aeb-8a70-ee7641080489
2026-07-17 17:02:54,399 | INFO | booking-consumer | Event collected | batch=2/10 | partition=3 | offset=2035 | event_id=269ffa27-f3ea-4c85-8513-f1d12c4598d7
2026-07-17 17:02:54,400 | INFO | booking-consumer | Event collected | batch=3/10 | partition=3 | offset=2036 | event_id=c7d39c9a-60b7-4659-b98d-7cab8af9bff8
2026-07-17 17:02:54,401 | INFO | booking-consumer | Event collected | batch=4/10 | partition=3 | offset=2037 | event_id=71617f62-9b3c-4fc5-8e31-e4c1e5fea0d5
2026-07-17 17:02:54,401 | INFO | booking-consumer | Event collected | batch=5/10 | partition=3 | offset=2038 | event_id=d9db7e55-5b91-4d52-88c5-4205c6674e9e
2026-07-17 17:02:54,401 | INFO | booking-consumer | Event collected | batch=6/10 | partition=3 | offset=2039 | event_id=2b566804-d22f-41f3-8149-02424b3fdfd4
2026-07-17 17:02:54,401 | INFO | booking-consumer | Event collected | batch=7/10 | partition=3 | offset=2040 | event_id=b5194c18-abb2-467b-9a01-388ada368ed3
2026-07-17 17:02:54,401 | INFO | booking-consumer | Event collected | batch=8/10 | partition=3 | offset=2041 | event_id=a8acaeb0-2e3f-4a1e-b4e1-acdb8ffda891
2026-07-17 17:02:54,402 | INFO | booking-consumer | Event collected | batch=9/10 | partition=3 | offset=2042 | event_id=b6aee229-8e39-49d2-96e2-6371e1470684
2026-07-17 17:02:54,403 | INFO | booking-consumer | Event collected | batch=10/10 | partition=3 | offset=2043 | event_id=08a417f7-2983-4ce3-8d3e-eb85b60617a8
2026-07-17 17:02:54,410 | INFO | booking-consumer | Batch written and offsets committed | records=10 | offsets={3: 2044}
2026-07-17 17:02:54,411 | INFO | booking-consumer | Event collected | batch=1/10 | partition=3 | offset=2044 | event_id=60de23aa-1fb3-4de8-8e85-4838e87fa8ea
2026-07-17 17:02:54,411 | INFO | booking-consumer | Event collected | batch=2/10 | partition=3 | offset=2045 | event_id=3e938aee-ad8c-41d0-80e5-77e4bac4e8c1
2026-07-17 17:02:54,411 | INFO | booking-consumer | Event collected | batch=3/10 | partition=3 | offset=2046 | event_id=28d2522c-9226-4d31-bb35-c74f7603903d
2026-07-17 17:02:54,412 | INFO | booking-consumer | Event collected | batch=4/10 | partition=3 | offset=2047 | event_id=37520145-4f6b-4efa-88bf-b7c779f4f38f
2026-07-17 17:02:54,413 | INFO | booking-consumer | Event collected | batch=5/10 | partition=3 | offset=2048 | event_id=7c46c915-da68-4275-9442-5fb2734a52e5
2026-07-17 17:02:54,413 | INFO | booking-consumer | Event collected | batch=6/10 | partition=3 | offset=2049 | event_id=2b54fa63-1e46-44c6-9cb4-c79e1c5da986
2026-07-17 17:02:54,414 | INFO | booking-consumer | Event collected | batch=7/10 | partition=3 | offset=2050 | event_id=fdaa6855-dea8-4b5f-9fe7-4afa2c18e620
2026-07-17 17:02:54,414 | INFO | booking-consumer | Event collected | batch=8/10 | partition=3 | offset=2051 | event_id=6118bd43-dfbf-48a0-9e28-6031dc655c20
2026-07-17 17:02:54,414 | INFO | booking-consumer | Event collected | batch=9/10 | partition=3 | offset=2052 | event_id=d187b226-dd83-4631-be2d-9e72276acafe
2026-07-17 17:02:54,415 | INFO | booking-consumer | Event collected | batch=10/10 | partition=3 | offset=2053 | event_id=c3c35b2b-5e28-4263-b50f-e9fc03df9e62
2026-07-17 17:02:54,421 | INFO | booking-consumer | Batch written and offsets committed | records=10 | offsets={3: 2054}
2026-07-17 17:02:54,422 | INFO | booking-consumer | Event collected | batch=1/10 | partition=3 | offset=2054 | event_id=a7ef43f4-498c-4244-80ac-5e94ae28adb7
2026-07-17 17:02:54,423 | INFO | booking-consumer | Event collected | batch=2/10 | partition=3 | offset=2055 | event_id=eacad0a3-3473-4322-86cd-39af48c826dd
2026-07-17 17:02:54,424 | INFO | booking-consumer | Event collected | batch=3/10 | partition=3 | offset=2056 | event_id=536ba284-eb42-4783-92b9-2927be07998a
2026-07-17 17:02:54,425 | INFO | booking-consumer | Event collected | batch=4/10 | partition=3 | offset=2057 | event_id=695655aa-863d-484a-af9f-f7f1a08409ef
2026-07-17 17:02:54,425 | INFO | booking-consumer | Event collected | batch=5/10 | partition=3 | offset=2058 | event_id=e2a01e2a-e6c4-42b2-9a56-498f8b1c3ff3
2026-07-17 17:02:54,426 | INFO | booking-consumer | Event collected | batch=6/10 | partition=3 | offset=2059 | event_id=586e8781-a87c-40fa-bb8f-a54c1492bafc
2026-07-17 17:02:54,427 | INFO | booking-consumer | Event collected | batch=7/10 | partition=3 | offset=2060 | event_id=17955a36-1b7d-4ee0-8882-d376b1f9dc29
2026-07-17 17:02:54,427 | INFO | booking-consumer | Event collected | batch=8/10 | partition=3 | offset=2061 | event_id=d1769cc1-a86b-4e1f-a056-4db7cbaf3ad5
2026-07-17 17:02:54,428 | INFO | booking-consumer | Event collected | batch=9/10 | partition=3 | offset=2062 | event_id=6e777332-ad0a-49d7-9645-ce328839e43f
2026-07-17 17:02:54,428 | INFO | booking-consumer | Event collected | batch=10/10 | partition=3 | offset=2063 | event_id=f31735d7-a963-4f69-bfbe-ec13bfb03520
2026-07-17 17:02:54,433 | INFO | booking-consumer | Batch written and offsets committed | records=10 | offsets={3: 2064}
2026-07-17 17:02:54,433 | INFO | booking-consumer | Event collected | batch=1/10 | partition=3 | offset=2064 | event_id=032ca217-3bba-4298-9acf-bd37ea1a53c5
2026-07-17 17:02:54,435 | INFO | booking-consumer | Event collected | batch=2/10 | partition=3 | offset=2065 | event_id=3ec5fedf-1503-477a-82df-42fa77169955
2026-07-17 17:02:54,436 | INFO | booking-consumer | Event collected | batch=3/10 | partition=3 | offset=2066 | event_id=96810f55-9072-4505-a63e-0922a69f0c7f
2026-07-17 17:02:54,436 | INFO | booking-consumer | Event collected | batch=4/10 | partition=3 | offset=2067 | event_id=a3625758-a5cb-4c8f-97c3-b325cc6d27ed
2026-07-17 17:02:54,436 | INFO | booking-consumer | Event collected | batch=5/10 | partition=3 | offset=2068 | event_id=b7b07304-e138-4e8b-be74-6d863a0e9cb8
2026-07-17 17:02:54,436 | INFO | booking-consumer | Event collected | batch=6/10 | partition=3 | offset=2069 | event_id=351bd35a-a520-409b-893b-d4621f1d282f
2026-07-17 17:02:54,437 | INFO | booking-consumer | Event collected | batch=7/10 | partition=3 | offset=2070 | event_id=ef90a8bc-10fd-4f9e-8fa6-40190b283466
2026-07-17 17:02:54,438 | INFO | booking-consumer | Event collected | batch=8/10 | partition=3 | offset=2071 | event_id=78afb95f-1cba-46fe-8348-9cbbb509d8e9
2026-07-17 17:02:54,438 | INFO | booking-consumer | Event collected | batch=9/10 | partition=3 | offset=2072 | event_id=db3e9f0e-5167-4ec2-9e3e-55380315687c
2026-07-17 17:02:54,438 | INFO | booking-consumer | Event collected | batch=10/10 | partition=3 | offset=2073 | event_id=e400be1a-f6f0-4a10-a478-6da8b7f6fe7a
2026-07-17 17:02:54,445 | INFO | booking-consumer | Batch written and offsets committed | records=10 | offsets={3: 2074}
2026-07-17 17:02:54,446 | INFO | booking-consumer | Event collected | batch=1/10 | partition=3 | offset=2074 | event_id=ce3e7851-7e0d-4f3b-9dde-30a86331a237
2026-07-17 17:02:54,446 | INFO | booking-consumer | Event collected | batch=2/10 | partition=3 | offset=2075 | event_id=6a13dca4-3276-450d-9d23-e1ad4303fafe
2026-07-17 17:02:54,447 | INFO | booking-consumer | Event collected | batch=3/10 | partition=3 | offset=2076 | event_id=e1279c7f-d14d-4af7-90a5-88a93696e485
2026-07-17 17:02:54,447 | INFO | booking-consumer | Event collected | batch=4/10 | partition=3 | offset=2077 | event_id=300353b9-84a0-478c-bddd-140f5280a8fb
2026-07-17 17:02:54,447 | INFO | booking-consumer | Event collected | batch=5/10 | partition=3 | offset=2078 | event_id=f5d4fde3-c0e9-491c-991f-05c923f3f098
2026-07-17 17:02:54,448 | INFO | booking-consumer | Event collected | batch=6/10 | partition=3 | offset=2079 | event_id=fde3fb57-5a6c-4e66-8fdd-17acb2df4c47
2026-07-17 17:02:54,448 | INFO | booking-consumer | Event collected | batch=7/10 | partition=3 | offset=2080 | event_id=e7cfc28e-7957-4953-ac14-4ce725eae4f7
2026-07-17 17:02:54,449 | INFO | booking-consumer | Event collected | batch=8/10 | partition=3 | offset=2081 | event_id=2236cc63-a223-4b40-872d-49abd8a37372
2026-07-17 17:02:54,449 | INFO | booking-consumer | Event collected | batch=9/10 | partition=3 | offset=2082 | event_id=576ec181-fcfd-48dc-a461-5d391255ae08
2026-07-17 17:02:54,450 | INFO | booking-consumer | Event collected | batch=10/10 | partition=3 | offset=2083 | event_id=fca321be-734b-4c79-a62b-7d8077e25e0d
2026-07-17 17:02:54,455 | INFO | booking-consumer | Batch written and offsets committed | records=10 | offsets={3: 2084}
2026-07-17 17:02:54,457 | INFO | booking-consumer | Event collected | batch=1/10 | partition=3 | offset=2084 | event_id=7f098d5d-793a-42d5-981c-f6a80da9283c
2026-07-17 17:02:54,457 | INFO | booking-consumer | Event collected | batch=2/10 | partition=3 | offset=2085 | event_id=3ee423ce-f4b0-452c-9c45-98ddcca4b0db
2026-07-17 17:02:54,458 | INFO | booking-consumer | Event collected | batch=3/10 | partition=3 | offset=2086 | event_id=89840cb2-e554-4929-b961-0794ddc4acec
2026-07-17 17:02:54,458 | INFO | booking-consumer | Event collected | batch=4/10 | partition=3 | offset=2087 | event_id=0b16a490-02a9-4aa4-8722-3a4db9e86984
2026-07-17 17:02:54,458 | INFO | booking-consumer | Event collected | batch=5/10 | partition=3 | offset=2088 | event_id=3ca39106-d069-49e8-a42a-3583c887d63f
2026-07-17 17:02:54,459 | INFO | booking-consumer | Event collected | batch=6/10 | partition=3 | offset=2089 | event_id=f809dbf5-36f5-425b-a164-056911acbc8a
2026-07-17 17:02:54,459 | INFO | booking-consumer | Event collected | batch=7/10 | partition=3 | offset=2090 | event_id=9a1c0662-fc64-4e05-a68b-3cd04cd71033
2026-07-17 17:02:54,459 | INFO | booking-consumer | Event collected | batch=8/10 | partition=3 | offset=2091 | event_id=3f9e5b61-a3a8-4f50-b27b-06ace75c3ba7
2026-07-17 17:02:54,460 | INFO | booking-consumer | Event collected | batch=9/10 | partition=3 | offset=2092 | event_id=abc8394a-2049-4a20-857e-d17864a09151
2026-07-17 17:02:54,460 | INFO | booking-consumer | Event collected | batch=10/10 | partition=3 | offset=2093 | event_id=f8fb310a-c345-499f-b1cb-7d3c57159db2
2026-07-17 17:02:54,467 | INFO | booking-consumer | Batch written and offsets committed | records=10 | offsets={3: 2094}
2026-07-17 17:02:54,467 | INFO | booking-consumer | Event collected | batch=1/10 | partition=3 | offset=2094 | event_id=ac24f0a4-ec31-4f25-9837-42118d8d4a1a
2026-07-17 17:02:54,467 | INFO | booking-consumer | Event collected | batch=2/10 | partition=3 | offset=2095 | event_id=be4703cf-0ec8-4eec-bd9a-1fdc0b84b5a1
2026-07-17 17:02:54,468 | INFO | booking-consumer | Event collected | batch=3/10 | partition=3 | offset=2096 | event_id=d44a7591-6949-43a7-a4ad-5ad65e344c06
2026-07-17 17:02:54,469 | INFO | booking-consumer | Event collected | batch=4/10 | partition=3 | offset=2097 | event_id=1d1b194f-d57c-4f3b-b9dd-738ebb6f141c
2026-07-17 17:02:54,469 | INFO | booking-consumer | Event collected | batch=5/10 | partition=3 | offset=2098 | event_id=bfca9ade-33f6-4b35-b281-108d1c315f41
2026-07-17 17:02:54,469 | INFO | booking-consumer | Event collected | batch=6/10 | partition=3 | offset=2099 | event_id=299c87dc-d1fd-4b4f-8635-b8e0f42ba3e0
2026-07-17 17:02:54,470 | INFO | booking-consumer | Event collected | batch=7/10 | partition=3 | offset=2100 | event_id=d33c5b93-daa8-4965-88c2-23d3b9839e69
2026-07-17 17:02:54,470 | INFO | booking-consumer | Event collected | batch=8/10 | partition=3 | offset=2101 | event_id=1c777c2c-e6af-4e76-9d07-0e2c5517b976
2026-07-17 17:02:54,470 | INFO | booking-consumer | Event collected | batch=9/10 | partition=3 | offset=2102 | event_id=6b6949d0-76ad-466c-aa3f-c80d62837911
2026-07-17 17:02:54,471 | INFO | booking-consumer | Event collected | batch=10/10 | partition=3 | offset=2103 | event_id=5c55d767-8be5-493d-a68c-f19b8de9103c
2026-07-17 17:02:54,479 | INFO | booking-consumer | Batch written and offsets committed | records=10 | offsets={3: 2104}
2026-07-17 17:02:54,479 | INFO | booking-consumer | Event collected | batch=1/10 | partition=3 | offset=2104 | event_id=48b1108a-9dd9-4cd8-b66b-ebcd45b4da9f
2026-07-17 17:02:54,481 | INFO | booking-consumer | Event collected | batch=2/10 | partition=3 | offset=2105 | event_id=c2e49c16-4cb5-4fce-8b66-c2df66815858
2026-07-17 17:02:54,481 | INFO | booking-consumer | Event collected | batch=3/10 | partition=3 | offset=2106 | event_id=caee94bc-64e5-4a62-a521-4237c11e1c88
2026-07-17 17:02:54,482 | INFO | booking-consumer | Event collected | batch=4/10 | partition=3 | offset=2107 | event_id=74ade637-f42a-46d9-a633-c8dc855560fa
2026-07-17 17:02:54,482 | INFO | booking-consumer | Event collected | batch=5/10 | partition=3 | offset=2108 | event_id=ab3a0325-1c55-40f1-ad62-e76c46f720a0
2026-07-17 17:02:54,482 | INFO | booking-consumer | Event collected | batch=6/10 | partition=3 | offset=2109 | event_id=43b874c8-3b93-44a4-9973-0e9273d4fd8e
2026-07-17 17:02:54,483 | INFO | booking-consumer | Event collected | batch=7/10 | partition=3 | offset=2110 | event_id=84033063-9c4a-42e4-853c-e542a18a463f
2026-07-17 17:02:54,483 | INFO | booking-consumer | Event collected | batch=8/10 | partition=3 | offset=2111 | event_id=b2cdd6c3-1cbe-45ee-8a5c-a8f32180e2ff
2026-07-17 17:02:54,484 | INFO | booking-consumer | Event collected | batch=9/10 | partition=3 | offset=2112 | event_id=02b45000-2cae-4d17-8c7c-7507a2eed5ff
2026-07-17 17:02:54,485 | INFO | booking-consumer | Event collected | batch=10/10 | partition=3 | offset=2113 | event_id=2dd96cb3-b99a-4e61-b0a7-3b3a3373c87b
2026-07-17 17:02:54,491 | INFO | booking-consumer | Batch written and offsets committed | records=10 | offsets={3: 2114}
2026-07-17 17:02:54,493 | INFO | booking-consumer | Event collected | batch=1/10 | partition=3 | offset=2114 | event_id=6abc24b7-39b9-457d-a52d-a907b409bdf4
2026-07-17 17:02:54,493 | INFO | booking-consumer | Event collected | batch=2/10 | partition=3 | offset=2115 | event_id=a7d9c080-f094-4e4a-ba92-246a85f21df8
2026-07-17 17:02:54,494 | INFO | booking-consumer | Event collected | batch=3/10 | partition=3 | offset=2116 | event_id=6a639914-e38d-4f8a-9d16-2feee831a7ef
2026-07-17 17:02:54,494 | INFO | booking-consumer | Event collected | batch=4/10 | partition=3 | offset=2117 | event_id=5ac8794b-d2f1-4e87-a397-b2184b9983ac
2026-07-17 17:02:54,494 | INFO | booking-consumer | Event collected | batch=5/10 | partition=3 | offset=2118 | event_id=13c638e4-b1b7-4733-86cb-51a6011f76ba
2026-07-17 17:02:54,495 | INFO | booking-consumer | Event collected | batch=6/10 | partition=3 | offset=2119 | event_id=6ef7d0d9-a62e-4cc9-aefd-2f3805f834d2
2026-07-17 17:02:54,496 | INFO | booking-consumer | Event collected | batch=7/10 | partition=3 | offset=2120 | event_id=2fa71bda-47fb-4302-8eb7-be5a96e7a015
2026-07-17 17:02:54,496 | INFO | booking-consumer | Event collected | batch=8/10 | partition=3 | offset=2121 | event_id=ed4db1f9-7fe7-4c21-b57d-6ef21fbbb9a7
2026-07-17 17:02:54,497 | INFO | booking-consumer | Event collected | batch=9/10 | partition=3 | offset=2122 | event_id=3a0bc3cf-f9a6-424c-8537-402c7b789430
2026-07-17 17:02:54,497 | INFO | booking-consumer | Event collected | batch=10/10 | partition=3 | offset=2123 | event_id=bbd5d24c-180b-439f-90ac-13b8c054547c
2026-07-17 17:02:54,503 | INFO | booking-consumer | Batch written and offsets committed | records=10 | offsets={3: 2124}
2026-07-17 17:02:54,504 | INFO | booking-consumer | Event collected | batch=1/10 | partition=3 | offset=2124 | event_id=f9426082-483b-4758-b91e-726b4982602a
2026-07-17 17:02:54,504 | INFO | booking-consumer | Event collected | batch=2/10 | partition=3 | offset=2125 | event_id=de08b81d-acae-49dd-b8ac-c7ca8e230ca6
2026-07-17 17:02:54,504 | INFO | booking-consumer | Event collected | batch=3/10 | partition=3 | offset=2126 | event_id=15a2414a-7e4b-42d7-9730-90d600fd7d28
2026-07-17 17:02:54,505 | INFO | booking-consumer | Event collected | batch=4/10 | partition=3 | offset=2127 | event_id=3c4f9978-e538-4272-aa3c-9855d3342d74
2026-07-17 17:02:54,506 | INFO | booking-consumer | Event collected | batch=5/10 | partition=3 | offset=2128 | event_id=f2b82fdb-0728-46b6-b064-2ef09631515c
2026-07-17 17:02:54,506 | INFO | booking-consumer | Event collected | batch=6/10 | partition=3 | offset=2129 | event_id=5ad39d14-ad88-4bfe-8b1a-ed1ec929f4ec
2026-07-17 17:02:54,507 | INFO | booking-consumer | Event collected | batch=7/10 | partition=3 | offset=2130 | event_id=85ec0b96-81b8-4c53-b5ef-394523ab8759
2026-07-17 17:02:54,508 | INFO | booking-consumer | Event collected | batch=8/10 | partition=3 | offset=2131 | event_id=6206fd27-f7e5-467b-bbd7-12c160da3071
2026-07-17 17:02:54,508 | INFO | booking-consumer | Event collected | batch=9/10 | partition=3 | offset=2132 | event_id=978a1db0-99a3-455b-b344-3a0055b646d1
2026-07-17 17:02:54,509 | INFO | booking-consumer | Event collected | batch=10/10 | partition=3 | offset=2133 | event_id=69225307-5da9-4c56-8650-2eb670a858da
2026-07-17 17:02:54,515 | INFO | booking-consumer | Batch written and offsets committed | records=10 | offsets={3: 2134}
2026-07-17 17:02:54,516 | INFO | booking-consumer | Event collected | batch=1/10 | partition=3 | offset=2134 | event_id=16c2f2c4-d285-482f-8543-d3110d46f7cb
2026-07-17 17:02:54,516 | INFO | booking-consumer | Event collected | batch=2/10 | partition=3 | offset=2135 | event_id=4057e3ba-896d-4a81-9ed9-0ffb51128cd3
2026-07-17 17:02:54,517 | INFO | booking-consumer | Event collected | batch=3/10 | partition=3 | offset=2136 | event_id=c64a5425-f498-44e4-b6fe-f01edacacb38
2026-07-17 17:02:54,517 | INFO | booking-consumer | Event collected | batch=4/10 | partition=3 | offset=2137 | event_id=01c90da3-e616-49c7-90dd-1b8fdabd180e
2026-07-17 17:02:54,517 | INFO | booking-consumer | Event collected | batch=5/10 | partition=3 | offset=2138 | event_id=3ad7cf42-b067-4d9b-a87c-69f81e055315
2026-07-17 17:02:54,518 | INFO | booking-consumer | Event collected | batch=6/10 | partition=3 | offset=2139 | event_id=8da2702f-47e2-49dd-a31d-e8e84f236ca3
2026-07-17 17:02:54,518 | INFO | booking-consumer | Event collected | batch=7/10 | partition=3 | offset=2140 | event_id=2fe3ce8f-af70-4104-a7ec-c5cac3599934
2026-07-17 17:02:54,519 | INFO | booking-consumer | Event collected | batch=8/10 | partition=3 | offset=2141 | event_id=0e8e0ec8-72c4-416d-b640-adae67664438
2026-07-17 17:02:54,519 | INFO | booking-consumer | Event collected | batch=9/10 | partition=3 | offset=2142 | event_id=10b1337d-b5af-4934-a4f2-df504cbd71eb
2026-07-17 17:02:54,519 | INFO | booking-consumer | Event collected | batch=10/10 | partition=3 | offset=2143 | event_id=71649ae4-fc0b-42cc-b80e-84c0b644a8a1
2026-07-17 17:02:54,527 | INFO | booking-consumer | Batch written and offsets committed | records=10 | offsets={3: 2144}
2026-07-17 17:02:54,529 | INFO | booking-consumer | Event collected | batch=1/10 | partition=3 | offset=2144 | event_id=b4b57baa-58fe-4216-8554-0ec619e66adb
2026-07-17 17:02:54,530 | INFO | booking-consumer | Event collected | batch=2/10 | partition=3 | offset=2145 | event_id=c0af6275-92f0-46d0-abec-aa0ca6ed022f
2026-07-17 17:03:11,075 | INFO | booking-consumer | Consumer shutdown requested
2026-07-17 17:03:11,090 | INFO | booking-consumer | Final partial batch written and committed | records=2 | offsets={3: 2146}
2026-07-17 17:03:11,130 | INFO | booking-consumer | Kafka consumer stopped safely
2026-07-20 22:36:02,389 | INFO | s3-uploader | File uploaded successfully | local_file=data\bronze\booking_events.jsonl | s3_uri=s3://data-pipeline-southwest/bronze/test/booking_events.jsonl
2026-07-20 22:36:02,412 | INFO | s3-upload-test | S3 upload test passed
2026-07-21 23:22:02,412 | INFO | booking-producer | Southwest Kafka producer started
2026-07-21 23:22:02,417 | INFO | booking-producer | Booking event submitted | count=1 | event_id=5e31f2c0-5330-4007-8fea-6ce9dbfd8867 | booking_id=db5cf459-01e9-43d2-8607-20715a08f149
2026-07-21 23:22:04,418 | INFO | booking-producer | Booking event submitted | count=2 | event_id=22bbe976-2beb-4647-a83b-bcb7825c4fc4 | booking_id=3d5b75b7-cd20-48ca-a4a0-f134214ccca3
2026-07-21 23:22:06,421 | INFO | booking-producer | Booking event submitted | count=3 | event_id=9b8f08b8-bd64-44b2-be33-ccf2e4a9ba6a | booking_id=fe3ba128-42de-4aca-a984-30cd1d0d00b7
2026-07-21 23:22:08,423 | INFO | booking-producer | Booking event submitted | count=4 | event_id=7c55ae1f-876f-4e2c-80b5-83d93de0c1eb | booking_id=bf819b31-0aa2-4745-b723-915791fa0bcb
2026-07-21 23:22:10,424 | INFO | booking-producer | Booking event submitted | count=5 | event_id=731a9aa5-8222-4c08-a6cf-3bd39e6d393c | booking_id=b8f34feb-1bc0-4247-8252-2bbeb29623d7
2026-07-21 23:22:12,425 | INFO | booking-producer | Booking event submitted | count=6 | event_id=5728f8ba-1ed6-45ef-8340-f64512e9adac | booking_id=f9e72471-7228-4a49-ad96-e35b6c7aca02
2026-07-21 23:22:14,427 | INFO | booking-producer | Booking event submitted | count=7 | event_id=8c27f893-4cf9-494c-b66f-c781567370db | booking_id=b21888dd-ac31-433e-8274-d602a19a177c
2026-07-21 23:22:16,429 | INFO | booking-producer | Booking event submitted | count=8 | event_id=f507c833-0a10-4137-8ffd-4a598101c5a0 | booking_id=3907c39a-89b2-4ac1-abf5-521400130e50
2026-07-21 23:22:18,432 | INFO | booking-producer | Booking event submitted | count=9 | event_id=f33c84f1-4d6c-49dd-a6bd-3224ba5df833 | booking_id=40af4a9f-92ed-465b-a22f-824ba06a4cba
2026-07-21 23:22:20,433 | INFO | booking-producer | Booking event submitted | count=10 | event_id=31ba7c09-6f69-4877-bd7d-73399b987e70 | booking_id=ecd4d92d-0ee2-4f64-95d9-535d3d040f8c
2026-07-21 23:22:22,435 | INFO | booking-producer | Booking event submitted | count=11 | event_id=e531cc17-013c-4e6a-a678-22e0f56288d1 | booking_id=d623eb01-8991-4451-8f6e-e4105c9d400e
2026-07-21 23:22:24,436 | INFO | booking-producer | Booking event submitted | count=12 | event_id=d51e2d77-1e17-4df3-9dd0-e5206a0cf4e1 | booking_id=f09fd88c-7c0d-4044-90ab-40c8e5c6ff90
2026-07-21 23:22:26,438 | INFO | booking-producer | Booking event submitted | count=13 | event_id=bdb414ca-a394-4e95-863f-e2f169482174 | booking_id=714324f6-422d-43f3-a5e7-dbc78d2ce80f
2026-07-21 23:22:28,440 | INFO | booking-producer | Booking event submitted | count=14 | event_id=52e61511-5f07-4cad-9fa6-e0c8f54db8b5 | booking_id=ff235718-94df-48c9-a695-363e3501c5ab
2026-07-21 23:22:30,442 | INFO | booking-producer | Booking event submitted | count=15 | event_id=f478f23d-5180-4821-b79e-e8e863a1f516 | booking_id=f9b637c0-aa73-41af-a21b-f61d0826c361
2026-07-21 23:22:31,541 | INFO | booking-producer | Producer shutdown requested
2026-07-21 23:22:41,750 | WARNING | booking-producer | 15 Kafka message(s) were not delivered before shutdown
2026-07-21 23:22:41,751 | INFO | booking-producer | Kafka producer stopped
2026-07-21 23:23:33,693 | INFO | booking-consumer | Southwest booking consumer started | topic=southwest-booking-events | batch_size=10
2026-07-21 23:24:01,424 | INFO | booking-consumer | Consumer shutdown requested
2026-07-21 23:24:01,443 | INFO | booking-consumer | Kafka consumer stopped safely
